Book Title,Summary
Book 1,"Summary of Book 1, providing key insights and themes."
Book 2,"Summary of Book 2, providing key insights and themes."
Book 3,"Summary of Book 3, providing key insights and themes."
Book 4,"Summary of Book 4, providing key insights and themes."
Book 5,"Summary of Book 5, providing key insights and themes."
Book 6,"Summary of Book 6, providing key insights and themes."
Book 7,"Summary of Book 7, providing key insights and themes."
Book 8,"Summary of Book 8, providing key insights and themes."
Book 9,"Summary of Book 9, providing key insights and themes."
Book 10,"Summary of Book 10, providing key insights and themes."
Book 11,"Summary of Book 11, providing key insights and themes."
Book 12,"Summary of Book 12, providing key insights and themes."
Book 13,"Summary of Book 13, providing key insights and themes."
Book 14,"Summary of Book 14, providing key insights and themes."
Book 15,"Summary of Book 15, providing key insights and themes."
Book 16,"Summary of Book 16, providing key insights and themes."
Book 17,"Summary of Book 17, providing key insights and themes."
Book 18,"Summary of Book 18, providing key insights and themes."
Book 19,"Summary of Book 19, providing key insights and themes."
Book 20,"Summary of Book 20, providing key insights and themes."
Book 21,"Summary of Book 21, providing key insights and themes."
Book 22,"Summary of Book 22, providing key insights and themes."
Book 23,"Summary of Book 23, providing key insights and themes."
Book 24,"Summary of Book 24, providing key insights and themes."
Book 25,"Summary of Book 25, providing key insights and themes."
Book 26,"Summary of Book 26, providing key insights and themes."
Book 27,"Summary of Book 27, providing key insights and themes."
Book 28,"Summary of Book 28, providing key insights and themes."
Book 29,"Summary of Book 29, providing key insights and themes."
Book 30,"Summary of Book 30, providing key insights and themes."
Book 31,"Summary of Book 31, providing key insights and themes."
Book 32,"Summary of Book 32, providing key insights and themes."
Book 33,"Summary of Book 33, providing key insights and themes."
Book 34,"Summary of Book 34, providing key insights and themes."
Book 35,"Summary of Book 35, providing key insights and themes."
Book 36,"Summary of Book 36, providing key insights and themes."
Book 37,"Summary of Book 37, providing key insights and themes."
Book 38,"Summary of Book 38, providing key insights and themes."
Book 39,"Summary of Book 39, providing key insights and themes."
Book 40,"Summary of Book 40, providing key insights and themes."
Book 41,"Summary of Book 41, providing key insights and themes."
Book 42,"Summary of Book 42, providing key insights and themes."
Book 43,"Summary of Book 43, providing key insights and themes."
Book 44,"Summary of Book 44, providing key insights and themes."
Book 45,"Summary of Book 45, providing key insights and themes."
Book 46,"Summary of Book 46, providing key insights and themes."
Book 47,"Summary of Book 47, providing key insights and themes."
Book 48,"Summary of Book 48, providing key insights and themes."
Book 49,"Summary of Book 49, providing key insights and themes."
Book 50,"Summary of Book 50, providing key insights and themes."
Book 51,"Summary of Book 51, providing key insights and themes."
Book 52,"Summary of Book 52, providing key insights and themes."
Book 53,"Summary of Book 53, providing key insights and themes."
Book 54,"Summary of Book 54, providing key insights and themes."
Book 55,"Summary of Book 55, providing key insights and themes."
Book 56,"Summary of Book 56, providing key insights and themes."
Book 57,"Summary of Book 57, providing key insights and themes."
Book 58,"Summary of Book 58, providing key insights and themes."
Book 59,"Summary of Book 59, providing key insights and themes."
Book 60,"Summary of Book 60, providing key insights and themes."
Book 61,"Summary of Book 61, providing key insights and themes."
Book 62,"Summary of Book 62, providing key insights and themes."
Book 63,"Summary of Book 63, providing key insights and themes."
Book 64,"Summary of Book 64, providing key insights and themes."
Book 65,"Summary of Book 65, providing key insights and themes."
Book 66,"Summary of Book 66, providing key insights and themes."
Book 67,"Summary of Book 67, providing key insights and themes."
Book 68,"Summary of Book 68, providing key insights and themes."
Book 69,"Summary of Book 69, providing key insights and themes."
Book 70,"Summary of Book 70, providing key insights and themes."
Book 71,"Summary of Book 71, providing key insights and themes."
Book 72,"Summary of Book 72, providing key insights and themes."
Book 73,"Summary of Book 73, providing key insights and themes."
Book 74,"Summary of Book 74, providing key insights and themes."
Book 75,"Summary of Book 75, providing key insights and themes."
Book 76,"Summary of Book 76, providing key insights and themes."
Book 77,"Summary of Book 77, providing key insights and themes."
Book 78,"Summary of Book 78, providing key insights and themes."
Book 79,"Summary of Book 79, providing key insights and themes."
Book 80,"Summary of Book 80, providing key insights and themes."
Book 81,"Summary of Book 81, providing key insights and themes."
Book 82,"Summary of Book 82, providing key insights and themes."
Book 83,"Summary of Book 83, providing key insights and themes."
Book 84,"Summary of Book 84, providing key insights and themes."
Book 85,"Summary of Book 85, providing key insights and themes."
Book 86,"Summary of Book 86, providing key insights and themes."
Book 87,"Summary of Book 87, providing key insights and themes."
Book 88,"Summary of Book 88, providing key insights and themes."
Book 89,"Summary of Book 89, providing key insights and themes."
Book 90,"Summary of Book 90, providing key insights and themes."
Book 91,"Summary of Book 91, providing key insights and themes."
Book 92,"Summary of Book 92, providing key insights and themes."
Book 93,"Summary of Book 93, providing key insights and themes."
Book 94,"Summary of Book 94, providing key insights and themes."
Book 95,"Summary of Book 95, providing key insights and themes."
Book 96,"Summary of Book 96, providing key insights and themes."
Book 97,"Summary of Book 97, providing key insights and themes."
Book 98,"Summary of Book 98, providing key insights and themes."
Book 99,"Summary of Book 99, providing key insights and themes."
Book 100,"Summary of Book 100, providing key insights and themes."
Book 101,"Summary of Book 101, providing key insights and themes."
Book 102,"Summary of Book 102, providing key insights and themes."
Book 103,"Summary of Book 103, providing key insights and themes."
Book 104,"Summary of Book 104, providing key insights and themes."
Book 105,"Summary of Book 105, providing key insights and themes."
Book 106,"Summary of Book 106, providing key insights and themes."
Book 107,"Summary of Book 107, providing key insights and themes."
Book 108,"Summary of Book 108, providing key insights and themes."
Book 109,"Summary of Book 109, providing key insights and themes."
Book 110,"Summary of Book 110, providing key insights and themes."
Book 111,"Summary of Book 111, providing key insights and themes."
Book 112,"Summary of Book 112, providing key insights and themes."
Book 113,"Summary of Book 113, providing key insights and themes."
Book 114,"Summary of Book 114, providing key insights and themes."
Book 115,"Summary of Book 115, providing key insights and themes."
Book 116,"Summary of Book 116, providing key insights and themes."
Book 117,"Summary of Book 117, providing key insights and themes."
Book 118,"Summary of Book 118, providing key insights and themes."
Book 119,"Summary of Book 119, providing key insights and themes."
Book 120,"Summary of Book 120, providing key insights and themes."
Book 121,"Summary of Book 121, providing key insights and themes."
Book 122,"Summary of Book 122, providing key insights and themes."
Book 123,"Summary of Book 123, providing key insights and themes."
Book 124,"Summary of Book 124, providing key insights and themes."
Book 125,"Summary of Book 125, providing key insights and themes."
Book 126,"Summary of Book 126, providing key insights and themes."
Book 127,"Summary of Book 127, providing key insights and themes."
Book 128,"Summary of Book 128, providing key insights and themes."
Book 129,"Summary of Book 129, providing key insights and themes."
Book 130,"Summary of Book 130, providing key insights and themes."
Book 131,"Summary of Book 131, providing key insights and themes."
Book 132,"Summary of Book 132, providing key insights and themes."
Book 133,"Summary of Book 133, providing key insights and themes."
Book 134,"Summary of Book 134, providing key insights and themes."
Book 135,"Summary of Book 135, providing key insights and themes."
Book 136,"Summary of Book 136, providing key insights and themes."
Book 137,"Summary of Book 137, providing key insights and themes."
Book 138,"Summary of Book 138, providing key insights and themes."
Book 139,"Summary of Book 139, providing key insights and themes."
Book 140,"Summary of Book 140, providing key insights and themes."
Book 141,"Summary of Book 141, providing key insights and themes."
Book 142,"Summary of Book 142, providing key insights and themes."
Book 143,"Summary of Book 143, providing key insights and themes."
Book 144,"Summary of Book 144, providing key insights and themes."
Book 145,"Summary of Book 145, providing key insights and themes."
Book 146,"Summary of Book 146, providing key insights and themes."
Book 147,"Summary of Book 147, providing key insights and themes."
Book 148,"Summary of Book 148, providing key insights and themes."
Book 149,"Summary of Book 149, providing key insights and themes."
Book 150,"Summary of Book 150, providing key insights and themes."
Book 151,"Summary of Book 151, providing key insights and themes."
Book 152,"Summary of Book 152, providing key insights and themes."
Book 153,"Summary of Book 153, providing key insights and themes."
Book 154,"Summary of Book 154, providing key insights and themes."
Book 155,"Summary of Book 155, providing key insights and themes."
Book 156,"Summary of Book 156, providing key insights and themes."
Book 157,"Summary of Book 157, providing key insights and themes."
Book 158,"Summary of Book 158, providing key insights and themes."
Book 159,"Summary of Book 159, providing key insights and themes."
Book 160,"Summary of Book 160, providing key insights and themes."
Book 161,"Summary of Book 161, providing key insights and themes."
Book 162,"Summary of Book 162, providing key insights and themes."
Book 163,"Summary of Book 163, providing key insights and themes."
Book 164,"Summary of Book 164, providing key insights and themes."
Book 165,"Summary of Book 165, providing key insights and themes."
Book 166,"Summary of Book 166, providing key insights and themes."
Book 167,"Summary of Book 167, providing key insights and themes."
Book 168,"Summary of Book 168, providing key insights and themes."
Book 169,"Summary of Book 169, providing key insights and themes."
Book 170,"Summary of Book 170, providing key insights and themes."
Book 171,"Summary of Book 171, providing key insights and themes."
Book 172,"Summary of Book 172, providing key insights and themes."
Book 173,"Summary of Book 173, providing key insights and themes."
Book 174,"Summary of Book 174, providing key insights and themes."
Book 175,"Summary of Book 175, providing key insights and themes."
Book 176,"Summary of Book 176, providing key insights and themes."
Book 177,"Summary of Book 177, providing key insights and themes."
Book 178,"Summary of Book 178, providing key insights and themes."
Book 179,"Summary of Book 179, providing key insights and themes."
Book 180,"Summary of Book 180, providing key insights and themes."
Book 181,"Summary of Book 181, providing key insights and themes."
Book 182,"Summary of Book 182, providing key insights and themes."
Book 183,"Summary of Book 183, providing key insights and themes."
Book 184,"Summary of Book 184, providing key insights and themes."
Book 185,"Summary of Book 185, providing key insights and themes."
Book 186,"Summary of Book 186, providing key insights and themes."
Book 187,"Summary of Book 187, providing key insights and themes."
Book 188,"Summary of Book 188, providing key insights and themes."
Book 189,"Summary of Book 189, providing key insights and themes."
Book 190,"Summary of Book 190, providing key insights and themes."
Book 191,"Summary of Book 191, providing key insights and themes."
Book 192,"Summary of Book 192, providing key insights and themes."
Book 193,"Summary of Book 193, providing key insights and themes."
Book 194,"Summary of Book 194, providing key insights and themes."
Book 195,"Summary of Book 195, providing key insights and themes."
Book 196,"Summary of Book 196, providing key insights and themes."
Book 197,"Summary of Book 197, providing key insights and themes."
Book 198,"Summary of Book 198, providing key insights and themes."
Book 199,"Summary of Book 199, providing key insights and themes."
Book 200,"Summary of Book 200, providing key insights and themes."
Book 201,"Summary of Book 201, providing key insights and themes."
Book 202,"Summary of Book 202, providing key insights and themes."
Book 203,"Summary of Book 203, providing key insights and themes."
Book 204,"Summary of Book 204, providing key insights and themes."
Book 205,"Summary of Book 205, providing key insights and themes."
Book 206,"Summary of Book 206, providing key insights and themes."
Book 207,"Summary of Book 207, providing key insights and themes."
Book 208,"Summary of Book 208, providing key insights and themes."
Book 209,"Summary of Book 209, providing key insights and themes."
Book 210,"Summary of Book 210, providing key insights and themes."
Book 211,"Summary of Book 211, providing key insights and themes."
Book 212,"Summary of Book 212, providing key insights and themes."
Book 213,"Summary of Book 213, providing key insights and themes."
Book 214,"Summary of Book 214, providing key insights and themes."
Book 215,"Summary of Book 215, providing key insights and themes."
Book 216,"Summary of Book 216, providing key insights and themes."
Book 217,"Summary of Book 217, providing key insights and themes."
Book 218,"Summary of Book 218, providing key insights and themes."
Book 219,"Summary of Book 219, providing key insights and themes."
Book 220,"Summary of Book 220, providing key insights and themes."
Book 221,"Summary of Book 221, providing key insights and themes."
Book 222,"Summary of Book 222, providing key insights and themes."
Book 223,"Summary of Book 223, providing key insights and themes."
Book 224,"Summary of Book 224, providing key insights and themes."
Book 225,"Summary of Book 225, providing key insights and themes."
Book 226,"Summary of Book 226, providing key insights and themes."
Book 227,"Summary of Book 227, providing key insights and themes."
Book 228,"Summary of Book 228, providing key insights and themes."
Book 229,"Summary of Book 229, providing key insights and themes."
Book 230,"Summary of Book 230, providing key insights and themes."
Book 231,"Summary of Book 231, providing key insights and themes."
Book 232,"Summary of Book 232, providing key insights and themes."
Book 233,"Summary of Book 233, providing key insights and themes."
Book 234,"Summary of Book 234, providing key insights and themes."
Book 235,"Summary of Book 235, providing key insights and themes."
Book 236,"Summary of Book 236, providing key insights and themes."
Book 237,"Summary of Book 237, providing key insights and themes."
Book 238,"Summary of Book 238, providing key insights and themes."
Book 239,"Summary of Book 239, providing key insights and themes."
Book 240,"Summary of Book 240, providing key insights and themes."
Book 241,"Summary of Book 241, providing key insights and themes."
Book 242,"Summary of Book 242, providing key insights and themes."
Book 243,"Summary of Book 243, providing key insights and themes."
Book 244,"Summary of Book 244, providing key insights and themes."
Book 245,"Summary of Book 245, providing key insights and themes."
Book 246,"Summary of Book 246, providing key insights and themes."
Book 247,"Summary of Book 247, providing key insights and themes."
Book 248,"Summary of Book 248, providing key insights and themes."
Book 249,"Summary of Book 249, providing key insights and themes."
Book 250,"Summary of Book 250, providing key insights and themes."
Book 251,"Summary of Book 251, providing key insights and themes."
Book 252,"Summary of Book 252, providing key insights and themes."
Book 253,"Summary of Book 253, providing key insights and themes."
Book 254,"Summary of Book 254, providing key insights and themes."
Book 255,"Summary of Book 255, providing key insights and themes."
Book 256,"Summary of Book 256, providing key insights and themes."
Book 257,"Summary of Book 257, providing key insights and themes."
Book 258,"Summary of Book 258, providing key insights and themes."
Book 259,"Summary of Book 259, providing key insights and themes."
Book 260,"Summary of Book 260, providing key insights and themes."
Book 261,"Summary of Book 261, providing key insights and themes."
Book 262,"Summary of Book 262, providing key insights and themes."
Book 263,"Summary of Book 263, providing key insights and themes."
Book 264,"Summary of Book 264, providing key insights and themes."
Book 265,"Summary of Book 265, providing key insights and themes."
Book 266,"Summary of Book 266, providing key insights and themes."
Book 267,"Summary of Book 267, providing key insights and themes."
Book 268,"Summary of Book 268, providing key insights and themes."
Book 269,"Summary of Book 269, providing key insights and themes."
Book 270,"Summary of Book 270, providing key insights and themes."
Book 271,"Summary of Book 271, providing key insights and themes."
Book 272,"Summary of Book 272, providing key insights and themes."
Book 273,"Summary of Book 273, providing key insights and themes."
Book 274,"Summary of Book 274, providing key insights and themes."
Book 275,"Summary of Book 275, providing key insights and themes."
Book 276,"Summary of Book 276, providing key insights and themes."
Book 277,"Summary of Book 277, providing key insights and themes."
Book 278,"Summary of Book 278, providing key insights and themes."
Book 279,"Summary of Book 279, providing key insights and themes."
Book 280,"Summary of Book 280, providing key insights and themes."
Book 281,"Summary of Book 281, providing key insights and themes."
Book 282,"Summary of Book 282, providing key insights and themes."
Book 283,"Summary of Book 283, providing key insights and themes."
Book 284,"Summary of Book 284, providing key insights and themes."
Book 285,"Summary of Book 285, providing key insights and themes."
Book 286,"Summary of Book 286, providing key insights and themes."
Book 287,"Summary of Book 287, providing key insights and themes."
Book 288,"Summary of Book 288, providing key insights and themes."
Book 289,"Summary of Book 289, providing key insights and themes."
Book 290,"Summary of Book 290, providing key insights and themes."
Book 291,"Summary of Book 291, providing key insights and themes."
Book 292,"Summary of Book 292, providing key insights and themes."
Book 293,"Summary of Book 293, providing key insights and themes."
Book 294,"Summary of Book 294, providing key insights and themes."
Book 295,"Summary of Book 295, providing key insights and themes."
Book 296,"Summary of Book 296, providing key insights and themes."
Book 297,"Summary of Book 297, providing key insights and themes."
Book 298,"Summary of Book 298, providing key insights and themes."
Book 299,"Summary of Book 299, providing key insights and themes."
Book 300,"Summary of Book 300, providing key insights and themes."
Book 301,"Summary of Book 301, providing key insights and themes."
Book 302,"Summary of Book 302, providing key insights and themes."
Book 303,"Summary of Book 303, providing key insights and themes."
Book 304,"Summary of Book 304, providing key insights and themes."
Book 305,"Summary of Book 305, providing key insights and themes."
Book 306,"Summary of Book 306, providing key insights and themes."
Book 307,"Summary of Book 307, providing key insights and themes."
Book 308,"Summary of Book 308, providing key insights and themes."
Book 309,"Summary of Book 309, providing key insights and themes."
Book 310,"Summary of Book 310, providing key insights and themes."
Book 311,"Summary of Book 311, providing key insights and themes."
Book 312,"Summary of Book 312, providing key insights and themes."
Book 313,"Summary of Book 313, providing key insights and themes."
Book 314,"Summary of Book 314, providing key insights and themes."
Book 315,"Summary of Book 315, providing key insights and themes."
Book 316,"Summary of Book 316, providing key insights and themes."
Book 317,"Summary of Book 317, providing key insights and themes."
Book 318,"Summary of Book 318, providing key insights and themes."
Book 319,"Summary of Book 319, providing key insights and themes."
Book 320,"Summary of Book 320, providing key insights and themes."
Book 321,"Summary of Book 321, providing key insights and themes."
Book 322,"Summary of Book 322, providing key insights and themes."
Book 323,"Summary of Book 323, providing key insights and themes."
Book 324,"Summary of Book 324, providing key insights and themes."
Book 325,"Summary of Book 325, providing key insights and themes."
Book 326,"Summary of Book 326, providing key insights and themes."
Book 327,"Summary of Book 327, providing key insights and themes."
Book 328,"Summary of Book 328, providing key insights and themes."
Book 329,"Summary of Book 329, providing key insights and themes."
Book 330,"Summary of Book 330, providing key insights and themes."
Book 331,"Summary of Book 331, providing key insights and themes."
Book 332,"Summary of Book 332, providing key insights and themes."
Book 333,"Summary of Book 333, providing key insights and themes."
Book 334,"Summary of Book 334, providing key insights and themes."
Book 335,"Summary of Book 335, providing key insights and themes."
Book 336,"Summary of Book 336, providing key insights and themes."
Book 337,"Summary of Book 337, providing key insights and themes."
Book 338,"Summary of Book 338, providing key insights and themes."
Book 339,"Summary of Book 339, providing key insights and themes."
Book 340,"Summary of Book 340, providing key insights and themes."
Book 341,"Summary of Book 341, providing key insights and themes."
Book 342,"Summary of Book 342, providing key insights and themes."
Book 343,"Summary of Book 343, providing key insights and themes."
Book 344,"Summary of Book 344, providing key insights and themes."
Book 345,"Summary of Book 345, providing key insights and themes."
Book 346,"Summary of Book 346, providing key insights and themes."
Book 347,"Summary of Book 347, providing key insights and themes."
Book 348,"Summary of Book 348, providing key insights and themes."
Book 349,"Summary of Book 349, providing key insights and themes."
Book 350,"Summary of Book 350, providing key insights and themes."
Book 351,"Summary of Book 351, providing key insights and themes."
Book 352,"Summary of Book 352, providing key insights and themes."
Book 353,"Summary of Book 353, providing key insights and themes."
Book 354,"Summary of Book 354, providing key insights and themes."
Book 355,"Summary of Book 355, providing key insights and themes."
Book 356,"Summary of Book 356, providing key insights and themes."
Book 357,"Summary of Book 357, providing key insights and themes."
Book 358,"Summary of Book 358, providing key insights and themes."
Book 359,"Summary of Book 359, providing key insights and themes."
Book 360,"Summary of Book 360, providing key insights and themes."
Book 361,"Summary of Book 361, providing key insights and themes."
Book 362,"Summary of Book 362, providing key insights and themes."
Book 363,"Summary of Book 363, providing key insights and themes."
Book 364,"Summary of Book 364, providing key insights and themes."
Book 365,"Summary of Book 365, providing key insights and themes."
Book 366,"Summary of Book 366, providing key insights and themes."
Book 367,"Summary of Book 367, providing key insights and themes."
Book 368,"Summary of Book 368, providing key insights and themes."
Book 369,"Summary of Book 369, providing key insights and themes."
Book 370,"Summary of Book 370, providing key insights and themes."
Book 371,"Summary of Book 371, providing key insights and themes."
Book 372,"Summary of Book 372, providing key insights and themes."
Book 373,"Summary of Book 373, providing key insights and themes."
Book 374,"Summary of Book 374, providing key insights and themes."
Book 375,"Summary of Book 375, providing key insights and themes."
Book 376,"Summary of Book 376, providing key insights and themes."
Book 377,"Summary of Book 377, providing key insights and themes."
Book 378,"Summary of Book 378, providing key insights and themes."
Book 379,"Summary of Book 379, providing key insights and themes."
Book 380,"Summary of Book 380, providing key insights and themes."
Book 381,"Summary of Book 381, providing key insights and themes."
Book 382,"Summary of Book 382, providing key insights and themes."
Book 383,"Summary of Book 383, providing key insights and themes."
Book 384,"Summary of Book 384, providing key insights and themes."
Book 385,"Summary of Book 385, providing key insights and themes."
Book 386,"Summary of Book 386, providing key insights and themes."
Book 387,"Summary of Book 387, providing key insights and themes."
Book 388,"Summary of Book 388, providing key insights and themes."
Book 389,"Summary of Book 389, providing key insights and themes."
Book 390,"Summary of Book 390, providing key insights and themes."
Book 391,"Summary of Book 391, providing key insights and themes."
Book 392,"Summary of Book 392, providing key insights and themes."
Book 393,"Summary of Book 393, providing key insights and themes."
Book 394,"Summary of Book 394, providing key insights and themes."
Book 395,"Summary of Book 395, providing key insights and themes."
Book 396,"Summary of Book 396, providing key insights and themes."
Book 397,"Summary of Book 397, providing key insights and themes."
Book 398,"Summary of Book 398, providing key insights and themes."
Book 399,"Summary of Book 399, providing key insights and themes."
Book 400,"Summary of Book 400, providing key insights and themes."
Book 401,"Summary of Book 401, providing key insights and themes."
Book 402,"Summary of Book 402, providing key insights and themes."
Book 403,"Summary of Book 403, providing key insights and themes."
Book 404,"Summary of Book 404, providing key insights and themes."
Book 405,"Summary of Book 405, providing key insights and themes."
Book 406,"Summary of Book 406, providing key insights and themes."
Book 407,"Summary of Book 407, providing key insights and themes."
Book 408,"Summary of Book 408, providing key insights and themes."
Book 409,"Summary of Book 409, providing key insights and themes."
Book 410,"Summary of Book 410, providing key insights and themes."
Book 411,"Summary of Book 411, providing key insights and themes."
Book 412,"Summary of Book 412, providing key insights and themes."
Book 413,"Summary of Book 413, providing key insights and themes."
Book 414,"Summary of Book 414, providing key insights and themes."
Book 415,"Summary of Book 415, providing key insights and themes."
Book 416,"Summary of Book 416, providing key insights and themes."
Book 417,"Summary of Book 417, providing key insights and themes."
Book 418,"Summary of Book 418, providing key insights and themes."
Book 419,"Summary of Book 419, providing key insights and themes."
Book 420,"Summary of Book 420, providing key insights and themes."
Book 421,"Summary of Book 421, providing key insights and themes."
Book 422,"Summary of Book 422, providing key insights and themes."
Book 423,"Summary of Book 423, providing key insights and themes."
Book 424,"Summary of Book 424, providing key insights and themes."
Book 425,"Summary of Book 425, providing key insights and themes."
Book 426,"Summary of Book 426, providing key insights and themes."
Book 427,"Summary of Book 427, providing key insights and themes."
Book 428,"Summary of Book 428, providing key insights and themes."
Book 429,"Summary of Book 429, providing key insights and themes."
Book 430,"Summary of Book 430, providing key insights and themes."
Book 431,"Summary of Book 431, providing key insights and themes."
Book 432,"Summary of Book 432, providing key insights and themes."
Book 433,"Summary of Book 433, providing key insights and themes."
Book 434,"Summary of Book 434, providing key insights and themes."
Book 435,"Summary of Book 435, providing key insights and themes."
Book 436,"Summary of Book 436, providing key insights and themes."
Book 437,"Summary of Book 437, providing key insights and themes."
Book 438,"Summary of Book 438, providing key insights and themes."
Book 439,"Summary of Book 439, providing key insights and themes."
Book 440,"Summary of Book 440, providing key insights and themes."
Book 441,"Summary of Book 441, providing key insights and themes."
Book 442,"Summary of Book 442, providing key insights and themes."
Book 443,"Summary of Book 443, providing key insights and themes."
Book 444,"Summary of Book 444, providing key insights and themes."
Book 445,"Summary of Book 445, providing key insights and themes."
Book 446,"Summary of Book 446, providing key insights and themes."
Book 447,"Summary of Book 447, providing key insights and themes."
Book 448,"Summary of Book 448, providing key insights and themes."
Book 449,"Summary of Book 449, providing key insights and themes."
Book 450,"Summary of Book 450, providing key insights and themes."
Book 451,"Summary of Book 451, providing key insights and themes."
Book 452,"Summary of Book 452, providing key insights and themes."
Book 453,"Summary of Book 453, providing key insights and themes."
Book 454,"Summary of Book 454, providing key insights and themes."
Book 455,"Summary of Book 455, providing key insights and themes."
Book 456,"Summary of Book 456, providing key insights and themes."
Book 457,"Summary of Book 457, providing key insights and themes."
Book 458,"Summary of Book 458, providing key insights and themes."
Book 459,"Summary of Book 459, providing key insights and themes."
Book 460,"Summary of Book 460, providing key insights and themes."
Book 461,"Summary of Book 461, providing key insights and themes."
Book 462,"Summary of Book 462, providing key insights and themes."
Book 463,"Summary of Book 463, providing key insights and themes."
Book 464,"Summary of Book 464, providing key insights and themes."
Book 465,"Summary of Book 465, providing key insights and themes."
Book 466,"Summary of Book 466, providing key insights and themes."
Book 467,"Summary of Book 467, providing key insights and themes."
Book 468,"Summary of Book 468, providing key insights and themes."
Book 469,"Summary of Book 469, providing key insights and themes."
Book 470,"Summary of Book 470, providing key insights and themes."
Book 471,"Summary of Book 471, providing key insights and themes."
Book 472,"Summary of Book 472, providing key insights and themes."
Book 473,"Summary of Book 473, providing key insights and themes."
Book 474,"Summary of Book 474, providing key insights and themes."
Book 475,"Summary of Book 475, providing key insights and themes."
Book 476,"Summary of Book 476, providing key insights and themes."
Book 477,"Summary of Book 477, providing key insights and themes."
Book 478,"Summary of Book 478, providing key insights and themes."
Book 479,"Summary of Book 479, providing key insights and themes."
Book 480,"Summary of Book 480, providing key insights and themes."
Book 481,"Summary of Book 481, providing key insights and themes."
Book 482,"Summary of Book 482, providing key insights and themes."
Book 483,"Summary of Book 483, providing key insights and themes."
Book 484,"Summary of Book 484, providing key insights and themes."
Book 485,"Summary of Book 485, providing key insights and themes."
Book 486,"Summary of Book 486, providing key insights and themes."
Book 487,"Summary of Book 487, providing key insights and themes."
Book 488,"Summary of Book 488, providing key insights and themes."
Book 489,"Summary of Book 489, providing key insights and themes."
Book 490,"Summary of Book 490, providing key insights and themes."
Book 491,"Summary of Book 491, providing key insights and themes."
Book 492,"Summary of Book 492, providing key insights and themes."
Book 493,"Summary of Book 493, providing key insights and themes."
Book 494,"Summary of Book 494, providing key insights and themes."
Book 495,"Summary of Book 495, providing key insights and themes."
Book 496,"Summary of Book 496, providing key insights and themes."
Book 497,"Summary of Book 497, providing key insights and themes."
Book 498,"Summary of Book 498, providing key insights and themes."
Book 499,"Summary of Book 499, providing key insights and themes."
Book 500,"Summary of Book 500, providing key insights and themes."
Book 501,"Summary of Book 501, providing key insights and themes."
Book 502,"Summary of Book 502, providing key insights and themes."
Book 503,"Summary of Book 503, providing key insights and themes."
Book 504,"Summary of Book 504, providing key insights and themes."
Book 505,"Summary of Book 505, providing key insights and themes."
Book 506,"Summary of Book 506, providing key insights and themes."
Book 507,"Summary of Book 507, providing key insights and themes."
Book 508,"Summary of Book 508, providing key insights and themes."
Book 509,"Summary of Book 509, providing key insights and themes."
Book 510,"Summary of Book 510, providing key insights and themes."
Book 511,"Summary of Book 511, providing key insights and themes."
Book 512,"Summary of Book 512, providing key insights and themes."
Book 513,"Summary of Book 513, providing key insights and themes."
Book 514,"Summary of Book 514, providing key insights and themes."
Book 515,"Summary of Book 515, providing key insights and themes."
Book 516,"Summary of Book 516, providing key insights and themes."
Book 517,"Summary of Book 517, providing key insights and themes."
Book 518,"Summary of Book 518, providing key insights and themes."
Book 519,"Summary of Book 519, providing key insights and themes."
Book 520,"Summary of Book 520, providing key insights and themes."
Book 521,"Summary of Book 521, providing key insights and themes."
Book 522,"Summary of Book 522, providing key insights and themes."
Book 523,"Summary of Book 523, providing key insights and themes."
Book 524,"Summary of Book 524, providing key insights and themes."
Book 525,"Summary of Book 525, providing key insights and themes."
Book 526,"Summary of Book 526, providing key insights and themes."
Book 527,"Summary of Book 527, providing key insights and themes."
Book 528,"Summary of Book 528, providing key insights and themes."
Book 529,"Summary of Book 529, providing key insights and themes."
Book 530,"Summary of Book 530, providing key insights and themes."
Book 531,"Summary of Book 531, providing key insights and themes."
Book 532,"Summary of Book 532, providing key insights and themes."
Book 533,"Summary of Book 533, providing key insights and themes."
Book 534,"Summary of Book 534, providing key insights and themes."
Book 535,"Summary of Book 535, providing key insights and themes."
Book 536,"Summary of Book 536, providing key insights and themes."
Book 537,"Summary of Book 537, providing key insights and themes."
Book 538,"Summary of Book 538, providing key insights and themes."
Book 539,"Summary of Book 539, providing key insights and themes."
Book 540,"Summary of Book 540, providing key insights and themes."
Book 541,"Summary of Book 541, providing key insights and themes."
Book 542,"Summary of Book 542, providing key insights and themes."
Book 543,"Summary of Book 543, providing key insights and themes."
Book 544,"Summary of Book 544, providing key insights and themes."
Book 545,"Summary of Book 545, providing key insights and themes."
Book 546,"Summary of Book 546, providing key insights and themes."
Book 547,"Summary of Book 547, providing key insights and themes."
Book 548,"Summary of Book 548, providing key insights and themes."
Book 549,"Summary of Book 549, providing key insights and themes."
Book 550,"Summary of Book 550, providing key insights and themes."
Book 551,"Summary of Book 551, providing key insights and themes."
Book 552,"Summary of Book 552, providing key insights and themes."
Book 553,"Summary of Book 553, providing key insights and themes."
Book 554,"Summary of Book 554, providing key insights and themes."
Book 555,"Summary of Book 555, providing key insights and themes."
Book 556,"Summary of Book 556, providing key insights and themes."
Book 557,"Summary of Book 557, providing key insights and themes."
Book 558,"Summary of Book 558, providing key insights and themes."
Book 559,"Summary of Book 559, providing key insights and themes."
Book 560,"Summary of Book 560, providing key insights and themes."
Book 561,"Summary of Book 561, providing key insights and themes."
Book 562,"Summary of Book 562, providing key insights and themes."
Book 563,"Summary of Book 563, providing key insights and themes."
Book 564,"Summary of Book 564, providing key insights and themes."
Book 565,"Summary of Book 565, providing key insights and themes."
Book 566,"Summary of Book 566, providing key insights and themes."
Book 567,"Summary of Book 567, providing key insights and themes."
Book 568,"Summary of Book 568, providing key insights and themes."
Book 569,"Summary of Book 569, providing key insights and themes."
Book 570,"Summary of Book 570, providing key insights and themes."
Book 571,"Summary of Book 571, providing key insights and themes."
Book 572,"Summary of Book 572, providing key insights and themes."
Book 573,"Summary of Book 573, providing key insights and themes."
Book 574,"Summary of Book 574, providing key insights and themes."
Book 575,"Summary of Book 575, providing key insights and themes."
Book 576,"Summary of Book 576, providing key insights and themes."
Book 577,"Summary of Book 577, providing key insights and themes."
Book 578,"Summary of Book 578, providing key insights and themes."
Book 579,"Summary of Book 579, providing key insights and themes."
Book 580,"Summary of Book 580, providing key insights and themes."
Book 581,"Summary of Book 581, providing key insights and themes."
Book 582,"Summary of Book 582, providing key insights and themes."
Book 583,"Summary of Book 583, providing key insights and themes."
Book 584,"Summary of Book 584, providing key insights and themes."
Book 585,"Summary of Book 585, providing key insights and themes."
Book 586,"Summary of Book 586, providing key insights and themes."
Book 587,"Summary of Book 587, providing key insights and themes."
Book 588,"Summary of Book 588, providing key insights and themes."
Book 589,"Summary of Book 589, providing key insights and themes."
Book 590,"Summary of Book 590, providing key insights and themes."
Book 591,"Summary of Book 591, providing key insights and themes."
Book 592,"Summary of Book 592, providing key insights and themes."
Book 593,"Summary of Book 593, providing key insights and themes."
Book 594,"Summary of Book 594, providing key insights and themes."
Book 595,"Summary of Book 595, providing key insights and themes."
Book 596,"Summary of Book 596, providing key insights and themes."
Book 597,"Summary of Book 597, providing key insights and themes."
Book 598,"Summary of Book 598, providing key insights and themes."
Book 599,"Summary of Book 599, providing key insights and themes."
Book 600,"Summary of Book 600, providing key insights and themes."
Book 601,"Summary of Book 601, providing key insights and themes."
Book 602,"Summary of Book 602, providing key insights and themes."
Book 603,"Summary of Book 603, providing key insights and themes."
Book 604,"Summary of Book 604, providing key insights and themes."
Book 605,"Summary of Book 605, providing key insights and themes."
Book 606,"Summary of Book 606, providing key insights and themes."
Book 607,"Summary of Book 607, providing key insights and themes."
Book 608,"Summary of Book 608, providing key insights and themes."
Book 609,"Summary of Book 609, providing key insights and themes."
Book 610,"Summary of Book 610, providing key insights and themes."
Book 611,"Summary of Book 611, providing key insights and themes."
Book 612,"Summary of Book 612, providing key insights and themes."
Book 613,"Summary of Book 613, providing key insights and themes."
Book 614,"Summary of Book 614, providing key insights and themes."
Book 615,"Summary of Book 615, providing key insights and themes."
Book 616,"Summary of Book 616, providing key insights and themes."
Book 617,"Summary of Book 617, providing key insights and themes."
Book 618,"Summary of Book 618, providing key insights and themes."
Book 619,"Summary of Book 619, providing key insights and themes."
Book 620,"Summary of Book 620, providing key insights and themes."
Book 621,"Summary of Book 621, providing key insights and themes."
Book 622,"Summary of Book 622, providing key insights and themes."
Book 623,"Summary of Book 623, providing key insights and themes."
Book 624,"Summary of Book 624, providing key insights and themes."
Book 625,"Summary of Book 625, providing key insights and themes."
Book 626,"Summary of Book 626, providing key insights and themes."
Book 627,"Summary of Book 627, providing key insights and themes."
Book 628,"Summary of Book 628, providing key insights and themes."
Book 629,"Summary of Book 629, providing key insights and themes."
Book 630,"Summary of Book 630, providing key insights and themes."
Book 631,"Summary of Book 631, providing key insights and themes."
Book 632,"Summary of Book 632, providing key insights and themes."
Book 633,"Summary of Book 633, providing key insights and themes."
Book 634,"Summary of Book 634, providing key insights and themes."
Book 635,"Summary of Book 635, providing key insights and themes."
Book 636,"Summary of Book 636, providing key insights and themes."
Book 637,"Summary of Book 637, providing key insights and themes."
Book 638,"Summary of Book 638, providing key insights and themes."
Book 639,"Summary of Book 639, providing key insights and themes."
Book 640,"Summary of Book 640, providing key insights and themes."
Book 641,"Summary of Book 641, providing key insights and themes."
Book 642,"Summary of Book 642, providing key insights and themes."
Book 643,"Summary of Book 643, providing key insights and themes."
Book 644,"Summary of Book 644, providing key insights and themes."
Book 645,"Summary of Book 645, providing key insights and themes."
Book 646,"Summary of Book 646, providing key insights and themes."
Book 647,"Summary of Book 647, providing key insights and themes."
Book 648,"Summary of Book 648, providing key insights and themes."
Book 649,"Summary of Book 649, providing key insights and themes."
Book 650,"Summary of Book 650, providing key insights and themes."
Book 651,"Summary of Book 651, providing key insights and themes."
Book 652,"Summary of Book 652, providing key insights and themes."
Book 653,"Summary of Book 653, providing key insights and themes."
Book 654,"Summary of Book 654, providing key insights and themes."
Book 655,"Summary of Book 655, providing key insights and themes."
Book 656,"Summary of Book 656, providing key insights and themes."
Book 657,"Summary of Book 657, providing key insights and themes."
Book 658,"Summary of Book 658, providing key insights and themes."
Book 659,"Summary of Book 659, providing key insights and themes."
Book 660,"Summary of Book 660, providing key insights and themes."
Book 661,"Summary of Book 661, providing key insights and themes."
Book 662,"Summary of Book 662, providing key insights and themes."
Book 663,"Summary of Book 663, providing key insights and themes."
Book 664,"Summary of Book 664, providing key insights and themes."
Book 665,"Summary of Book 665, providing key insights and themes."
Book 666,"Summary of Book 666, providing key insights and themes."
Book 667,"Summary of Book 667, providing key insights and themes."
Book 668,"Summary of Book 668, providing key insights and themes."
Book 669,"Summary of Book 669, providing key insights and themes."
Book 670,"Summary of Book 670, providing key insights and themes."
Book 671,"Summary of Book 671, providing key insights and themes."
Book 672,"Summary of Book 672, providing key insights and themes."
Book 673,"Summary of Book 673, providing key insights and themes."
Book 674,"Summary of Book 674, providing key insights and themes."
Book 675,"Summary of Book 675, providing key insights and themes."
Book 676,"Summary of Book 676, providing key insights and themes."
Book 677,"Summary of Book 677, providing key insights and themes."
Book 678,"Summary of Book 678, providing key insights and themes."
Book 679,"Summary of Book 679, providing key insights and themes."
Book 680,"Summary of Book 680, providing key insights and themes."
Book 681,"Summary of Book 681, providing key insights and themes."
Book 682,"Summary of Book 682, providing key insights and themes."
Book 683,"Summary of Book 683, providing key insights and themes."
Book 684,"Summary of Book 684, providing key insights and themes."
Book 685,"Summary of Book 685, providing key insights and themes."
Book 686,"Summary of Book 686, providing key insights and themes."
Book 687,"Summary of Book 687, providing key insights and themes."
Book 688,"Summary of Book 688, providing key insights and themes."
Book 689,"Summary of Book 689, providing key insights and themes."
Book 690,"Summary of Book 690, providing key insights and themes."
Book 691,"Summary of Book 691, providing key insights and themes."
Book 692,"Summary of Book 692, providing key insights and themes."
Book 693,"Summary of Book 693, providing key insights and themes."
Book 694,"Summary of Book 694, providing key insights and themes."
Book 695,"Summary of Book 695, providing key insights and themes."
Book 696,"Summary of Book 696, providing key insights and themes."
Book 697,"Summary of Book 697, providing key insights and themes."
Book 698,"Summary of Book 698, providing key insights and themes."
Book 699,"Summary of Book 699, providing key insights and themes."
Book 700,"Summary of Book 700, providing key insights and themes."
Book 701,"Summary of Book 701, providing key insights and themes."
Book 702,"Summary of Book 702, providing key insights and themes."
Book 703,"Summary of Book 703, providing key insights and themes."
Book 704,"Summary of Book 704, providing key insights and themes."
Book 705,"Summary of Book 705, providing key insights and themes."
Book 706,"Summary of Book 706, providing key insights and themes."
Book 707,"Summary of Book 707, providing key insights and themes."
Book 708,"Summary of Book 708, providing key insights and themes."
Book 709,"Summary of Book 709, providing key insights and themes."
Book 710,"Summary of Book 710, providing key insights and themes."
Book 711,"Summary of Book 711, providing key insights and themes."
Book 712,"Summary of Book 712, providing key insights and themes."
Book 713,"Summary of Book 713, providing key insights and themes."
Book 714,"Summary of Book 714, providing key insights and themes."
Book 715,"Summary of Book 715, providing key insights and themes."
Book 716,"Summary of Book 716, providing key insights and themes."
Book 717,"Summary of Book 717, providing key insights and themes."
Book 718,"Summary of Book 718, providing key insights and themes."
Book 719,"Summary of Book 719, providing key insights and themes."
Book 720,"Summary of Book 720, providing key insights and themes."
Book 721,"Summary of Book 721, providing key insights and themes."
Book 722,"Summary of Book 722, providing key insights and themes."
Book 723,"Summary of Book 723, providing key insights and themes."
Book 724,"Summary of Book 724, providing key insights and themes."
Book 725,"Summary of Book 725, providing key insights and themes."
Book 726,"Summary of Book 726, providing key insights and themes."
Book 727,"Summary of Book 727, providing key insights and themes."
Book 728,"Summary of Book 728, providing key insights and themes."
Book 729,"Summary of Book 729, providing key insights and themes."
Book 730,"Summary of Book 730, providing key insights and themes."
Book 731,"Summary of Book 731, providing key insights and themes."
Book 732,"Summary of Book 732, providing key insights and themes."
Book 733,"Summary of Book 733, providing key insights and themes."
Book 734,"Summary of Book 734, providing key insights and themes."
Book 735,"Summary of Book 735, providing key insights and themes."
Book 736,"Summary of Book 736, providing key insights and themes."
Book 737,"Summary of Book 737, providing key insights and themes."
Book 738,"Summary of Book 738, providing key insights and themes."
Book 739,"Summary of Book 739, providing key insights and themes."
Book 740,"Summary of Book 740, providing key insights and themes."
Book 741,"Summary of Book 741, providing key insights and themes."
Book 742,"Summary of Book 742, providing key insights and themes."
Book 743,"Summary of Book 743, providing key insights and themes."
Book 744,"Summary of Book 744, providing key insights and themes."
Book 745,"Summary of Book 745, providing key insights and themes."
Book 746,"Summary of Book 746, providing key insights and themes."
Book 747,"Summary of Book 747, providing key insights and themes."
Book 748,"Summary of Book 748, providing key insights and themes."
Book 749,"Summary of Book 749, providing key insights and themes."
Book 750,"Summary of Book 750, providing key insights and themes."
Book 751,"Summary of Book 751, providing key insights and themes."
Book 752,"Summary of Book 752, providing key insights and themes."
Book 753,"Summary of Book 753, providing key insights and themes."
Book 754,"Summary of Book 754, providing key insights and themes."
Book 755,"Summary of Book 755, providing key insights and themes."
Book 756,"Summary of Book 756, providing key insights and themes."
Book 757,"Summary of Book 757, providing key insights and themes."
Book 758,"Summary of Book 758, providing key insights and themes."
Book 759,"Summary of Book 759, providing key insights and themes."
Book 760,"Summary of Book 760, providing key insights and themes."
Book 761,"Summary of Book 761, providing key insights and themes."
Book 762,"Summary of Book 762, providing key insights and themes."
Book 763,"Summary of Book 763, providing key insights and themes."
Book 764,"Summary of Book 764, providing key insights and themes."
Book 765,"Summary of Book 765, providing key insights and themes."
Book 766,"Summary of Book 766, providing key insights and themes."
Book 767,"Summary of Book 767, providing key insights and themes."
Book 768,"Summary of Book 768, providing key insights and themes."
Book 769,"Summary of Book 769, providing key insights and themes."
Book 770,"Summary of Book 770, providing key insights and themes."
Book 771,"Summary of Book 771, providing key insights and themes."
Book 772,"Summary of Book 772, providing key insights and themes."
Book 773,"Summary of Book 773, providing key insights and themes."
Book 774,"Summary of Book 774, providing key insights and themes."
Book 775,"Summary of Book 775, providing key insights and themes."
Book 776,"Summary of Book 776, providing key insights and themes."
Book 777,"Summary of Book 777, providing key insights and themes."
Book 778,"Summary of Book 778, providing key insights and themes."
Book 779,"Summary of Book 779, providing key insights and themes."
Book 780,"Summary of Book 780, providing key insights and themes."
Book 781,"Summary of Book 781, providing key insights and themes."
Book 782,"Summary of Book 782, providing key insights and themes."
Book 783,"Summary of Book 783, providing key insights and themes."
Book 784,"Summary of Book 784, providing key insights and themes."
Book 785,"Summary of Book 785, providing key insights and themes."
Book 786,"Summary of Book 786, providing key insights and themes."
Book 787,"Summary of Book 787, providing key insights and themes."
Book 788,"Summary of Book 788, providing key insights and themes."
Book 789,"Summary of Book 789, providing key insights and themes."
Book 790,"Summary of Book 790, providing key insights and themes."
Book 791,"Summary of Book 791, providing key insights and themes."
Book 792,"Summary of Book 792, providing key insights and themes."
Book 793,"Summary of Book 793, providing key insights and themes."
Book 794,"Summary of Book 794, providing key insights and themes."
Book 795,"Summary of Book 795, providing key insights and themes."
Book 796,"Summary of Book 796, providing key insights and themes."
Book 797,"Summary of Book 797, providing key insights and themes."
Book 798,"Summary of Book 798, providing key insights and themes."
Book 799,"Summary of Book 799, providing key insights and themes."
Book 800,"Summary of Book 800, providing key insights and themes."
Book 801,"Summary of Book 801, providing key insights and themes."
Book 802,"Summary of Book 802, providing key insights and themes."
Book 803,"Summary of Book 803, providing key insights and themes."
Book 804,"Summary of Book 804, providing key insights and themes."
Book 805,"Summary of Book 805, providing key insights and themes."
Book 806,"Summary of Book 806, providing key insights and themes."
Book 807,"Summary of Book 807, providing key insights and themes."
Book 808,"Summary of Book 808, providing key insights and themes."
Book 809,"Summary of Book 809, providing key insights and themes."
Book 810,"Summary of Book 810, providing key insights and themes."
Book 811,"Summary of Book 811, providing key insights and themes."
Book 812,"Summary of Book 812, providing key insights and themes."
Book 813,"Summary of Book 813, providing key insights and themes."
Book 814,"Summary of Book 814, providing key insights and themes."
Book 815,"Summary of Book 815, providing key insights and themes."
Book 816,"Summary of Book 816, providing key insights and themes."
Book 817,"Summary of Book 817, providing key insights and themes."
Book 818,"Summary of Book 818, providing key insights and themes."
Book 819,"Summary of Book 819, providing key insights and themes."
Book 820,"Summary of Book 820, providing key insights and themes."
Book 821,"Summary of Book 821, providing key insights and themes."
Book 822,"Summary of Book 822, providing key insights and themes."
Book 823,"Summary of Book 823, providing key insights and themes."
Book 824,"Summary of Book 824, providing key insights and themes."
Book 825,"Summary of Book 825, providing key insights and themes."
Book 826,"Summary of Book 826, providing key insights and themes."
Book 827,"Summary of Book 827, providing key insights and themes."
Book 828,"Summary of Book 828, providing key insights and themes."
Book 829,"Summary of Book 829, providing key insights and themes."
Book 830,"Summary of Book 830, providing key insights and themes."
Book 831,"Summary of Book 831, providing key insights and themes."
Book 832,"Summary of Book 832, providing key insights and themes."
Book 833,"Summary of Book 833, providing key insights and themes."
Book 834,"Summary of Book 834, providing key insights and themes."
Book 835,"Summary of Book 835, providing key insights and themes."
Book 836,"Summary of Book 836, providing key insights and themes."
Book 837,"Summary of Book 837, providing key insights and themes."
Book 838,"Summary of Book 838, providing key insights and themes."
Book 839,"Summary of Book 839, providing key insights and themes."
Book 840,"Summary of Book 840, providing key insights and themes."
Book 841,"Summary of Book 841, providing key insights and themes."
Book 842,"Summary of Book 842, providing key insights and themes."
Book 843,"Summary of Book 843, providing key insights and themes."
Book 844,"Summary of Book 844, providing key insights and themes."
Book 845,"Summary of Book 845, providing key insights and themes."
Book 846,"Summary of Book 846, providing key insights and themes."
Book 847,"Summary of Book 847, providing key insights and themes."
Book 848,"Summary of Book 848, providing key insights and themes."
Book 849,"Summary of Book 849, providing key insights and themes."
Book 850,"Summary of Book 850, providing key insights and themes."
Book 851,"Summary of Book 851, providing key insights and themes."
Book 852,"Summary of Book 852, providing key insights and themes."
Book 853,"Summary of Book 853, providing key insights and themes."
Book 854,"Summary of Book 854, providing key insights and themes."
Book 855,"Summary of Book 855, providing key insights and themes."
Book 856,"Summary of Book 856, providing key insights and themes."
Book 857,"Summary of Book 857, providing key insights and themes."
Book 858,"Summary of Book 858, providing key insights and themes."
Book 859,"Summary of Book 859, providing key insights and themes."
Book 860,"Summary of Book 860, providing key insights and themes."
Book 861,"Summary of Book 861, providing key insights and themes."
Book 862,"Summary of Book 862, providing key insights and themes."
Book 863,"Summary of Book 863, providing key insights and themes."
Book 864,"Summary of Book 864, providing key insights and themes."
Book 865,"Summary of Book 865, providing key insights and themes."
Book 866,"Summary of Book 866, providing key insights and themes."
Book 867,"Summary of Book 867, providing key insights and themes."
Book 868,"Summary of Book 868, providing key insights and themes."
Book 869,"Summary of Book 869, providing key insights and themes."
Book 870,"Summary of Book 870, providing key insights and themes."
Book 871,"Summary of Book 871, providing key insights and themes."
Book 872,"Summary of Book 872, providing key insights and themes."
Book 873,"Summary of Book 873, providing key insights and themes."
Book 874,"Summary of Book 874, providing key insights and themes."
Book 875,"Summary of Book 875, providing key insights and themes."
Book 876,"Summary of Book 876, providing key insights and themes."
Book 877,"Summary of Book 877, providing key insights and themes."
Book 878,"Summary of Book 878, providing key insights and themes."
Book 879,"Summary of Book 879, providing key insights and themes."
Book 880,"Summary of Book 880, providing key insights and themes."
Book 881,"Summary of Book 881, providing key insights and themes."
Book 882,"Summary of Book 882, providing key insights and themes."
Book 883,"Summary of Book 883, providing key insights and themes."
Book 884,"Summary of Book 884, providing key insights and themes."
Book 885,"Summary of Book 885, providing key insights and themes."
Book 886,"Summary of Book 886, providing key insights and themes."
Book 887,"Summary of Book 887, providing key insights and themes."
Book 888,"Summary of Book 888, providing key insights and themes."
Book 889,"Summary of Book 889, providing key insights and themes."
Book 890,"Summary of Book 890, providing key insights and themes."
Book 891,"Summary of Book 891, providing key insights and themes."
Book 892,"Summary of Book 892, providing key insights and themes."
Book 893,"Summary of Book 893, providing key insights and themes."
Book 894,"Summary of Book 894, providing key insights and themes."
Book 895,"Summary of Book 895, providing key insights and themes."
Book 896,"Summary of Book 896, providing key insights and themes."
Book 897,"Summary of Book 897, providing key insights and themes."
Book 898,"Summary of Book 898, providing key insights and themes."
Book 899,"Summary of Book 899, providing key insights and themes."
Book 900,"Summary of Book 900, providing key insights and themes."
Book 901,"Summary of Book 901, providing key insights and themes."
Book 902,"Summary of Book 902, providing key insights and themes."
Book 903,"Summary of Book 903, providing key insights and themes."
Book 904,"Summary of Book 904, providing key insights and themes."
Book 905,"Summary of Book 905, providing key insights and themes."
Book 906,"Summary of Book 906, providing key insights and themes."
Book 907,"Summary of Book 907, providing key insights and themes."
Book 908,"Summary of Book 908, providing key insights and themes."
Book 909,"Summary of Book 909, providing key insights and themes."
Book 910,"Summary of Book 910, providing key insights and themes."
Book 911,"Summary of Book 911, providing key insights and themes."
Book 912,"Summary of Book 912, providing key insights and themes."
Book 913,"Summary of Book 913, providing key insights and themes."
Book 914,"Summary of Book 914, providing key insights and themes."
Book 915,"Summary of Book 915, providing key insights and themes."
Book 916,"Summary of Book 916, providing key insights and themes."
Book 917,"Summary of Book 917, providing key insights and themes."
Book 918,"Summary of Book 918, providing key insights and themes."
Book 919,"Summary of Book 919, providing key insights and themes."
Book 920,"Summary of Book 920, providing key insights and themes."
Book 921,"Summary of Book 921, providing key insights and themes."
Book 922,"Summary of Book 922, providing key insights and themes."
Book 923,"Summary of Book 923, providing key insights and themes."
Book 924,"Summary of Book 924, providing key insights and themes."
Book 925,"Summary of Book 925, providing key insights and themes."
Book 926,"Summary of Book 926, providing key insights and themes."
Book 927,"Summary of Book 927, providing key insights and themes."
Book 928,"Summary of Book 928, providing key insights and themes."
Book 929,"Summary of Book 929, providing key insights and themes."
Book 930,"Summary of Book 930, providing key insights and themes."
Book 931,"Summary of Book 931, providing key insights and themes."
Book 932,"Summary of Book 932, providing key insights and themes."
Book 933,"Summary of Book 933, providing key insights and themes."
Book 934,"Summary of Book 934, providing key insights and themes."
Book 935,"Summary of Book 935, providing key insights and themes."
Book 936,"Summary of Book 936, providing key insights and themes."
Book 937,"Summary of Book 937, providing key insights and themes."
Book 938,"Summary of Book 938, providing key insights and themes."
Book 939,"Summary of Book 939, providing key insights and themes."
Book 940,"Summary of Book 940, providing key insights and themes."
Book 941,"Summary of Book 941, providing key insights and themes."
Book 942,"Summary of Book 942, providing key insights and themes."
Book 943,"Summary of Book 943, providing key insights and themes."
Book 944,"Summary of Book 944, providing key insights and themes."
Book 945,"Summary of Book 945, providing key insights and themes."
Book 946,"Summary of Book 946, providing key insights and themes."
Book 947,"Summary of Book 947, providing key insights and themes."
Book 948,"Summary of Book 948, providing key insights and themes."
Book 949,"Summary of Book 949, providing key insights and themes."
Book 950,"Summary of Book 950, providing key insights and themes."
Book 951,"Summary of Book 951, providing key insights and themes."
Book 952,"Summary of Book 952, providing key insights and themes."
Book 953,"Summary of Book 953, providing key insights and themes."
Book 954,"Summary of Book 954, providing key insights and themes."
Book 955,"Summary of Book 955, providing key insights and themes."
Book 956,"Summary of Book 956, providing key insights and themes."
Book 957,"Summary of Book 957, providing key insights and themes."
Book 958,"Summary of Book 958, providing key insights and themes."
Book 959,"Summary of Book 959, providing key insights and themes."
Book 960,"Summary of Book 960, providing key insights and themes."
Book 961,"Summary of Book 961, providing key insights and themes."
Book 962,"Summary of Book 962, providing key insights and themes."
Book 963,"Summary of Book 963, providing key insights and themes."
Book 964,"Summary of Book 964, providing key insights and themes."
Book 965,"Summary of Book 965, providing key insights and themes."
Book 966,"Summary of Book 966, providing key insights and themes."
Book 967,"Summary of Book 967, providing key insights and themes."
Book 968,"Summary of Book 968, providing key insights and themes."
Book 969,"Summary of Book 969, providing key insights and themes."
Book 970,"Summary of Book 970, providing key insights and themes."
Book 971,"Summary of Book 971, providing key insights and themes."
Book 972,"Summary of Book 972, providing key insights and themes."
Book 973,"Summary of Book 973, providing key insights and themes."
Book 974,"Summary of Book 974, providing key insights and themes."
Book 975,"Summary of Book 975, providing key insights and themes."
Book 976,"Summary of Book 976, providing key insights and themes."
Book 977,"Summary of Book 977, providing key insights and themes."
Book 978,"Summary of Book 978, providing key insights and themes."
Book 979,"Summary of Book 979, providing key insights and themes."
Book 980,"Summary of Book 980, providing key insights and themes."
Book 981,"Summary of Book 981, providing key insights and themes."
Book 982,"Summary of Book 982, providing key insights and themes."
Book 983,"Summary of Book 983, providing key insights and themes."
Book 984,"Summary of Book 984, providing key insights and themes."
Book 985,"Summary of Book 985, providing key insights and themes."
Book 986,"Summary of Book 986, providing key insights and themes."
Book 987,"Summary of Book 987, providing key insights and themes."
Book 988,"Summary of Book 988, providing key insights and themes."
Book 989,"Summary of Book 989, providing key insights and themes."
Book 990,"Summary of Book 990, providing key insights and themes."
Book 991,"Summary of Book 991, providing key insights and themes."
Book 992,"Summary of Book 992, providing key insights and themes."
Book 993,"Summary of Book 993, providing key insights and themes."
Book 994,"Summary of Book 994, providing key insights and themes."
Book 995,"Summary of Book 995, providing key insights and themes."
Book 996,"Summary of Book 996, providing key insights and themes."
Book 997,"Summary of Book 997, providing key insights and themes."
Book 998,"Summary of Book 998, providing key insights and themes."
Book 999,"Summary of Book 999, providing key insights and themes."
Book 1000,"Summary of Book 1000, providing key insights and themes."
