Topic,Question
Mathematics,Question 1 on Mathematics
Science,Question 2 on Science
History,Question 3 on History
Geography,Question 4 on Geography
Literature,Question 5 on Literature
Mathematics,Question 6 on Mathematics
Science,Question 7 on Science
History,Question 8 on History
Geography,Question 9 on Geography
Literature,Question 10 on Literature
Mathematics,Question 11 on Mathematics
Science,Question 12 on Science
History,Question 13 on History
Geography,Question 14 on Geography
Literature,Question 15 on Literature
Mathematics,Question 16 on Mathematics
Science,Question 17 on Science
History,Question 18 on History
Geography,Question 19 on Geography
Literature,Question 20 on Literature
Mathematics,Question 21 on Mathematics
Science,Question 22 on Science
History,Question 23 on History
Geography,Question 24 on Geography
Literature,Question 25 on Literature
Mathematics,Question 26 on Mathematics
Science,Question 27 on Science
History,Question 28 on History
Geography,Question 29 on Geography
Literature,Question 30 on Literature
Mathematics,Question 31 on Mathematics
Science,Question 32 on Science
History,Question 33 on History
Geography,Question 34 on Geography
Literature,Question 35 on Literature
Mathematics,Question 36 on Mathematics
Science,Question 37 on Science
History,Question 38 on History
Geography,Question 39 on Geography
Literature,Question 40 on Literature
Mathematics,Question 41 on Mathematics
Science,Question 42 on Science
History,Question 43 on History
Geography,Question 44 on Geography
Literature,Question 45 on Literature
Mathematics,Question 46 on Mathematics
Science,Question 47 on Science
History,Question 48 on History
Geography,Question 49 on Geography
Literature,Question 50 on Literature
Mathematics,Question 51 on Mathematics
Science,Question 52 on Science
History,Question 53 on History
Geography,Question 54 on Geography
Literature,Question 55 on Literature
Mathematics,Question 56 on Mathematics
Science,Question 57 on Science
History,Question 58 on History
Geography,Question 59 on Geography
Literature,Question 60 on Literature
Mathematics,Question 61 on Mathematics
Science,Question 62 on Science
History,Question 63 on History
Geography,Question 64 on Geography
Literature,Question 65 on Literature
Mathematics,Question 66 on Mathematics
Science,Question 67 on Science
History,Question 68 on History
Geography,Question 69 on Geography
Literature,Question 70 on Literature
Mathematics,Question 71 on Mathematics
Science,Question 72 on Science
History,Question 73 on History
Geography,Question 74 on Geography
Literature,Question 75 on Literature
Mathematics,Question 76 on Mathematics
Science,Question 77 on Science
History,Question 78 on History
Geography,Question 79 on Geography
Literature,Question 80 on Literature
Mathematics,Question 81 on Mathematics
Science,Question 82 on Science
History,Question 83 on History
Geography,Question 84 on Geography
Literature,Question 85 on Literature
Mathematics,Question 86 on Mathematics
Science,Question 87 on Science
History,Question 88 on History
Geography,Question 89 on Geography
Literature,Question 90 on Literature
Mathematics,Question 91 on Mathematics
Science,Question 92 on Science
History,Question 93 on History
Geography,Question 94 on Geography
Literature,Question 95 on Literature
Mathematics,Question 96 on Mathematics
Science,Question 97 on Science
History,Question 98 on History
Geography,Question 99 on Geography
Literature,Question 100 on Literature
Mathematics,Question 101 on Mathematics
Science,Question 102 on Science
History,Question 103 on History
Geography,Question 104 on Geography
Literature,Question 105 on Literature
Mathematics,Question 106 on Mathematics
Science,Question 107 on Science
History,Question 108 on History
Geography,Question 109 on Geography
Literature,Question 110 on Literature
Mathematics,Question 111 on Mathematics
Science,Question 112 on Science
History,Question 113 on History
Geography,Question 114 on Geography
Literature,Question 115 on Literature
Mathematics,Question 116 on Mathematics
Science,Question 117 on Science
History,Question 118 on History
Geography,Question 119 on Geography
Literature,Question 120 on Literature
Mathematics,Question 121 on Mathematics
Science,Question 122 on Science
History,Question 123 on History
Geography,Question 124 on Geography
Literature,Question 125 on Literature
Mathematics,Question 126 on Mathematics
Science,Question 127 on Science
History,Question 128 on History
Geography,Question 129 on Geography
Literature,Question 130 on Literature
Mathematics,Question 131 on Mathematics
Science,Question 132 on Science
History,Question 133 on History
Geography,Question 134 on Geography
Literature,Question 135 on Literature
Mathematics,Question 136 on Mathematics
Science,Question 137 on Science
History,Question 138 on History
Geography,Question 139 on Geography
Literature,Question 140 on Literature
Mathematics,Question 141 on Mathematics
Science,Question 142 on Science
History,Question 143 on History
Geography,Question 144 on Geography
Literature,Question 145 on Literature
Mathematics,Question 146 on Mathematics
Science,Question 147 on Science
History,Question 148 on History
Geography,Question 149 on Geography
Literature,Question 150 on Literature
Mathematics,Question 151 on Mathematics
Science,Question 152 on Science
History,Question 153 on History
Geography,Question 154 on Geography
Literature,Question 155 on Literature
Mathematics,Question 156 on Mathematics
Science,Question 157 on Science
History,Question 158 on History
Geography,Question 159 on Geography
Literature,Question 160 on Literature
Mathematics,Question 161 on Mathematics
Science,Question 162 on Science
History,Question 163 on History
Geography,Question 164 on Geography
Literature,Question 165 on Literature
Mathematics,Question 166 on Mathematics
Science,Question 167 on Science
History,Question 168 on History
Geography,Question 169 on Geography
Literature,Question 170 on Literature
Mathematics,Question 171 on Mathematics
Science,Question 172 on Science
History,Question 173 on History
Geography,Question 174 on Geography
Literature,Question 175 on Literature
Mathematics,Question 176 on Mathematics
Science,Question 177 on Science
History,Question 178 on History
Geography,Question 179 on Geography
Literature,Question 180 on Literature
Mathematics,Question 181 on Mathematics
Science,Question 182 on Science
History,Question 183 on History
Geography,Question 184 on Geography
Literature,Question 185 on Literature
Mathematics,Question 186 on Mathematics
Science,Question 187 on Science
History,Question 188 on History
Geography,Question 189 on Geography
Literature,Question 190 on Literature
Mathematics,Question 191 on Mathematics
Science,Question 192 on Science
History,Question 193 on History
Geography,Question 194 on Geography
Literature,Question 195 on Literature
Mathematics,Question 196 on Mathematics
Science,Question 197 on Science
History,Question 198 on History
Geography,Question 199 on Geography
Literature,Question 200 on Literature
Mathematics,Question 201 on Mathematics
Science,Question 202 on Science
History,Question 203 on History
Geography,Question 204 on Geography
Literature,Question 205 on Literature
Mathematics,Question 206 on Mathematics
Science,Question 207 on Science
History,Question 208 on History
Geography,Question 209 on Geography
Literature,Question 210 on Literature
Mathematics,Question 211 on Mathematics
Science,Question 212 on Science
History,Question 213 on History
Geography,Question 214 on Geography
Literature,Question 215 on Literature
Mathematics,Question 216 on Mathematics
Science,Question 217 on Science
History,Question 218 on History
Geography,Question 219 on Geography
Literature,Question 220 on Literature
Mathematics,Question 221 on Mathematics
Science,Question 222 on Science
History,Question 223 on History
Geography,Question 224 on Geography
Literature,Question 225 on Literature
Mathematics,Question 226 on Mathematics
Science,Question 227 on Science
History,Question 228 on History
Geography,Question 229 on Geography
Literature,Question 230 on Literature
Mathematics,Question 231 on Mathematics
Science,Question 232 on Science
History,Question 233 on History
Geography,Question 234 on Geography
Literature,Question 235 on Literature
Mathematics,Question 236 on Mathematics
Science,Question 237 on Science
History,Question 238 on History
Geography,Question 239 on Geography
Literature,Question 240 on Literature
Mathematics,Question 241 on Mathematics
Science,Question 242 on Science
History,Question 243 on History
Geography,Question 244 on Geography
Literature,Question 245 on Literature
Mathematics,Question 246 on Mathematics
Science,Question 247 on Science
History,Question 248 on History
Geography,Question 249 on Geography
Literature,Question 250 on Literature
Mathematics,Question 251 on Mathematics
Science,Question 252 on Science
History,Question 253 on History
Geography,Question 254 on Geography
Literature,Question 255 on Literature
Mathematics,Question 256 on Mathematics
Science,Question 257 on Science
History,Question 258 on History
Geography,Question 259 on Geography
Literature,Question 260 on Literature
Mathematics,Question 261 on Mathematics
Science,Question 262 on Science
History,Question 263 on History
Geography,Question 264 on Geography
Literature,Question 265 on Literature
Mathematics,Question 266 on Mathematics
Science,Question 267 on Science
History,Question 268 on History
Geography,Question 269 on Geography
Literature,Question 270 on Literature
Mathematics,Question 271 on Mathematics
Science,Question 272 on Science
History,Question 273 on History
Geography,Question 274 on Geography
Literature,Question 275 on Literature
Mathematics,Question 276 on Mathematics
Science,Question 277 on Science
History,Question 278 on History
Geography,Question 279 on Geography
Literature,Question 280 on Literature
Mathematics,Question 281 on Mathematics
Science,Question 282 on Science
History,Question 283 on History
Geography,Question 284 on Geography
Literature,Question 285 on Literature
Mathematics,Question 286 on Mathematics
Science,Question 287 on Science
History,Question 288 on History
Geography,Question 289 on Geography
Literature,Question 290 on Literature
Mathematics,Question 291 on Mathematics
Science,Question 292 on Science
History,Question 293 on History
Geography,Question 294 on Geography
Literature,Question 295 on Literature
Mathematics,Question 296 on Mathematics
Science,Question 297 on Science
History,Question 298 on History
Geography,Question 299 on Geography
Literature,Question 300 on Literature
Mathematics,Question 301 on Mathematics
Science,Question 302 on Science
History,Question 303 on History
Geography,Question 304 on Geography
Literature,Question 305 on Literature
Mathematics,Question 306 on Mathematics
Science,Question 307 on Science
History,Question 308 on History
Geography,Question 309 on Geography
Literature,Question 310 on Literature
Mathematics,Question 311 on Mathematics
Science,Question 312 on Science
History,Question 313 on History
Geography,Question 314 on Geography
Literature,Question 315 on Literature
Mathematics,Question 316 on Mathematics
Science,Question 317 on Science
History,Question 318 on History
Geography,Question 319 on Geography
Literature,Question 320 on Literature
Mathematics,Question 321 on Mathematics
Science,Question 322 on Science
History,Question 323 on History
Geography,Question 324 on Geography
Literature,Question 325 on Literature
Mathematics,Question 326 on Mathematics
Science,Question 327 on Science
History,Question 328 on History
Geography,Question 329 on Geography
Literature,Question 330 on Literature
Mathematics,Question 331 on Mathematics
Science,Question 332 on Science
History,Question 333 on History
Geography,Question 334 on Geography
Literature,Question 335 on Literature
Mathematics,Question 336 on Mathematics
Science,Question 337 on Science
History,Question 338 on History
Geography,Question 339 on Geography
Literature,Question 340 on Literature
Mathematics,Question 341 on Mathematics
Science,Question 342 on Science
History,Question 343 on History
Geography,Question 344 on Geography
Literature,Question 345 on Literature
Mathematics,Question 346 on Mathematics
Science,Question 347 on Science
History,Question 348 on History
Geography,Question 349 on Geography
Literature,Question 350 on Literature
Mathematics,Question 351 on Mathematics
Science,Question 352 on Science
History,Question 353 on History
Geography,Question 354 on Geography
Literature,Question 355 on Literature
Mathematics,Question 356 on Mathematics
Science,Question 357 on Science
History,Question 358 on History
Geography,Question 359 on Geography
Literature,Question 360 on Literature
Mathematics,Question 361 on Mathematics
Science,Question 362 on Science
History,Question 363 on History
Geography,Question 364 on Geography
Literature,Question 365 on Literature
Mathematics,Question 366 on Mathematics
Science,Question 367 on Science
History,Question 368 on History
Geography,Question 369 on Geography
Literature,Question 370 on Literature
Mathematics,Question 371 on Mathematics
Science,Question 372 on Science
History,Question 373 on History
Geography,Question 374 on Geography
Literature,Question 375 on Literature
Mathematics,Question 376 on Mathematics
Science,Question 377 on Science
History,Question 378 on History
Geography,Question 379 on Geography
Literature,Question 380 on Literature
Mathematics,Question 381 on Mathematics
Science,Question 382 on Science
History,Question 383 on History
Geography,Question 384 on Geography
Literature,Question 385 on Literature
Mathematics,Question 386 on Mathematics
Science,Question 387 on Science
History,Question 388 on History
Geography,Question 389 on Geography
Literature,Question 390 on Literature
Mathematics,Question 391 on Mathematics
Science,Question 392 on Science
History,Question 393 on History
Geography,Question 394 on Geography
Literature,Question 395 on Literature
Mathematics,Question 396 on Mathematics
Science,Question 397 on Science
History,Question 398 on History
Geography,Question 399 on Geography
Literature,Question 400 on Literature
Mathematics,Question 401 on Mathematics
Science,Question 402 on Science
History,Question 403 on History
Geography,Question 404 on Geography
Literature,Question 405 on Literature
Mathematics,Question 406 on Mathematics
Science,Question 407 on Science
History,Question 408 on History
Geography,Question 409 on Geography
Literature,Question 410 on Literature
Mathematics,Question 411 on Mathematics
Science,Question 412 on Science
History,Question 413 on History
Geography,Question 414 on Geography
Literature,Question 415 on Literature
Mathematics,Question 416 on Mathematics
Science,Question 417 on Science
History,Question 418 on History
Geography,Question 419 on Geography
Literature,Question 420 on Literature
Mathematics,Question 421 on Mathematics
Science,Question 422 on Science
History,Question 423 on History
Geography,Question 424 on Geography
Literature,Question 425 on Literature
Mathematics,Question 426 on Mathematics
Science,Question 427 on Science
History,Question 428 on History
Geography,Question 429 on Geography
Literature,Question 430 on Literature
Mathematics,Question 431 on Mathematics
Science,Question 432 on Science
History,Question 433 on History
Geography,Question 434 on Geography
Literature,Question 435 on Literature
Mathematics,Question 436 on Mathematics
Science,Question 437 on Science
History,Question 438 on History
Geography,Question 439 on Geography
Literature,Question 440 on Literature
Mathematics,Question 441 on Mathematics
Science,Question 442 on Science
History,Question 443 on History
Geography,Question 444 on Geography
Literature,Question 445 on Literature
Mathematics,Question 446 on Mathematics
Science,Question 447 on Science
History,Question 448 on History
Geography,Question 449 on Geography
Literature,Question 450 on Literature
Mathematics,Question 451 on Mathematics
Science,Question 452 on Science
History,Question 453 on History
Geography,Question 454 on Geography
Literature,Question 455 on Literature
Mathematics,Question 456 on Mathematics
Science,Question 457 on Science
History,Question 458 on History
Geography,Question 459 on Geography
Literature,Question 460 on Literature
Mathematics,Question 461 on Mathematics
Science,Question 462 on Science
History,Question 463 on History
Geography,Question 464 on Geography
Literature,Question 465 on Literature
Mathematics,Question 466 on Mathematics
Science,Question 467 on Science
History,Question 468 on History
Geography,Question 469 on Geography
Literature,Question 470 on Literature
Mathematics,Question 471 on Mathematics
Science,Question 472 on Science
History,Question 473 on History
Geography,Question 474 on Geography
Literature,Question 475 on Literature
Mathematics,Question 476 on Mathematics
Science,Question 477 on Science
History,Question 478 on History
Geography,Question 479 on Geography
Literature,Question 480 on Literature
Mathematics,Question 481 on Mathematics
Science,Question 482 on Science
History,Question 483 on History
Geography,Question 484 on Geography
Literature,Question 485 on Literature
Mathematics,Question 486 on Mathematics
Science,Question 487 on Science
History,Question 488 on History
Geography,Question 489 on Geography
Literature,Question 490 on Literature
Mathematics,Question 491 on Mathematics
Science,Question 492 on Science
History,Question 493 on History
Geography,Question 494 on Geography
Literature,Question 495 on Literature
Mathematics,Question 496 on Mathematics
Science,Question 497 on Science
History,Question 498 on History
Geography,Question 499 on Geography
Literature,Question 500 on Literature
Mathematics,Question 501 on Mathematics
Science,Question 502 on Science
History,Question 503 on History
Geography,Question 504 on Geography
Literature,Question 505 on Literature
Mathematics,Question 506 on Mathematics
Science,Question 507 on Science
History,Question 508 on History
Geography,Question 509 on Geography
Literature,Question 510 on Literature
Mathematics,Question 511 on Mathematics
Science,Question 512 on Science
History,Question 513 on History
Geography,Question 514 on Geography
Literature,Question 515 on Literature
Mathematics,Question 516 on Mathematics
Science,Question 517 on Science
History,Question 518 on History
Geography,Question 519 on Geography
Literature,Question 520 on Literature
Mathematics,Question 521 on Mathematics
Science,Question 522 on Science
History,Question 523 on History
Geography,Question 524 on Geography
Literature,Question 525 on Literature
Mathematics,Question 526 on Mathematics
Science,Question 527 on Science
History,Question 528 on History
Geography,Question 529 on Geography
Literature,Question 530 on Literature
Mathematics,Question 531 on Mathematics
Science,Question 532 on Science
History,Question 533 on History
Geography,Question 534 on Geography
Literature,Question 535 on Literature
Mathematics,Question 536 on Mathematics
Science,Question 537 on Science
History,Question 538 on History
Geography,Question 539 on Geography
Literature,Question 540 on Literature
Mathematics,Question 541 on Mathematics
Science,Question 542 on Science
History,Question 543 on History
Geography,Question 544 on Geography
Literature,Question 545 on Literature
Mathematics,Question 546 on Mathematics
Science,Question 547 on Science
History,Question 548 on History
Geography,Question 549 on Geography
Literature,Question 550 on Literature
Mathematics,Question 551 on Mathematics
Science,Question 552 on Science
History,Question 553 on History
Geography,Question 554 on Geography
Literature,Question 555 on Literature
Mathematics,Question 556 on Mathematics
Science,Question 557 on Science
History,Question 558 on History
Geography,Question 559 on Geography
Literature,Question 560 on Literature
Mathematics,Question 561 on Mathematics
Science,Question 562 on Science
History,Question 563 on History
Geography,Question 564 on Geography
Literature,Question 565 on Literature
Mathematics,Question 566 on Mathematics
Science,Question 567 on Science
History,Question 568 on History
Geography,Question 569 on Geography
Literature,Question 570 on Literature
Mathematics,Question 571 on Mathematics
Science,Question 572 on Science
History,Question 573 on History
Geography,Question 574 on Geography
Literature,Question 575 on Literature
Mathematics,Question 576 on Mathematics
Science,Question 577 on Science
History,Question 578 on History
Geography,Question 579 on Geography
Literature,Question 580 on Literature
Mathematics,Question 581 on Mathematics
Science,Question 582 on Science
History,Question 583 on History
Geography,Question 584 on Geography
Literature,Question 585 on Literature
Mathematics,Question 586 on Mathematics
Science,Question 587 on Science
History,Question 588 on History
Geography,Question 589 on Geography
Literature,Question 590 on Literature
Mathematics,Question 591 on Mathematics
Science,Question 592 on Science
History,Question 593 on History
Geography,Question 594 on Geography
Literature,Question 595 on Literature
Mathematics,Question 596 on Mathematics
Science,Question 597 on Science
History,Question 598 on History
Geography,Question 599 on Geography
Literature,Question 600 on Literature
Mathematics,Question 601 on Mathematics
Science,Question 602 on Science
History,Question 603 on History
Geography,Question 604 on Geography
Literature,Question 605 on Literature
Mathematics,Question 606 on Mathematics
Science,Question 607 on Science
History,Question 608 on History
Geography,Question 609 on Geography
Literature,Question 610 on Literature
Mathematics,Question 611 on Mathematics
Science,Question 612 on Science
History,Question 613 on History
Geography,Question 614 on Geography
Literature,Question 615 on Literature
Mathematics,Question 616 on Mathematics
Science,Question 617 on Science
History,Question 618 on History
Geography,Question 619 on Geography
Literature,Question 620 on Literature
Mathematics,Question 621 on Mathematics
Science,Question 622 on Science
History,Question 623 on History
Geography,Question 624 on Geography
Literature,Question 625 on Literature
Mathematics,Question 626 on Mathematics
Science,Question 627 on Science
History,Question 628 on History
Geography,Question 629 on Geography
Literature,Question 630 on Literature
Mathematics,Question 631 on Mathematics
Science,Question 632 on Science
History,Question 633 on History
Geography,Question 634 on Geography
Literature,Question 635 on Literature
Mathematics,Question 636 on Mathematics
Science,Question 637 on Science
History,Question 638 on History
Geography,Question 639 on Geography
Literature,Question 640 on Literature
Mathematics,Question 641 on Mathematics
Science,Question 642 on Science
History,Question 643 on History
Geography,Question 644 on Geography
Literature,Question 645 on Literature
Mathematics,Question 646 on Mathematics
Science,Question 647 on Science
History,Question 648 on History
Geography,Question 649 on Geography
Literature,Question 650 on Literature
Mathematics,Question 651 on Mathematics
Science,Question 652 on Science
History,Question 653 on History
Geography,Question 654 on Geography
Literature,Question 655 on Literature
Mathematics,Question 656 on Mathematics
Science,Question 657 on Science
History,Question 658 on History
Geography,Question 659 on Geography
Literature,Question 660 on Literature
Mathematics,Question 661 on Mathematics
Science,Question 662 on Science
History,Question 663 on History
Geography,Question 664 on Geography
Literature,Question 665 on Literature
Mathematics,Question 666 on Mathematics
Science,Question 667 on Science
History,Question 668 on History
Geography,Question 669 on Geography
Literature,Question 670 on Literature
Mathematics,Question 671 on Mathematics
Science,Question 672 on Science
History,Question 673 on History
Geography,Question 674 on Geography
Literature,Question 675 on Literature
Mathematics,Question 676 on Mathematics
Science,Question 677 on Science
History,Question 678 on History
Geography,Question 679 on Geography
Literature,Question 680 on Literature
Mathematics,Question 681 on Mathematics
Science,Question 682 on Science
History,Question 683 on History
Geography,Question 684 on Geography
Literature,Question 685 on Literature
Mathematics,Question 686 on Mathematics
Science,Question 687 on Science
History,Question 688 on History
Geography,Question 689 on Geography
Literature,Question 690 on Literature
Mathematics,Question 691 on Mathematics
Science,Question 692 on Science
History,Question 693 on History
Geography,Question 694 on Geography
Literature,Question 695 on Literature
Mathematics,Question 696 on Mathematics
Science,Question 697 on Science
History,Question 698 on History
Geography,Question 699 on Geography
Literature,Question 700 on Literature
Mathematics,Question 701 on Mathematics
Science,Question 702 on Science
History,Question 703 on History
Geography,Question 704 on Geography
Literature,Question 705 on Literature
Mathematics,Question 706 on Mathematics
Science,Question 707 on Science
History,Question 708 on History
Geography,Question 709 on Geography
Literature,Question 710 on Literature
Mathematics,Question 711 on Mathematics
Science,Question 712 on Science
History,Question 713 on History
Geography,Question 714 on Geography
Literature,Question 715 on Literature
Mathematics,Question 716 on Mathematics
Science,Question 717 on Science
History,Question 718 on History
Geography,Question 719 on Geography
Literature,Question 720 on Literature
Mathematics,Question 721 on Mathematics
Science,Question 722 on Science
History,Question 723 on History
Geography,Question 724 on Geography
Literature,Question 725 on Literature
Mathematics,Question 726 on Mathematics
Science,Question 727 on Science
History,Question 728 on History
Geography,Question 729 on Geography
Literature,Question 730 on Literature
Mathematics,Question 731 on Mathematics
Science,Question 732 on Science
History,Question 733 on History
Geography,Question 734 on Geography
Literature,Question 735 on Literature
Mathematics,Question 736 on Mathematics
Science,Question 737 on Science
History,Question 738 on History
Geography,Question 739 on Geography
Literature,Question 740 on Literature
Mathematics,Question 741 on Mathematics
Science,Question 742 on Science
History,Question 743 on History
Geography,Question 744 on Geography
Literature,Question 745 on Literature
Mathematics,Question 746 on Mathematics
Science,Question 747 on Science
History,Question 748 on History
Geography,Question 749 on Geography
Literature,Question 750 on Literature
Mathematics,Question 751 on Mathematics
Science,Question 752 on Science
History,Question 753 on History
Geography,Question 754 on Geography
Literature,Question 755 on Literature
Mathematics,Question 756 on Mathematics
Science,Question 757 on Science
History,Question 758 on History
Geography,Question 759 on Geography
Literature,Question 760 on Literature
Mathematics,Question 761 on Mathematics
Science,Question 762 on Science
History,Question 763 on History
Geography,Question 764 on Geography
Literature,Question 765 on Literature
Mathematics,Question 766 on Mathematics
Science,Question 767 on Science
History,Question 768 on History
Geography,Question 769 on Geography
Literature,Question 770 on Literature
Mathematics,Question 771 on Mathematics
Science,Question 772 on Science
History,Question 773 on History
Geography,Question 774 on Geography
Literature,Question 775 on Literature
Mathematics,Question 776 on Mathematics
Science,Question 777 on Science
History,Question 778 on History
Geography,Question 779 on Geography
Literature,Question 780 on Literature
Mathematics,Question 781 on Mathematics
Science,Question 782 on Science
History,Question 783 on History
Geography,Question 784 on Geography
Literature,Question 785 on Literature
Mathematics,Question 786 on Mathematics
Science,Question 787 on Science
History,Question 788 on History
Geography,Question 789 on Geography
Literature,Question 790 on Literature
Mathematics,Question 791 on Mathematics
Science,Question 792 on Science
History,Question 793 on History
Geography,Question 794 on Geography
Literature,Question 795 on Literature
Mathematics,Question 796 on Mathematics
Science,Question 797 on Science
History,Question 798 on History
Geography,Question 799 on Geography
Literature,Question 800 on Literature
Mathematics,Question 801 on Mathematics
Science,Question 802 on Science
History,Question 803 on History
Geography,Question 804 on Geography
Literature,Question 805 on Literature
Mathematics,Question 806 on Mathematics
Science,Question 807 on Science
History,Question 808 on History
Geography,Question 809 on Geography
Literature,Question 810 on Literature
Mathematics,Question 811 on Mathematics
Science,Question 812 on Science
History,Question 813 on History
Geography,Question 814 on Geography
Literature,Question 815 on Literature
Mathematics,Question 816 on Mathematics
Science,Question 817 on Science
History,Question 818 on History
Geography,Question 819 on Geography
Literature,Question 820 on Literature
Mathematics,Question 821 on Mathematics
Science,Question 822 on Science
History,Question 823 on History
Geography,Question 824 on Geography
Literature,Question 825 on Literature
Mathematics,Question 826 on Mathematics
Science,Question 827 on Science
History,Question 828 on History
Geography,Question 829 on Geography
Literature,Question 830 on Literature
Mathematics,Question 831 on Mathematics
Science,Question 832 on Science
History,Question 833 on History
Geography,Question 834 on Geography
Literature,Question 835 on Literature
Mathematics,Question 836 on Mathematics
Science,Question 837 on Science
History,Question 838 on History
Geography,Question 839 on Geography
Literature,Question 840 on Literature
Mathematics,Question 841 on Mathematics
Science,Question 842 on Science
History,Question 843 on History
Geography,Question 844 on Geography
Literature,Question 845 on Literature
Mathematics,Question 846 on Mathematics
Science,Question 847 on Science
History,Question 848 on History
Geography,Question 849 on Geography
Literature,Question 850 on Literature
Mathematics,Question 851 on Mathematics
Science,Question 852 on Science
History,Question 853 on History
Geography,Question 854 on Geography
Literature,Question 855 on Literature
Mathematics,Question 856 on Mathematics
Science,Question 857 on Science
History,Question 858 on History
Geography,Question 859 on Geography
Literature,Question 860 on Literature
Mathematics,Question 861 on Mathematics
Science,Question 862 on Science
History,Question 863 on History
Geography,Question 864 on Geography
Literature,Question 865 on Literature
Mathematics,Question 866 on Mathematics
Science,Question 867 on Science
History,Question 868 on History
Geography,Question 869 on Geography
Literature,Question 870 on Literature
Mathematics,Question 871 on Mathematics
Science,Question 872 on Science
History,Question 873 on History
Geography,Question 874 on Geography
Literature,Question 875 on Literature
Mathematics,Question 876 on Mathematics
Science,Question 877 on Science
History,Question 878 on History
Geography,Question 879 on Geography
Literature,Question 880 on Literature
Mathematics,Question 881 on Mathematics
Science,Question 882 on Science
History,Question 883 on History
Geography,Question 884 on Geography
Literature,Question 885 on Literature
Mathematics,Question 886 on Mathematics
Science,Question 887 on Science
History,Question 888 on History
Geography,Question 889 on Geography
Literature,Question 890 on Literature
Mathematics,Question 891 on Mathematics
Science,Question 892 on Science
History,Question 893 on History
Geography,Question 894 on Geography
Literature,Question 895 on Literature
Mathematics,Question 896 on Mathematics
Science,Question 897 on Science
History,Question 898 on History
Geography,Question 899 on Geography
Literature,Question 900 on Literature
Mathematics,Question 901 on Mathematics
Science,Question 902 on Science
History,Question 903 on History
Geography,Question 904 on Geography
Literature,Question 905 on Literature
Mathematics,Question 906 on Mathematics
Science,Question 907 on Science
History,Question 908 on History
Geography,Question 909 on Geography
Literature,Question 910 on Literature
Mathematics,Question 911 on Mathematics
Science,Question 912 on Science
History,Question 913 on History
Geography,Question 914 on Geography
Literature,Question 915 on Literature
Mathematics,Question 916 on Mathematics
Science,Question 917 on Science
History,Question 918 on History
Geography,Question 919 on Geography
Literature,Question 920 on Literature
Mathematics,Question 921 on Mathematics
Science,Question 922 on Science
History,Question 923 on History
Geography,Question 924 on Geography
Literature,Question 925 on Literature
Mathematics,Question 926 on Mathematics
Science,Question 927 on Science
History,Question 928 on History
Geography,Question 929 on Geography
Literature,Question 930 on Literature
Mathematics,Question 931 on Mathematics
Science,Question 932 on Science
History,Question 933 on History
Geography,Question 934 on Geography
Literature,Question 935 on Literature
Mathematics,Question 936 on Mathematics
Science,Question 937 on Science
History,Question 938 on History
Geography,Question 939 on Geography
Literature,Question 940 on Literature
Mathematics,Question 941 on Mathematics
Science,Question 942 on Science
History,Question 943 on History
Geography,Question 944 on Geography
Literature,Question 945 on Literature
Mathematics,Question 946 on Mathematics
Science,Question 947 on Science
History,Question 948 on History
Geography,Question 949 on Geography
Literature,Question 950 on Literature
Mathematics,Question 951 on Mathematics
Science,Question 952 on Science
History,Question 953 on History
Geography,Question 954 on Geography
Literature,Question 955 on Literature
Mathematics,Question 956 on Mathematics
Science,Question 957 on Science
History,Question 958 on History
Geography,Question 959 on Geography
Literature,Question 960 on Literature
Mathematics,Question 961 on Mathematics
Science,Question 962 on Science
History,Question 963 on History
Geography,Question 964 on Geography
Literature,Question 965 on Literature
Mathematics,Question 966 on Mathematics
Science,Question 967 on Science
History,Question 968 on History
Geography,Question 969 on Geography
Literature,Question 970 on Literature
Mathematics,Question 971 on Mathematics
Science,Question 972 on Science
History,Question 973 on History
Geography,Question 974 on Geography
Literature,Question 975 on Literature
Mathematics,Question 976 on Mathematics
Science,Question 977 on Science
History,Question 978 on History
Geography,Question 979 on Geography
Literature,Question 980 on Literature
Mathematics,Question 981 on Mathematics
Science,Question 982 on Science
History,Question 983 on History
Geography,Question 984 on Geography
Literature,Question 985 on Literature
Mathematics,Question 986 on Mathematics
Science,Question 987 on Science
History,Question 988 on History
Geography,Question 989 on Geography
Literature,Question 990 on Literature
Mathematics,Question 991 on Mathematics
Science,Question 992 on Science
History,Question 993 on History
Geography,Question 994 on Geography
Literature,Question 995 on Literature
Mathematics,Question 996 on Mathematics
Science,Question 997 on Science
History,Question 998 on History
Geography,Question 999 on Geography
Literature,Question 1000 on Literature
