Year,Event,Description
1901,Event 1,"Description of Event 1, highlighting its importance."
1902,Event 2,"Description of Event 2, highlighting its importance."
1903,Event 3,"Description of Event 3, highlighting its importance."
1904,Event 4,"Description of Event 4, highlighting its importance."
1905,Event 5,"Description of Event 5, highlighting its importance."
1906,Event 6,"Description of Event 6, highlighting its importance."
1907,Event 7,"Description of Event 7, highlighting its importance."
1908,Event 8,"Description of Event 8, highlighting its importance."
1909,Event 9,"Description of Event 9, highlighting its importance."
1910,Event 10,"Description of Event 10, highlighting its importance."
1911,Event 11,"Description of Event 11, highlighting its importance."
1912,Event 12,"Description of Event 12, highlighting its importance."
1913,Event 13,"Description of Event 13, highlighting its importance."
1914,Event 14,"Description of Event 14, highlighting its importance."
1915,Event 15,"Description of Event 15, highlighting its importance."
1916,Event 16,"Description of Event 16, highlighting its importance."
1917,Event 17,"Description of Event 17, highlighting its importance."
1918,Event 18,"Description of Event 18, highlighting its importance."
1919,Event 19,"Description of Event 19, highlighting its importance."
1920,Event 20,"Description of Event 20, highlighting its importance."
1921,Event 21,"Description of Event 21, highlighting its importance."
1922,Event 22,"Description of Event 22, highlighting its importance."
1923,Event 23,"Description of Event 23, highlighting its importance."
1924,Event 24,"Description of Event 24, highlighting its importance."
1925,Event 25,"Description of Event 25, highlighting its importance."
1926,Event 26,"Description of Event 26, highlighting its importance."
1927,Event 27,"Description of Event 27, highlighting its importance."
1928,Event 28,"Description of Event 28, highlighting its importance."
1929,Event 29,"Description of Event 29, highlighting its importance."
1930,Event 30,"Description of Event 30, highlighting its importance."
1931,Event 31,"Description of Event 31, highlighting its importance."
1932,Event 32,"Description of Event 32, highlighting its importance."
1933,Event 33,"Description of Event 33, highlighting its importance."
1934,Event 34,"Description of Event 34, highlighting its importance."
1935,Event 35,"Description of Event 35, highlighting its importance."
1936,Event 36,"Description of Event 36, highlighting its importance."
1937,Event 37,"Description of Event 37, highlighting its importance."
1938,Event 38,"Description of Event 38, highlighting its importance."
1939,Event 39,"Description of Event 39, highlighting its importance."
1940,Event 40,"Description of Event 40, highlighting its importance."
1941,Event 41,"Description of Event 41, highlighting its importance."
1942,Event 42,"Description of Event 42, highlighting its importance."
1943,Event 43,"Description of Event 43, highlighting its importance."
1944,Event 44,"Description of Event 44, highlighting its importance."
1945,Event 45,"Description of Event 45, highlighting its importance."
1946,Event 46,"Description of Event 46, highlighting its importance."
1947,Event 47,"Description of Event 47, highlighting its importance."
1948,Event 48,"Description of Event 48, highlighting its importance."
1949,Event 49,"Description of Event 49, highlighting its importance."
1950,Event 50,"Description of Event 50, highlighting its importance."
1951,Event 51,"Description of Event 51, highlighting its importance."
1952,Event 52,"Description of Event 52, highlighting its importance."
1953,Event 53,"Description of Event 53, highlighting its importance."
1954,Event 54,"Description of Event 54, highlighting its importance."
1955,Event 55,"Description of Event 55, highlighting its importance."
1956,Event 56,"Description of Event 56, highlighting its importance."
1957,Event 57,"Description of Event 57, highlighting its importance."
1958,Event 58,"Description of Event 58, highlighting its importance."
1959,Event 59,"Description of Event 59, highlighting its importance."
1960,Event 60,"Description of Event 60, highlighting its importance."
1961,Event 61,"Description of Event 61, highlighting its importance."
1962,Event 62,"Description of Event 62, highlighting its importance."
1963,Event 63,"Description of Event 63, highlighting its importance."
1964,Event 64,"Description of Event 64, highlighting its importance."
1965,Event 65,"Description of Event 65, highlighting its importance."
1966,Event 66,"Description of Event 66, highlighting its importance."
1967,Event 67,"Description of Event 67, highlighting its importance."
1968,Event 68,"Description of Event 68, highlighting its importance."
1969,Event 69,"Description of Event 69, highlighting its importance."
1970,Event 70,"Description of Event 70, highlighting its importance."
1971,Event 71,"Description of Event 71, highlighting its importance."
1972,Event 72,"Description of Event 72, highlighting its importance."
1973,Event 73,"Description of Event 73, highlighting its importance."
1974,Event 74,"Description of Event 74, highlighting its importance."
1975,Event 75,"Description of Event 75, highlighting its importance."
1976,Event 76,"Description of Event 76, highlighting its importance."
1977,Event 77,"Description of Event 77, highlighting its importance."
1978,Event 78,"Description of Event 78, highlighting its importance."
1979,Event 79,"Description of Event 79, highlighting its importance."
1980,Event 80,"Description of Event 80, highlighting its importance."
1981,Event 81,"Description of Event 81, highlighting its importance."
1982,Event 82,"Description of Event 82, highlighting its importance."
1983,Event 83,"Description of Event 83, highlighting its importance."
1984,Event 84,"Description of Event 84, highlighting its importance."
1985,Event 85,"Description of Event 85, highlighting its importance."
1986,Event 86,"Description of Event 86, highlighting its importance."
1987,Event 87,"Description of Event 87, highlighting its importance."
1988,Event 88,"Description of Event 88, highlighting its importance."
1989,Event 89,"Description of Event 89, highlighting its importance."
1990,Event 90,"Description of Event 90, highlighting its importance."
1991,Event 91,"Description of Event 91, highlighting its importance."
1992,Event 92,"Description of Event 92, highlighting its importance."
1993,Event 93,"Description of Event 93, highlighting its importance."
1994,Event 94,"Description of Event 94, highlighting its importance."
1995,Event 95,"Description of Event 95, highlighting its importance."
1996,Event 96,"Description of Event 96, highlighting its importance."
1997,Event 97,"Description of Event 97, highlighting its importance."
1998,Event 98,"Description of Event 98, highlighting its importance."
1999,Event 99,"Description of Event 99, highlighting its importance."
2000,Event 100,"Description of Event 100, highlighting its importance."
2001,Event 101,"Description of Event 101, highlighting its importance."
2002,Event 102,"Description of Event 102, highlighting its importance."
2003,Event 103,"Description of Event 103, highlighting its importance."
2004,Event 104,"Description of Event 104, highlighting its importance."
2005,Event 105,"Description of Event 105, highlighting its importance."
2006,Event 106,"Description of Event 106, highlighting its importance."
2007,Event 107,"Description of Event 107, highlighting its importance."
2008,Event 108,"Description of Event 108, highlighting its importance."
2009,Event 109,"Description of Event 109, highlighting its importance."
2010,Event 110,"Description of Event 110, highlighting its importance."
2011,Event 111,"Description of Event 111, highlighting its importance."
2012,Event 112,"Description of Event 112, highlighting its importance."
2013,Event 113,"Description of Event 113, highlighting its importance."
2014,Event 114,"Description of Event 114, highlighting its importance."
2015,Event 115,"Description of Event 115, highlighting its importance."
2016,Event 116,"Description of Event 116, highlighting its importance."
2017,Event 117,"Description of Event 117, highlighting its importance."
2018,Event 118,"Description of Event 118, highlighting its importance."
2019,Event 119,"Description of Event 119, highlighting its importance."
2020,Event 120,"Description of Event 120, highlighting its importance."
1900,Event 121,"Description of Event 121, highlighting its importance."
1901,Event 122,"Description of Event 122, highlighting its importance."
1902,Event 123,"Description of Event 123, highlighting its importance."
1903,Event 124,"Description of Event 124, highlighting its importance."
1904,Event 125,"Description of Event 125, highlighting its importance."
1905,Event 126,"Description of Event 126, highlighting its importance."
1906,Event 127,"Description of Event 127, highlighting its importance."
1907,Event 128,"Description of Event 128, highlighting its importance."
1908,Event 129,"Description of Event 129, highlighting its importance."
1909,Event 130,"Description of Event 130, highlighting its importance."
1910,Event 131,"Description of Event 131, highlighting its importance."
1911,Event 132,"Description of Event 132, highlighting its importance."
1912,Event 133,"Description of Event 133, highlighting its importance."
1913,Event 134,"Description of Event 134, highlighting its importance."
1914,Event 135,"Description of Event 135, highlighting its importance."
1915,Event 136,"Description of Event 136, highlighting its importance."
1916,Event 137,"Description of Event 137, highlighting its importance."
1917,Event 138,"Description of Event 138, highlighting its importance."
1918,Event 139,"Description of Event 139, highlighting its importance."
1919,Event 140,"Description of Event 140, highlighting its importance."
1920,Event 141,"Description of Event 141, highlighting its importance."
1921,Event 142,"Description of Event 142, highlighting its importance."
1922,Event 143,"Description of Event 143, highlighting its importance."
1923,Event 144,"Description of Event 144, highlighting its importance."
1924,Event 145,"Description of Event 145, highlighting its importance."
1925,Event 146,"Description of Event 146, highlighting its importance."
1926,Event 147,"Description of Event 147, highlighting its importance."
1927,Event 148,"Description of Event 148, highlighting its importance."
1928,Event 149,"Description of Event 149, highlighting its importance."
1929,Event 150,"Description of Event 150, highlighting its importance."
1930,Event 151,"Description of Event 151, highlighting its importance."
1931,Event 152,"Description of Event 152, highlighting its importance."
1932,Event 153,"Description of Event 153, highlighting its importance."
1933,Event 154,"Description of Event 154, highlighting its importance."
1934,Event 155,"Description of Event 155, highlighting its importance."
1935,Event 156,"Description of Event 156, highlighting its importance."
1936,Event 157,"Description of Event 157, highlighting its importance."
1937,Event 158,"Description of Event 158, highlighting its importance."
1938,Event 159,"Description of Event 159, highlighting its importance."
1939,Event 160,"Description of Event 160, highlighting its importance."
1940,Event 161,"Description of Event 161, highlighting its importance."
1941,Event 162,"Description of Event 162, highlighting its importance."
1942,Event 163,"Description of Event 163, highlighting its importance."
1943,Event 164,"Description of Event 164, highlighting its importance."
1944,Event 165,"Description of Event 165, highlighting its importance."
1945,Event 166,"Description of Event 166, highlighting its importance."
1946,Event 167,"Description of Event 167, highlighting its importance."
1947,Event 168,"Description of Event 168, highlighting its importance."
1948,Event 169,"Description of Event 169, highlighting its importance."
1949,Event 170,"Description of Event 170, highlighting its importance."
1950,Event 171,"Description of Event 171, highlighting its importance."
1951,Event 172,"Description of Event 172, highlighting its importance."
1952,Event 173,"Description of Event 173, highlighting its importance."
1953,Event 174,"Description of Event 174, highlighting its importance."
1954,Event 175,"Description of Event 175, highlighting its importance."
1955,Event 176,"Description of Event 176, highlighting its importance."
1956,Event 177,"Description of Event 177, highlighting its importance."
1957,Event 178,"Description of Event 178, highlighting its importance."
1958,Event 179,"Description of Event 179, highlighting its importance."
1959,Event 180,"Description of Event 180, highlighting its importance."
1960,Event 181,"Description of Event 181, highlighting its importance."
1961,Event 182,"Description of Event 182, highlighting its importance."
1962,Event 183,"Description of Event 183, highlighting its importance."
1963,Event 184,"Description of Event 184, highlighting its importance."
1964,Event 185,"Description of Event 185, highlighting its importance."
1965,Event 186,"Description of Event 186, highlighting its importance."
1966,Event 187,"Description of Event 187, highlighting its importance."
1967,Event 188,"Description of Event 188, highlighting its importance."
1968,Event 189,"Description of Event 189, highlighting its importance."
1969,Event 190,"Description of Event 190, highlighting its importance."
1970,Event 191,"Description of Event 191, highlighting its importance."
1971,Event 192,"Description of Event 192, highlighting its importance."
1972,Event 193,"Description of Event 193, highlighting its importance."
1973,Event 194,"Description of Event 194, highlighting its importance."
1974,Event 195,"Description of Event 195, highlighting its importance."
1975,Event 196,"Description of Event 196, highlighting its importance."
1976,Event 197,"Description of Event 197, highlighting its importance."
1977,Event 198,"Description of Event 198, highlighting its importance."
1978,Event 199,"Description of Event 199, highlighting its importance."
1979,Event 200,"Description of Event 200, highlighting its importance."
1980,Event 201,"Description of Event 201, highlighting its importance."
1981,Event 202,"Description of Event 202, highlighting its importance."
1982,Event 203,"Description of Event 203, highlighting its importance."
1983,Event 204,"Description of Event 204, highlighting its importance."
1984,Event 205,"Description of Event 205, highlighting its importance."
1985,Event 206,"Description of Event 206, highlighting its importance."
1986,Event 207,"Description of Event 207, highlighting its importance."
1987,Event 208,"Description of Event 208, highlighting its importance."
1988,Event 209,"Description of Event 209, highlighting its importance."
1989,Event 210,"Description of Event 210, highlighting its importance."
1990,Event 211,"Description of Event 211, highlighting its importance."
1991,Event 212,"Description of Event 212, highlighting its importance."
1992,Event 213,"Description of Event 213, highlighting its importance."
1993,Event 214,"Description of Event 214, highlighting its importance."
1994,Event 215,"Description of Event 215, highlighting its importance."
1995,Event 216,"Description of Event 216, highlighting its importance."
1996,Event 217,"Description of Event 217, highlighting its importance."
1997,Event 218,"Description of Event 218, highlighting its importance."
1998,Event 219,"Description of Event 219, highlighting its importance."
1999,Event 220,"Description of Event 220, highlighting its importance."
2000,Event 221,"Description of Event 221, highlighting its importance."
2001,Event 222,"Description of Event 222, highlighting its importance."
2002,Event 223,"Description of Event 223, highlighting its importance."
2003,Event 224,"Description of Event 224, highlighting its importance."
2004,Event 225,"Description of Event 225, highlighting its importance."
2005,Event 226,"Description of Event 226, highlighting its importance."
2006,Event 227,"Description of Event 227, highlighting its importance."
2007,Event 228,"Description of Event 228, highlighting its importance."
2008,Event 229,"Description of Event 229, highlighting its importance."
2009,Event 230,"Description of Event 230, highlighting its importance."
2010,Event 231,"Description of Event 231, highlighting its importance."
2011,Event 232,"Description of Event 232, highlighting its importance."
2012,Event 233,"Description of Event 233, highlighting its importance."
2013,Event 234,"Description of Event 234, highlighting its importance."
2014,Event 235,"Description of Event 235, highlighting its importance."
2015,Event 236,"Description of Event 236, highlighting its importance."
2016,Event 237,"Description of Event 237, highlighting its importance."
2017,Event 238,"Description of Event 238, highlighting its importance."
2018,Event 239,"Description of Event 239, highlighting its importance."
2019,Event 240,"Description of Event 240, highlighting its importance."
2020,Event 241,"Description of Event 241, highlighting its importance."
1900,Event 242,"Description of Event 242, highlighting its importance."
1901,Event 243,"Description of Event 243, highlighting its importance."
1902,Event 244,"Description of Event 244, highlighting its importance."
1903,Event 245,"Description of Event 245, highlighting its importance."
1904,Event 246,"Description of Event 246, highlighting its importance."
1905,Event 247,"Description of Event 247, highlighting its importance."
1906,Event 248,"Description of Event 248, highlighting its importance."
1907,Event 249,"Description of Event 249, highlighting its importance."
1908,Event 250,"Description of Event 250, highlighting its importance."
1909,Event 251,"Description of Event 251, highlighting its importance."
1910,Event 252,"Description of Event 252, highlighting its importance."
1911,Event 253,"Description of Event 253, highlighting its importance."
1912,Event 254,"Description of Event 254, highlighting its importance."
1913,Event 255,"Description of Event 255, highlighting its importance."
1914,Event 256,"Description of Event 256, highlighting its importance."
1915,Event 257,"Description of Event 257, highlighting its importance."
1916,Event 258,"Description of Event 258, highlighting its importance."
1917,Event 259,"Description of Event 259, highlighting its importance."
1918,Event 260,"Description of Event 260, highlighting its importance."
1919,Event 261,"Description of Event 261, highlighting its importance."
1920,Event 262,"Description of Event 262, highlighting its importance."
1921,Event 263,"Description of Event 263, highlighting its importance."
1922,Event 264,"Description of Event 264, highlighting its importance."
1923,Event 265,"Description of Event 265, highlighting its importance."
1924,Event 266,"Description of Event 266, highlighting its importance."
1925,Event 267,"Description of Event 267, highlighting its importance."
1926,Event 268,"Description of Event 268, highlighting its importance."
1927,Event 269,"Description of Event 269, highlighting its importance."
1928,Event 270,"Description of Event 270, highlighting its importance."
1929,Event 271,"Description of Event 271, highlighting its importance."
1930,Event 272,"Description of Event 272, highlighting its importance."
1931,Event 273,"Description of Event 273, highlighting its importance."
1932,Event 274,"Description of Event 274, highlighting its importance."
1933,Event 275,"Description of Event 275, highlighting its importance."
1934,Event 276,"Description of Event 276, highlighting its importance."
1935,Event 277,"Description of Event 277, highlighting its importance."
1936,Event 278,"Description of Event 278, highlighting its importance."
1937,Event 279,"Description of Event 279, highlighting its importance."
1938,Event 280,"Description of Event 280, highlighting its importance."
1939,Event 281,"Description of Event 281, highlighting its importance."
1940,Event 282,"Description of Event 282, highlighting its importance."
1941,Event 283,"Description of Event 283, highlighting its importance."
1942,Event 284,"Description of Event 284, highlighting its importance."
1943,Event 285,"Description of Event 285, highlighting its importance."
1944,Event 286,"Description of Event 286, highlighting its importance."
1945,Event 287,"Description of Event 287, highlighting its importance."
1946,Event 288,"Description of Event 288, highlighting its importance."
1947,Event 289,"Description of Event 289, highlighting its importance."
1948,Event 290,"Description of Event 290, highlighting its importance."
1949,Event 291,"Description of Event 291, highlighting its importance."
1950,Event 292,"Description of Event 292, highlighting its importance."
1951,Event 293,"Description of Event 293, highlighting its importance."
1952,Event 294,"Description of Event 294, highlighting its importance."
1953,Event 295,"Description of Event 295, highlighting its importance."
1954,Event 296,"Description of Event 296, highlighting its importance."
1955,Event 297,"Description of Event 297, highlighting its importance."
1956,Event 298,"Description of Event 298, highlighting its importance."
1957,Event 299,"Description of Event 299, highlighting its importance."
1958,Event 300,"Description of Event 300, highlighting its importance."
1959,Event 301,"Description of Event 301, highlighting its importance."
1960,Event 302,"Description of Event 302, highlighting its importance."
1961,Event 303,"Description of Event 303, highlighting its importance."
1962,Event 304,"Description of Event 304, highlighting its importance."
1963,Event 305,"Description of Event 305, highlighting its importance."
1964,Event 306,"Description of Event 306, highlighting its importance."
1965,Event 307,"Description of Event 307, highlighting its importance."
1966,Event 308,"Description of Event 308, highlighting its importance."
1967,Event 309,"Description of Event 309, highlighting its importance."
1968,Event 310,"Description of Event 310, highlighting its importance."
1969,Event 311,"Description of Event 311, highlighting its importance."
1970,Event 312,"Description of Event 312, highlighting its importance."
1971,Event 313,"Description of Event 313, highlighting its importance."
1972,Event 314,"Description of Event 314, highlighting its importance."
1973,Event 315,"Description of Event 315, highlighting its importance."
1974,Event 316,"Description of Event 316, highlighting its importance."
1975,Event 317,"Description of Event 317, highlighting its importance."
1976,Event 318,"Description of Event 318, highlighting its importance."
1977,Event 319,"Description of Event 319, highlighting its importance."
1978,Event 320,"Description of Event 320, highlighting its importance."
1979,Event 321,"Description of Event 321, highlighting its importance."
1980,Event 322,"Description of Event 322, highlighting its importance."
1981,Event 323,"Description of Event 323, highlighting its importance."
1982,Event 324,"Description of Event 324, highlighting its importance."
1983,Event 325,"Description of Event 325, highlighting its importance."
1984,Event 326,"Description of Event 326, highlighting its importance."
1985,Event 327,"Description of Event 327, highlighting its importance."
1986,Event 328,"Description of Event 328, highlighting its importance."
1987,Event 329,"Description of Event 329, highlighting its importance."
1988,Event 330,"Description of Event 330, highlighting its importance."
1989,Event 331,"Description of Event 331, highlighting its importance."
1990,Event 332,"Description of Event 332, highlighting its importance."
1991,Event 333,"Description of Event 333, highlighting its importance."
1992,Event 334,"Description of Event 334, highlighting its importance."
1993,Event 335,"Description of Event 335, highlighting its importance."
1994,Event 336,"Description of Event 336, highlighting its importance."
1995,Event 337,"Description of Event 337, highlighting its importance."
1996,Event 338,"Description of Event 338, highlighting its importance."
1997,Event 339,"Description of Event 339, highlighting its importance."
1998,Event 340,"Description of Event 340, highlighting its importance."
1999,Event 341,"Description of Event 341, highlighting its importance."
2000,Event 342,"Description of Event 342, highlighting its importance."
2001,Event 343,"Description of Event 343, highlighting its importance."
2002,Event 344,"Description of Event 344, highlighting its importance."
2003,Event 345,"Description of Event 345, highlighting its importance."
2004,Event 346,"Description of Event 346, highlighting its importance."
2005,Event 347,"Description of Event 347, highlighting its importance."
2006,Event 348,"Description of Event 348, highlighting its importance."
2007,Event 349,"Description of Event 349, highlighting its importance."
2008,Event 350,"Description of Event 350, highlighting its importance."
2009,Event 351,"Description of Event 351, highlighting its importance."
2010,Event 352,"Description of Event 352, highlighting its importance."
2011,Event 353,"Description of Event 353, highlighting its importance."
2012,Event 354,"Description of Event 354, highlighting its importance."
2013,Event 355,"Description of Event 355, highlighting its importance."
2014,Event 356,"Description of Event 356, highlighting its importance."
2015,Event 357,"Description of Event 357, highlighting its importance."
2016,Event 358,"Description of Event 358, highlighting its importance."
2017,Event 359,"Description of Event 359, highlighting its importance."
2018,Event 360,"Description of Event 360, highlighting its importance."
2019,Event 361,"Description of Event 361, highlighting its importance."
2020,Event 362,"Description of Event 362, highlighting its importance."
1900,Event 363,"Description of Event 363, highlighting its importance."
1901,Event 364,"Description of Event 364, highlighting its importance."
1902,Event 365,"Description of Event 365, highlighting its importance."
1903,Event 366,"Description of Event 366, highlighting its importance."
1904,Event 367,"Description of Event 367, highlighting its importance."
1905,Event 368,"Description of Event 368, highlighting its importance."
1906,Event 369,"Description of Event 369, highlighting its importance."
1907,Event 370,"Description of Event 370, highlighting its importance."
1908,Event 371,"Description of Event 371, highlighting its importance."
1909,Event 372,"Description of Event 372, highlighting its importance."
1910,Event 373,"Description of Event 373, highlighting its importance."
1911,Event 374,"Description of Event 374, highlighting its importance."
1912,Event 375,"Description of Event 375, highlighting its importance."
1913,Event 376,"Description of Event 376, highlighting its importance."
1914,Event 377,"Description of Event 377, highlighting its importance."
1915,Event 378,"Description of Event 378, highlighting its importance."
1916,Event 379,"Description of Event 379, highlighting its importance."
1917,Event 380,"Description of Event 380, highlighting its importance."
1918,Event 381,"Description of Event 381, highlighting its importance."
1919,Event 382,"Description of Event 382, highlighting its importance."
1920,Event 383,"Description of Event 383, highlighting its importance."
1921,Event 384,"Description of Event 384, highlighting its importance."
1922,Event 385,"Description of Event 385, highlighting its importance."
1923,Event 386,"Description of Event 386, highlighting its importance."
1924,Event 387,"Description of Event 387, highlighting its importance."
1925,Event 388,"Description of Event 388, highlighting its importance."
1926,Event 389,"Description of Event 389, highlighting its importance."
1927,Event 390,"Description of Event 390, highlighting its importance."
1928,Event 391,"Description of Event 391, highlighting its importance."
1929,Event 392,"Description of Event 392, highlighting its importance."
1930,Event 393,"Description of Event 393, highlighting its importance."
1931,Event 394,"Description of Event 394, highlighting its importance."
1932,Event 395,"Description of Event 395, highlighting its importance."
1933,Event 396,"Description of Event 396, highlighting its importance."
1934,Event 397,"Description of Event 397, highlighting its importance."
1935,Event 398,"Description of Event 398, highlighting its importance."
1936,Event 399,"Description of Event 399, highlighting its importance."
1937,Event 400,"Description of Event 400, highlighting its importance."
1938,Event 401,"Description of Event 401, highlighting its importance."
1939,Event 402,"Description of Event 402, highlighting its importance."
1940,Event 403,"Description of Event 403, highlighting its importance."
1941,Event 404,"Description of Event 404, highlighting its importance."
1942,Event 405,"Description of Event 405, highlighting its importance."
1943,Event 406,"Description of Event 406, highlighting its importance."
1944,Event 407,"Description of Event 407, highlighting its importance."
1945,Event 408,"Description of Event 408, highlighting its importance."
1946,Event 409,"Description of Event 409, highlighting its importance."
1947,Event 410,"Description of Event 410, highlighting its importance."
1948,Event 411,"Description of Event 411, highlighting its importance."
1949,Event 412,"Description of Event 412, highlighting its importance."
1950,Event 413,"Description of Event 413, highlighting its importance."
1951,Event 414,"Description of Event 414, highlighting its importance."
1952,Event 415,"Description of Event 415, highlighting its importance."
1953,Event 416,"Description of Event 416, highlighting its importance."
1954,Event 417,"Description of Event 417, highlighting its importance."
1955,Event 418,"Description of Event 418, highlighting its importance."
1956,Event 419,"Description of Event 419, highlighting its importance."
1957,Event 420,"Description of Event 420, highlighting its importance."
1958,Event 421,"Description of Event 421, highlighting its importance."
1959,Event 422,"Description of Event 422, highlighting its importance."
1960,Event 423,"Description of Event 423, highlighting its importance."
1961,Event 424,"Description of Event 424, highlighting its importance."
1962,Event 425,"Description of Event 425, highlighting its importance."
1963,Event 426,"Description of Event 426, highlighting its importance."
1964,Event 427,"Description of Event 427, highlighting its importance."
1965,Event 428,"Description of Event 428, highlighting its importance."
1966,Event 429,"Description of Event 429, highlighting its importance."
1967,Event 430,"Description of Event 430, highlighting its importance."
1968,Event 431,"Description of Event 431, highlighting its importance."
1969,Event 432,"Description of Event 432, highlighting its importance."
1970,Event 433,"Description of Event 433, highlighting its importance."
1971,Event 434,"Description of Event 434, highlighting its importance."
1972,Event 435,"Description of Event 435, highlighting its importance."
1973,Event 436,"Description of Event 436, highlighting its importance."
1974,Event 437,"Description of Event 437, highlighting its importance."
1975,Event 438,"Description of Event 438, highlighting its importance."
1976,Event 439,"Description of Event 439, highlighting its importance."
1977,Event 440,"Description of Event 440, highlighting its importance."
1978,Event 441,"Description of Event 441, highlighting its importance."
1979,Event 442,"Description of Event 442, highlighting its importance."
1980,Event 443,"Description of Event 443, highlighting its importance."
1981,Event 444,"Description of Event 444, highlighting its importance."
1982,Event 445,"Description of Event 445, highlighting its importance."
1983,Event 446,"Description of Event 446, highlighting its importance."
1984,Event 447,"Description of Event 447, highlighting its importance."
1985,Event 448,"Description of Event 448, highlighting its importance."
1986,Event 449,"Description of Event 449, highlighting its importance."
1987,Event 450,"Description of Event 450, highlighting its importance."
1988,Event 451,"Description of Event 451, highlighting its importance."
1989,Event 452,"Description of Event 452, highlighting its importance."
1990,Event 453,"Description of Event 453, highlighting its importance."
1991,Event 454,"Description of Event 454, highlighting its importance."
1992,Event 455,"Description of Event 455, highlighting its importance."
1993,Event 456,"Description of Event 456, highlighting its importance."
1994,Event 457,"Description of Event 457, highlighting its importance."
1995,Event 458,"Description of Event 458, highlighting its importance."
1996,Event 459,"Description of Event 459, highlighting its importance."
1997,Event 460,"Description of Event 460, highlighting its importance."
1998,Event 461,"Description of Event 461, highlighting its importance."
1999,Event 462,"Description of Event 462, highlighting its importance."
2000,Event 463,"Description of Event 463, highlighting its importance."
2001,Event 464,"Description of Event 464, highlighting its importance."
2002,Event 465,"Description of Event 465, highlighting its importance."
2003,Event 466,"Description of Event 466, highlighting its importance."
2004,Event 467,"Description of Event 467, highlighting its importance."
2005,Event 468,"Description of Event 468, highlighting its importance."
2006,Event 469,"Description of Event 469, highlighting its importance."
2007,Event 470,"Description of Event 470, highlighting its importance."
2008,Event 471,"Description of Event 471, highlighting its importance."
2009,Event 472,"Description of Event 472, highlighting its importance."
2010,Event 473,"Description of Event 473, highlighting its importance."
2011,Event 474,"Description of Event 474, highlighting its importance."
2012,Event 475,"Description of Event 475, highlighting its importance."
2013,Event 476,"Description of Event 476, highlighting its importance."
2014,Event 477,"Description of Event 477, highlighting its importance."
2015,Event 478,"Description of Event 478, highlighting its importance."
2016,Event 479,"Description of Event 479, highlighting its importance."
2017,Event 480,"Description of Event 480, highlighting its importance."
2018,Event 481,"Description of Event 481, highlighting its importance."
2019,Event 482,"Description of Event 482, highlighting its importance."
2020,Event 483,"Description of Event 483, highlighting its importance."
1900,Event 484,"Description of Event 484, highlighting its importance."
1901,Event 485,"Description of Event 485, highlighting its importance."
1902,Event 486,"Description of Event 486, highlighting its importance."
1903,Event 487,"Description of Event 487, highlighting its importance."
1904,Event 488,"Description of Event 488, highlighting its importance."
1905,Event 489,"Description of Event 489, highlighting its importance."
1906,Event 490,"Description of Event 490, highlighting its importance."
1907,Event 491,"Description of Event 491, highlighting its importance."
1908,Event 492,"Description of Event 492, highlighting its importance."
1909,Event 493,"Description of Event 493, highlighting its importance."
1910,Event 494,"Description of Event 494, highlighting its importance."
1911,Event 495,"Description of Event 495, highlighting its importance."
1912,Event 496,"Description of Event 496, highlighting its importance."
1913,Event 497,"Description of Event 497, highlighting its importance."
1914,Event 498,"Description of Event 498, highlighting its importance."
1915,Event 499,"Description of Event 499, highlighting its importance."
1916,Event 500,"Description of Event 500, highlighting its importance."
1917,Event 501,"Description of Event 501, highlighting its importance."
1918,Event 502,"Description of Event 502, highlighting its importance."
1919,Event 503,"Description of Event 503, highlighting its importance."
1920,Event 504,"Description of Event 504, highlighting its importance."
1921,Event 505,"Description of Event 505, highlighting its importance."
1922,Event 506,"Description of Event 506, highlighting its importance."
1923,Event 507,"Description of Event 507, highlighting its importance."
1924,Event 508,"Description of Event 508, highlighting its importance."
1925,Event 509,"Description of Event 509, highlighting its importance."
1926,Event 510,"Description of Event 510, highlighting its importance."
1927,Event 511,"Description of Event 511, highlighting its importance."
1928,Event 512,"Description of Event 512, highlighting its importance."
1929,Event 513,"Description of Event 513, highlighting its importance."
1930,Event 514,"Description of Event 514, highlighting its importance."
1931,Event 515,"Description of Event 515, highlighting its importance."
1932,Event 516,"Description of Event 516, highlighting its importance."
1933,Event 517,"Description of Event 517, highlighting its importance."
1934,Event 518,"Description of Event 518, highlighting its importance."
1935,Event 519,"Description of Event 519, highlighting its importance."
1936,Event 520,"Description of Event 520, highlighting its importance."
1937,Event 521,"Description of Event 521, highlighting its importance."
1938,Event 522,"Description of Event 522, highlighting its importance."
1939,Event 523,"Description of Event 523, highlighting its importance."
1940,Event 524,"Description of Event 524, highlighting its importance."
1941,Event 525,"Description of Event 525, highlighting its importance."
1942,Event 526,"Description of Event 526, highlighting its importance."
1943,Event 527,"Description of Event 527, highlighting its importance."
1944,Event 528,"Description of Event 528, highlighting its importance."
1945,Event 529,"Description of Event 529, highlighting its importance."
1946,Event 530,"Description of Event 530, highlighting its importance."
1947,Event 531,"Description of Event 531, highlighting its importance."
1948,Event 532,"Description of Event 532, highlighting its importance."
1949,Event 533,"Description of Event 533, highlighting its importance."
1950,Event 534,"Description of Event 534, highlighting its importance."
1951,Event 535,"Description of Event 535, highlighting its importance."
1952,Event 536,"Description of Event 536, highlighting its importance."
1953,Event 537,"Description of Event 537, highlighting its importance."
1954,Event 538,"Description of Event 538, highlighting its importance."
1955,Event 539,"Description of Event 539, highlighting its importance."
1956,Event 540,"Description of Event 540, highlighting its importance."
1957,Event 541,"Description of Event 541, highlighting its importance."
1958,Event 542,"Description of Event 542, highlighting its importance."
1959,Event 543,"Description of Event 543, highlighting its importance."
1960,Event 544,"Description of Event 544, highlighting its importance."
1961,Event 545,"Description of Event 545, highlighting its importance."
1962,Event 546,"Description of Event 546, highlighting its importance."
1963,Event 547,"Description of Event 547, highlighting its importance."
1964,Event 548,"Description of Event 548, highlighting its importance."
1965,Event 549,"Description of Event 549, highlighting its importance."
1966,Event 550,"Description of Event 550, highlighting its importance."
1967,Event 551,"Description of Event 551, highlighting its importance."
1968,Event 552,"Description of Event 552, highlighting its importance."
1969,Event 553,"Description of Event 553, highlighting its importance."
1970,Event 554,"Description of Event 554, highlighting its importance."
1971,Event 555,"Description of Event 555, highlighting its importance."
1972,Event 556,"Description of Event 556, highlighting its importance."
1973,Event 557,"Description of Event 557, highlighting its importance."
1974,Event 558,"Description of Event 558, highlighting its importance."
1975,Event 559,"Description of Event 559, highlighting its importance."
1976,Event 560,"Description of Event 560, highlighting its importance."
1977,Event 561,"Description of Event 561, highlighting its importance."
1978,Event 562,"Description of Event 562, highlighting its importance."
1979,Event 563,"Description of Event 563, highlighting its importance."
1980,Event 564,"Description of Event 564, highlighting its importance."
1981,Event 565,"Description of Event 565, highlighting its importance."
1982,Event 566,"Description of Event 566, highlighting its importance."
1983,Event 567,"Description of Event 567, highlighting its importance."
1984,Event 568,"Description of Event 568, highlighting its importance."
1985,Event 569,"Description of Event 569, highlighting its importance."
1986,Event 570,"Description of Event 570, highlighting its importance."
1987,Event 571,"Description of Event 571, highlighting its importance."
1988,Event 572,"Description of Event 572, highlighting its importance."
1989,Event 573,"Description of Event 573, highlighting its importance."
1990,Event 574,"Description of Event 574, highlighting its importance."
1991,Event 575,"Description of Event 575, highlighting its importance."
1992,Event 576,"Description of Event 576, highlighting its importance."
1993,Event 577,"Description of Event 577, highlighting its importance."
1994,Event 578,"Description of Event 578, highlighting its importance."
1995,Event 579,"Description of Event 579, highlighting its importance."
1996,Event 580,"Description of Event 580, highlighting its importance."
1997,Event 581,"Description of Event 581, highlighting its importance."
1998,Event 582,"Description of Event 582, highlighting its importance."
1999,Event 583,"Description of Event 583, highlighting its importance."
2000,Event 584,"Description of Event 584, highlighting its importance."
2001,Event 585,"Description of Event 585, highlighting its importance."
2002,Event 586,"Description of Event 586, highlighting its importance."
2003,Event 587,"Description of Event 587, highlighting its importance."
2004,Event 588,"Description of Event 588, highlighting its importance."
2005,Event 589,"Description of Event 589, highlighting its importance."
2006,Event 590,"Description of Event 590, highlighting its importance."
2007,Event 591,"Description of Event 591, highlighting its importance."
2008,Event 592,"Description of Event 592, highlighting its importance."
2009,Event 593,"Description of Event 593, highlighting its importance."
2010,Event 594,"Description of Event 594, highlighting its importance."
2011,Event 595,"Description of Event 595, highlighting its importance."
2012,Event 596,"Description of Event 596, highlighting its importance."
2013,Event 597,"Description of Event 597, highlighting its importance."
2014,Event 598,"Description of Event 598, highlighting its importance."
2015,Event 599,"Description of Event 599, highlighting its importance."
2016,Event 600,"Description of Event 600, highlighting its importance."
2017,Event 601,"Description of Event 601, highlighting its importance."
2018,Event 602,"Description of Event 602, highlighting its importance."
2019,Event 603,"Description of Event 603, highlighting its importance."
2020,Event 604,"Description of Event 604, highlighting its importance."
1900,Event 605,"Description of Event 605, highlighting its importance."
1901,Event 606,"Description of Event 606, highlighting its importance."
1902,Event 607,"Description of Event 607, highlighting its importance."
1903,Event 608,"Description of Event 608, highlighting its importance."
1904,Event 609,"Description of Event 609, highlighting its importance."
1905,Event 610,"Description of Event 610, highlighting its importance."
1906,Event 611,"Description of Event 611, highlighting its importance."
1907,Event 612,"Description of Event 612, highlighting its importance."
1908,Event 613,"Description of Event 613, highlighting its importance."
1909,Event 614,"Description of Event 614, highlighting its importance."
1910,Event 615,"Description of Event 615, highlighting its importance."
1911,Event 616,"Description of Event 616, highlighting its importance."
1912,Event 617,"Description of Event 617, highlighting its importance."
1913,Event 618,"Description of Event 618, highlighting its importance."
1914,Event 619,"Description of Event 619, highlighting its importance."
1915,Event 620,"Description of Event 620, highlighting its importance."
1916,Event 621,"Description of Event 621, highlighting its importance."
1917,Event 622,"Description of Event 622, highlighting its importance."
1918,Event 623,"Description of Event 623, highlighting its importance."
1919,Event 624,"Description of Event 624, highlighting its importance."
1920,Event 625,"Description of Event 625, highlighting its importance."
1921,Event 626,"Description of Event 626, highlighting its importance."
1922,Event 627,"Description of Event 627, highlighting its importance."
1923,Event 628,"Description of Event 628, highlighting its importance."
1924,Event 629,"Description of Event 629, highlighting its importance."
1925,Event 630,"Description of Event 630, highlighting its importance."
1926,Event 631,"Description of Event 631, highlighting its importance."
1927,Event 632,"Description of Event 632, highlighting its importance."
1928,Event 633,"Description of Event 633, highlighting its importance."
1929,Event 634,"Description of Event 634, highlighting its importance."
1930,Event 635,"Description of Event 635, highlighting its importance."
1931,Event 636,"Description of Event 636, highlighting its importance."
1932,Event 637,"Description of Event 637, highlighting its importance."
1933,Event 638,"Description of Event 638, highlighting its importance."
1934,Event 639,"Description of Event 639, highlighting its importance."
1935,Event 640,"Description of Event 640, highlighting its importance."
1936,Event 641,"Description of Event 641, highlighting its importance."
1937,Event 642,"Description of Event 642, highlighting its importance."
1938,Event 643,"Description of Event 643, highlighting its importance."
1939,Event 644,"Description of Event 644, highlighting its importance."
1940,Event 645,"Description of Event 645, highlighting its importance."
1941,Event 646,"Description of Event 646, highlighting its importance."
1942,Event 647,"Description of Event 647, highlighting its importance."
1943,Event 648,"Description of Event 648, highlighting its importance."
1944,Event 649,"Description of Event 649, highlighting its importance."
1945,Event 650,"Description of Event 650, highlighting its importance."
1946,Event 651,"Description of Event 651, highlighting its importance."
1947,Event 652,"Description of Event 652, highlighting its importance."
1948,Event 653,"Description of Event 653, highlighting its importance."
1949,Event 654,"Description of Event 654, highlighting its importance."
1950,Event 655,"Description of Event 655, highlighting its importance."
1951,Event 656,"Description of Event 656, highlighting its importance."
1952,Event 657,"Description of Event 657, highlighting its importance."
1953,Event 658,"Description of Event 658, highlighting its importance."
1954,Event 659,"Description of Event 659, highlighting its importance."
1955,Event 660,"Description of Event 660, highlighting its importance."
1956,Event 661,"Description of Event 661, highlighting its importance."
1957,Event 662,"Description of Event 662, highlighting its importance."
1958,Event 663,"Description of Event 663, highlighting its importance."
1959,Event 664,"Description of Event 664, highlighting its importance."
1960,Event 665,"Description of Event 665, highlighting its importance."
1961,Event 666,"Description of Event 666, highlighting its importance."
1962,Event 667,"Description of Event 667, highlighting its importance."
1963,Event 668,"Description of Event 668, highlighting its importance."
1964,Event 669,"Description of Event 669, highlighting its importance."
1965,Event 670,"Description of Event 670, highlighting its importance."
1966,Event 671,"Description of Event 671, highlighting its importance."
1967,Event 672,"Description of Event 672, highlighting its importance."
1968,Event 673,"Description of Event 673, highlighting its importance."
1969,Event 674,"Description of Event 674, highlighting its importance."
1970,Event 675,"Description of Event 675, highlighting its importance."
1971,Event 676,"Description of Event 676, highlighting its importance."
1972,Event 677,"Description of Event 677, highlighting its importance."
1973,Event 678,"Description of Event 678, highlighting its importance."
1974,Event 679,"Description of Event 679, highlighting its importance."
1975,Event 680,"Description of Event 680, highlighting its importance."
1976,Event 681,"Description of Event 681, highlighting its importance."
1977,Event 682,"Description of Event 682, highlighting its importance."
1978,Event 683,"Description of Event 683, highlighting its importance."
1979,Event 684,"Description of Event 684, highlighting its importance."
1980,Event 685,"Description of Event 685, highlighting its importance."
1981,Event 686,"Description of Event 686, highlighting its importance."
1982,Event 687,"Description of Event 687, highlighting its importance."
1983,Event 688,"Description of Event 688, highlighting its importance."
1984,Event 689,"Description of Event 689, highlighting its importance."
1985,Event 690,"Description of Event 690, highlighting its importance."
1986,Event 691,"Description of Event 691, highlighting its importance."
1987,Event 692,"Description of Event 692, highlighting its importance."
1988,Event 693,"Description of Event 693, highlighting its importance."
1989,Event 694,"Description of Event 694, highlighting its importance."
1990,Event 695,"Description of Event 695, highlighting its importance."
1991,Event 696,"Description of Event 696, highlighting its importance."
1992,Event 697,"Description of Event 697, highlighting its importance."
1993,Event 698,"Description of Event 698, highlighting its importance."
1994,Event 699,"Description of Event 699, highlighting its importance."
1995,Event 700,"Description of Event 700, highlighting its importance."
1996,Event 701,"Description of Event 701, highlighting its importance."
1997,Event 702,"Description of Event 702, highlighting its importance."
1998,Event 703,"Description of Event 703, highlighting its importance."
1999,Event 704,"Description of Event 704, highlighting its importance."
2000,Event 705,"Description of Event 705, highlighting its importance."
2001,Event 706,"Description of Event 706, highlighting its importance."
2002,Event 707,"Description of Event 707, highlighting its importance."
2003,Event 708,"Description of Event 708, highlighting its importance."
2004,Event 709,"Description of Event 709, highlighting its importance."
2005,Event 710,"Description of Event 710, highlighting its importance."
2006,Event 711,"Description of Event 711, highlighting its importance."
2007,Event 712,"Description of Event 712, highlighting its importance."
2008,Event 713,"Description of Event 713, highlighting its importance."
2009,Event 714,"Description of Event 714, highlighting its importance."
2010,Event 715,"Description of Event 715, highlighting its importance."
2011,Event 716,"Description of Event 716, highlighting its importance."
2012,Event 717,"Description of Event 717, highlighting its importance."
2013,Event 718,"Description of Event 718, highlighting its importance."
2014,Event 719,"Description of Event 719, highlighting its importance."
2015,Event 720,"Description of Event 720, highlighting its importance."
2016,Event 721,"Description of Event 721, highlighting its importance."
2017,Event 722,"Description of Event 722, highlighting its importance."
2018,Event 723,"Description of Event 723, highlighting its importance."
2019,Event 724,"Description of Event 724, highlighting its importance."
2020,Event 725,"Description of Event 725, highlighting its importance."
1900,Event 726,"Description of Event 726, highlighting its importance."
1901,Event 727,"Description of Event 727, highlighting its importance."
1902,Event 728,"Description of Event 728, highlighting its importance."
1903,Event 729,"Description of Event 729, highlighting its importance."
1904,Event 730,"Description of Event 730, highlighting its importance."
1905,Event 731,"Description of Event 731, highlighting its importance."
1906,Event 732,"Description of Event 732, highlighting its importance."
1907,Event 733,"Description of Event 733, highlighting its importance."
1908,Event 734,"Description of Event 734, highlighting its importance."
1909,Event 735,"Description of Event 735, highlighting its importance."
1910,Event 736,"Description of Event 736, highlighting its importance."
1911,Event 737,"Description of Event 737, highlighting its importance."
1912,Event 738,"Description of Event 738, highlighting its importance."
1913,Event 739,"Description of Event 739, highlighting its importance."
1914,Event 740,"Description of Event 740, highlighting its importance."
1915,Event 741,"Description of Event 741, highlighting its importance."
1916,Event 742,"Description of Event 742, highlighting its importance."
1917,Event 743,"Description of Event 743, highlighting its importance."
1918,Event 744,"Description of Event 744, highlighting its importance."
1919,Event 745,"Description of Event 745, highlighting its importance."
1920,Event 746,"Description of Event 746, highlighting its importance."
1921,Event 747,"Description of Event 747, highlighting its importance."
1922,Event 748,"Description of Event 748, highlighting its importance."
1923,Event 749,"Description of Event 749, highlighting its importance."
1924,Event 750,"Description of Event 750, highlighting its importance."
1925,Event 751,"Description of Event 751, highlighting its importance."
1926,Event 752,"Description of Event 752, highlighting its importance."
1927,Event 753,"Description of Event 753, highlighting its importance."
1928,Event 754,"Description of Event 754, highlighting its importance."
1929,Event 755,"Description of Event 755, highlighting its importance."
1930,Event 756,"Description of Event 756, highlighting its importance."
1931,Event 757,"Description of Event 757, highlighting its importance."
1932,Event 758,"Description of Event 758, highlighting its importance."
1933,Event 759,"Description of Event 759, highlighting its importance."
1934,Event 760,"Description of Event 760, highlighting its importance."
1935,Event 761,"Description of Event 761, highlighting its importance."
1936,Event 762,"Description of Event 762, highlighting its importance."
1937,Event 763,"Description of Event 763, highlighting its importance."
1938,Event 764,"Description of Event 764, highlighting its importance."
1939,Event 765,"Description of Event 765, highlighting its importance."
1940,Event 766,"Description of Event 766, highlighting its importance."
1941,Event 767,"Description of Event 767, highlighting its importance."
1942,Event 768,"Description of Event 768, highlighting its importance."
1943,Event 769,"Description of Event 769, highlighting its importance."
1944,Event 770,"Description of Event 770, highlighting its importance."
1945,Event 771,"Description of Event 771, highlighting its importance."
1946,Event 772,"Description of Event 772, highlighting its importance."
1947,Event 773,"Description of Event 773, highlighting its importance."
1948,Event 774,"Description of Event 774, highlighting its importance."
1949,Event 775,"Description of Event 775, highlighting its importance."
1950,Event 776,"Description of Event 776, highlighting its importance."
1951,Event 777,"Description of Event 777, highlighting its importance."
1952,Event 778,"Description of Event 778, highlighting its importance."
1953,Event 779,"Description of Event 779, highlighting its importance."
1954,Event 780,"Description of Event 780, highlighting its importance."
1955,Event 781,"Description of Event 781, highlighting its importance."
1956,Event 782,"Description of Event 782, highlighting its importance."
1957,Event 783,"Description of Event 783, highlighting its importance."
1958,Event 784,"Description of Event 784, highlighting its importance."
1959,Event 785,"Description of Event 785, highlighting its importance."
1960,Event 786,"Description of Event 786, highlighting its importance."
1961,Event 787,"Description of Event 787, highlighting its importance."
1962,Event 788,"Description of Event 788, highlighting its importance."
1963,Event 789,"Description of Event 789, highlighting its importance."
1964,Event 790,"Description of Event 790, highlighting its importance."
1965,Event 791,"Description of Event 791, highlighting its importance."
1966,Event 792,"Description of Event 792, highlighting its importance."
1967,Event 793,"Description of Event 793, highlighting its importance."
1968,Event 794,"Description of Event 794, highlighting its importance."
1969,Event 795,"Description of Event 795, highlighting its importance."
1970,Event 796,"Description of Event 796, highlighting its importance."
1971,Event 797,"Description of Event 797, highlighting its importance."
1972,Event 798,"Description of Event 798, highlighting its importance."
1973,Event 799,"Description of Event 799, highlighting its importance."
1974,Event 800,"Description of Event 800, highlighting its importance."
1975,Event 801,"Description of Event 801, highlighting its importance."
1976,Event 802,"Description of Event 802, highlighting its importance."
1977,Event 803,"Description of Event 803, highlighting its importance."
1978,Event 804,"Description of Event 804, highlighting its importance."
1979,Event 805,"Description of Event 805, highlighting its importance."
1980,Event 806,"Description of Event 806, highlighting its importance."
1981,Event 807,"Description of Event 807, highlighting its importance."
1982,Event 808,"Description of Event 808, highlighting its importance."
1983,Event 809,"Description of Event 809, highlighting its importance."
1984,Event 810,"Description of Event 810, highlighting its importance."
1985,Event 811,"Description of Event 811, highlighting its importance."
1986,Event 812,"Description of Event 812, highlighting its importance."
1987,Event 813,"Description of Event 813, highlighting its importance."
1988,Event 814,"Description of Event 814, highlighting its importance."
1989,Event 815,"Description of Event 815, highlighting its importance."
1990,Event 816,"Description of Event 816, highlighting its importance."
1991,Event 817,"Description of Event 817, highlighting its importance."
1992,Event 818,"Description of Event 818, highlighting its importance."
1993,Event 819,"Description of Event 819, highlighting its importance."
1994,Event 820,"Description of Event 820, highlighting its importance."
1995,Event 821,"Description of Event 821, highlighting its importance."
1996,Event 822,"Description of Event 822, highlighting its importance."
1997,Event 823,"Description of Event 823, highlighting its importance."
1998,Event 824,"Description of Event 824, highlighting its importance."
1999,Event 825,"Description of Event 825, highlighting its importance."
2000,Event 826,"Description of Event 826, highlighting its importance."
2001,Event 827,"Description of Event 827, highlighting its importance."
2002,Event 828,"Description of Event 828, highlighting its importance."
2003,Event 829,"Description of Event 829, highlighting its importance."
2004,Event 830,"Description of Event 830, highlighting its importance."
2005,Event 831,"Description of Event 831, highlighting its importance."
2006,Event 832,"Description of Event 832, highlighting its importance."
2007,Event 833,"Description of Event 833, highlighting its importance."
2008,Event 834,"Description of Event 834, highlighting its importance."
2009,Event 835,"Description of Event 835, highlighting its importance."
2010,Event 836,"Description of Event 836, highlighting its importance."
2011,Event 837,"Description of Event 837, highlighting its importance."
2012,Event 838,"Description of Event 838, highlighting its importance."
2013,Event 839,"Description of Event 839, highlighting its importance."
2014,Event 840,"Description of Event 840, highlighting its importance."
2015,Event 841,"Description of Event 841, highlighting its importance."
2016,Event 842,"Description of Event 842, highlighting its importance."
2017,Event 843,"Description of Event 843, highlighting its importance."
2018,Event 844,"Description of Event 844, highlighting its importance."
2019,Event 845,"Description of Event 845, highlighting its importance."
2020,Event 846,"Description of Event 846, highlighting its importance."
1900,Event 847,"Description of Event 847, highlighting its importance."
1901,Event 848,"Description of Event 848, highlighting its importance."
1902,Event 849,"Description of Event 849, highlighting its importance."
1903,Event 850,"Description of Event 850, highlighting its importance."
1904,Event 851,"Description of Event 851, highlighting its importance."
1905,Event 852,"Description of Event 852, highlighting its importance."
1906,Event 853,"Description of Event 853, highlighting its importance."
1907,Event 854,"Description of Event 854, highlighting its importance."
1908,Event 855,"Description of Event 855, highlighting its importance."
1909,Event 856,"Description of Event 856, highlighting its importance."
1910,Event 857,"Description of Event 857, highlighting its importance."
1911,Event 858,"Description of Event 858, highlighting its importance."
1912,Event 859,"Description of Event 859, highlighting its importance."
1913,Event 860,"Description of Event 860, highlighting its importance."
1914,Event 861,"Description of Event 861, highlighting its importance."
1915,Event 862,"Description of Event 862, highlighting its importance."
1916,Event 863,"Description of Event 863, highlighting its importance."
1917,Event 864,"Description of Event 864, highlighting its importance."
1918,Event 865,"Description of Event 865, highlighting its importance."
1919,Event 866,"Description of Event 866, highlighting its importance."
1920,Event 867,"Description of Event 867, highlighting its importance."
1921,Event 868,"Description of Event 868, highlighting its importance."
1922,Event 869,"Description of Event 869, highlighting its importance."
1923,Event 870,"Description of Event 870, highlighting its importance."
1924,Event 871,"Description of Event 871, highlighting its importance."
1925,Event 872,"Description of Event 872, highlighting its importance."
1926,Event 873,"Description of Event 873, highlighting its importance."
1927,Event 874,"Description of Event 874, highlighting its importance."
1928,Event 875,"Description of Event 875, highlighting its importance."
1929,Event 876,"Description of Event 876, highlighting its importance."
1930,Event 877,"Description of Event 877, highlighting its importance."
1931,Event 878,"Description of Event 878, highlighting its importance."
1932,Event 879,"Description of Event 879, highlighting its importance."
1933,Event 880,"Description of Event 880, highlighting its importance."
1934,Event 881,"Description of Event 881, highlighting its importance."
1935,Event 882,"Description of Event 882, highlighting its importance."
1936,Event 883,"Description of Event 883, highlighting its importance."
1937,Event 884,"Description of Event 884, highlighting its importance."
1938,Event 885,"Description of Event 885, highlighting its importance."
1939,Event 886,"Description of Event 886, highlighting its importance."
1940,Event 887,"Description of Event 887, highlighting its importance."
1941,Event 888,"Description of Event 888, highlighting its importance."
1942,Event 889,"Description of Event 889, highlighting its importance."
1943,Event 890,"Description of Event 890, highlighting its importance."
1944,Event 891,"Description of Event 891, highlighting its importance."
1945,Event 892,"Description of Event 892, highlighting its importance."
1946,Event 893,"Description of Event 893, highlighting its importance."
1947,Event 894,"Description of Event 894, highlighting its importance."
1948,Event 895,"Description of Event 895, highlighting its importance."
1949,Event 896,"Description of Event 896, highlighting its importance."
1950,Event 897,"Description of Event 897, highlighting its importance."
1951,Event 898,"Description of Event 898, highlighting its importance."
1952,Event 899,"Description of Event 899, highlighting its importance."
1953,Event 900,"Description of Event 900, highlighting its importance."
1954,Event 901,"Description of Event 901, highlighting its importance."
1955,Event 902,"Description of Event 902, highlighting its importance."
1956,Event 903,"Description of Event 903, highlighting its importance."
1957,Event 904,"Description of Event 904, highlighting its importance."
1958,Event 905,"Description of Event 905, highlighting its importance."
1959,Event 906,"Description of Event 906, highlighting its importance."
1960,Event 907,"Description of Event 907, highlighting its importance."
1961,Event 908,"Description of Event 908, highlighting its importance."
1962,Event 909,"Description of Event 909, highlighting its importance."
1963,Event 910,"Description of Event 910, highlighting its importance."
1964,Event 911,"Description of Event 911, highlighting its importance."
1965,Event 912,"Description of Event 912, highlighting its importance."
1966,Event 913,"Description of Event 913, highlighting its importance."
1967,Event 914,"Description of Event 914, highlighting its importance."
1968,Event 915,"Description of Event 915, highlighting its importance."
1969,Event 916,"Description of Event 916, highlighting its importance."
1970,Event 917,"Description of Event 917, highlighting its importance."
1971,Event 918,"Description of Event 918, highlighting its importance."
1972,Event 919,"Description of Event 919, highlighting its importance."
1973,Event 920,"Description of Event 920, highlighting its importance."
1974,Event 921,"Description of Event 921, highlighting its importance."
1975,Event 922,"Description of Event 922, highlighting its importance."
1976,Event 923,"Description of Event 923, highlighting its importance."
1977,Event 924,"Description of Event 924, highlighting its importance."
1978,Event 925,"Description of Event 925, highlighting its importance."
1979,Event 926,"Description of Event 926, highlighting its importance."
1980,Event 927,"Description of Event 927, highlighting its importance."
1981,Event 928,"Description of Event 928, highlighting its importance."
1982,Event 929,"Description of Event 929, highlighting its importance."
1983,Event 930,"Description of Event 930, highlighting its importance."
1984,Event 931,"Description of Event 931, highlighting its importance."
1985,Event 932,"Description of Event 932, highlighting its importance."
1986,Event 933,"Description of Event 933, highlighting its importance."
1987,Event 934,"Description of Event 934, highlighting its importance."
1988,Event 935,"Description of Event 935, highlighting its importance."
1989,Event 936,"Description of Event 936, highlighting its importance."
1990,Event 937,"Description of Event 937, highlighting its importance."
1991,Event 938,"Description of Event 938, highlighting its importance."
1992,Event 939,"Description of Event 939, highlighting its importance."
1993,Event 940,"Description of Event 940, highlighting its importance."
1994,Event 941,"Description of Event 941, highlighting its importance."
1995,Event 942,"Description of Event 942, highlighting its importance."
1996,Event 943,"Description of Event 943, highlighting its importance."
1997,Event 944,"Description of Event 944, highlighting its importance."
1998,Event 945,"Description of Event 945, highlighting its importance."
1999,Event 946,"Description of Event 946, highlighting its importance."
2000,Event 947,"Description of Event 947, highlighting its importance."
2001,Event 948,"Description of Event 948, highlighting its importance."
2002,Event 949,"Description of Event 949, highlighting its importance."
2003,Event 950,"Description of Event 950, highlighting its importance."
2004,Event 951,"Description of Event 951, highlighting its importance."
2005,Event 952,"Description of Event 952, highlighting its importance."
2006,Event 953,"Description of Event 953, highlighting its importance."
2007,Event 954,"Description of Event 954, highlighting its importance."
2008,Event 955,"Description of Event 955, highlighting its importance."
2009,Event 956,"Description of Event 956, highlighting its importance."
2010,Event 957,"Description of Event 957, highlighting its importance."
2011,Event 958,"Description of Event 958, highlighting its importance."
2012,Event 959,"Description of Event 959, highlighting its importance."
2013,Event 960,"Description of Event 960, highlighting its importance."
2014,Event 961,"Description of Event 961, highlighting its importance."
2015,Event 962,"Description of Event 962, highlighting its importance."
2016,Event 963,"Description of Event 963, highlighting its importance."
2017,Event 964,"Description of Event 964, highlighting its importance."
2018,Event 965,"Description of Event 965, highlighting its importance."
2019,Event 966,"Description of Event 966, highlighting its importance."
2020,Event 967,"Description of Event 967, highlighting its importance."
1900,Event 968,"Description of Event 968, highlighting its importance."
1901,Event 969,"Description of Event 969, highlighting its importance."
1902,Event 970,"Description of Event 970, highlighting its importance."
1903,Event 971,"Description of Event 971, highlighting its importance."
1904,Event 972,"Description of Event 972, highlighting its importance."
1905,Event 973,"Description of Event 973, highlighting its importance."
1906,Event 974,"Description of Event 974, highlighting its importance."
1907,Event 975,"Description of Event 975, highlighting its importance."
1908,Event 976,"Description of Event 976, highlighting its importance."
1909,Event 977,"Description of Event 977, highlighting its importance."
1910,Event 978,"Description of Event 978, highlighting its importance."
1911,Event 979,"Description of Event 979, highlighting its importance."
1912,Event 980,"Description of Event 980, highlighting its importance."
1913,Event 981,"Description of Event 981, highlighting its importance."
1914,Event 982,"Description of Event 982, highlighting its importance."
1915,Event 983,"Description of Event 983, highlighting its importance."
1916,Event 984,"Description of Event 984, highlighting its importance."
1917,Event 985,"Description of Event 985, highlighting its importance."
1918,Event 986,"Description of Event 986, highlighting its importance."
1919,Event 987,"Description of Event 987, highlighting its importance."
1920,Event 988,"Description of Event 988, highlighting its importance."
1921,Event 989,"Description of Event 989, highlighting its importance."
1922,Event 990,"Description of Event 990, highlighting its importance."
1923,Event 991,"Description of Event 991, highlighting its importance."
1924,Event 992,"Description of Event 992, highlighting its importance."
1925,Event 993,"Description of Event 993, highlighting its importance."
1926,Event 994,"Description of Event 994, highlighting its importance."
1927,Event 995,"Description of Event 995, highlighting its importance."
1928,Event 996,"Description of Event 996, highlighting its importance."
1929,Event 997,"Description of Event 997, highlighting its importance."
1930,Event 998,"Description of Event 998, highlighting its importance."
1931,Event 999,"Description of Event 999, highlighting its importance."
1932,Event 1000,"Description of Event 1000, highlighting its importance."
