Job Title,Skills Required,Location,Salary,Description
Job Title 1,"Skill 1, Skill 2, Skill 3",City 1,$50100,Description for Job 1
Job Title 2,"Skill 2, Skill 3, Skill 4",City 2,$50200,Description for Job 2
Job Title 3,"Skill 3, Skill 4, Skill 5",City 3,$50300,Description for Job 3
Job Title 4,"Skill 4, Skill 5, Skill 6",City 4,$50400,Description for Job 4
Job Title 5,"Skill 5, Skill 6, Skill 7",City 5,$50500,Description for Job 5
Job Title 6,"Skill 6, Skill 7, Skill 8",City 6,$50600,Description for Job 6
Job Title 7,"Skill 7, Skill 8, Skill 9",City 7,$50700,Description for Job 7
Job Title 8,"Skill 8, Skill 9, Skill 10",City 8,$50800,Description for Job 8
Job Title 9,"Skill 9, Skill 10, Skill 11",City 9,$50900,Description for Job 9
Job Title 10,"Skill 10, Skill 11, Skill 12",City 10,$51000,Description for Job 10
Job Title 11,"Skill 11, Skill 12, Skill 13",City 11,$51100,Description for Job 11
Job Title 12,"Skill 12, Skill 13, Skill 14",City 12,$51200,Description for Job 12
Job Title 13,"Skill 13, Skill 14, Skill 15",City 13,$51300,Description for Job 13
Job Title 14,"Skill 14, Skill 15, Skill 16",City 14,$51400,Description for Job 14
Job Title 15,"Skill 15, Skill 16, Skill 17",City 15,$51500,Description for Job 15
Job Title 16,"Skill 16, Skill 17, Skill 18",City 16,$51600,Description for Job 16
Job Title 17,"Skill 17, Skill 18, Skill 19",City 17,$51700,Description for Job 17
Job Title 18,"Skill 18, Skill 19, Skill 20",City 18,$51800,Description for Job 18
Job Title 19,"Skill 19, Skill 20, Skill 21",City 19,$51900,Description for Job 19
Job Title 20,"Skill 20, Skill 21, Skill 22",City 20,$52000,Description for Job 20
Job Title 21,"Skill 21, Skill 22, Skill 23",City 21,$52100,Description for Job 21
Job Title 22,"Skill 22, Skill 23, Skill 24",City 22,$52200,Description for Job 22
Job Title 23,"Skill 23, Skill 24, Skill 25",City 23,$52300,Description for Job 23
Job Title 24,"Skill 24, Skill 25, Skill 26",City 24,$52400,Description for Job 24
Job Title 25,"Skill 25, Skill 26, Skill 27",City 25,$52500,Description for Job 25
Job Title 26,"Skill 26, Skill 27, Skill 28",City 26,$52600,Description for Job 26
Job Title 27,"Skill 27, Skill 28, Skill 29",City 27,$52700,Description for Job 27
Job Title 28,"Skill 28, Skill 29, Skill 30",City 28,$52800,Description for Job 28
Job Title 29,"Skill 29, Skill 30, Skill 31",City 29,$52900,Description for Job 29
Job Title 30,"Skill 30, Skill 31, Skill 32",City 30,$53000,Description for Job 30
Job Title 31,"Skill 31, Skill 32, Skill 33",City 31,$53100,Description for Job 31
Job Title 32,"Skill 32, Skill 33, Skill 34",City 32,$53200,Description for Job 32
Job Title 33,"Skill 33, Skill 34, Skill 35",City 33,$53300,Description for Job 33
Job Title 34,"Skill 34, Skill 35, Skill 36",City 34,$53400,Description for Job 34
Job Title 35,"Skill 35, Skill 36, Skill 37",City 35,$53500,Description for Job 35
Job Title 36,"Skill 36, Skill 37, Skill 38",City 36,$53600,Description for Job 36
Job Title 37,"Skill 37, Skill 38, Skill 39",City 37,$53700,Description for Job 37
Job Title 38,"Skill 38, Skill 39, Skill 40",City 38,$53800,Description for Job 38
Job Title 39,"Skill 39, Skill 40, Skill 41",City 39,$53900,Description for Job 39
Job Title 40,"Skill 40, Skill 41, Skill 42",City 40,$54000,Description for Job 40
Job Title 41,"Skill 41, Skill 42, Skill 43",City 41,$54100,Description for Job 41
Job Title 42,"Skill 42, Skill 43, Skill 44",City 42,$54200,Description for Job 42
Job Title 43,"Skill 43, Skill 44, Skill 45",City 43,$54300,Description for Job 43
Job Title 44,"Skill 44, Skill 45, Skill 46",City 44,$54400,Description for Job 44
Job Title 45,"Skill 45, Skill 46, Skill 47",City 45,$54500,Description for Job 45
Job Title 46,"Skill 46, Skill 47, Skill 48",City 46,$54600,Description for Job 46
Job Title 47,"Skill 47, Skill 48, Skill 49",City 47,$54700,Description for Job 47
Job Title 48,"Skill 48, Skill 49, Skill 50",City 48,$54800,Description for Job 48
Job Title 49,"Skill 49, Skill 50, Skill 51",City 49,$54900,Description for Job 49
Job Title 50,"Skill 50, Skill 51, Skill 52",City 50,$55000,Description for Job 50
Job Title 51,"Skill 51, Skill 52, Skill 53",City 51,$55100,Description for Job 51
Job Title 52,"Skill 52, Skill 53, Skill 54",City 52,$55200,Description for Job 52
Job Title 53,"Skill 53, Skill 54, Skill 55",City 53,$55300,Description for Job 53
Job Title 54,"Skill 54, Skill 55, Skill 56",City 54,$55400,Description for Job 54
Job Title 55,"Skill 55, Skill 56, Skill 57",City 55,$55500,Description for Job 55
Job Title 56,"Skill 56, Skill 57, Skill 58",City 56,$55600,Description for Job 56
Job Title 57,"Skill 57, Skill 58, Skill 59",City 57,$55700,Description for Job 57
Job Title 58,"Skill 58, Skill 59, Skill 60",City 58,$55800,Description for Job 58
Job Title 59,"Skill 59, Skill 60, Skill 61",City 59,$55900,Description for Job 59
Job Title 60,"Skill 60, Skill 61, Skill 62",City 60,$56000,Description for Job 60
Job Title 61,"Skill 61, Skill 62, Skill 63",City 61,$56100,Description for Job 61
Job Title 62,"Skill 62, Skill 63, Skill 64",City 62,$56200,Description for Job 62
Job Title 63,"Skill 63, Skill 64, Skill 65",City 63,$56300,Description for Job 63
Job Title 64,"Skill 64, Skill 65, Skill 66",City 64,$56400,Description for Job 64
Job Title 65,"Skill 65, Skill 66, Skill 67",City 65,$56500,Description for Job 65
Job Title 66,"Skill 66, Skill 67, Skill 68",City 66,$56600,Description for Job 66
Job Title 67,"Skill 67, Skill 68, Skill 69",City 67,$56700,Description for Job 67
Job Title 68,"Skill 68, Skill 69, Skill 70",City 68,$56800,Description for Job 68
Job Title 69,"Skill 69, Skill 70, Skill 71",City 69,$56900,Description for Job 69
Job Title 70,"Skill 70, Skill 71, Skill 72",City 70,$57000,Description for Job 70
Job Title 71,"Skill 71, Skill 72, Skill 73",City 71,$57100,Description for Job 71
Job Title 72,"Skill 72, Skill 73, Skill 74",City 72,$57200,Description for Job 72
Job Title 73,"Skill 73, Skill 74, Skill 75",City 73,$57300,Description for Job 73
Job Title 74,"Skill 74, Skill 75, Skill 76",City 74,$57400,Description for Job 74
Job Title 75,"Skill 75, Skill 76, Skill 77",City 75,$57500,Description for Job 75
Job Title 76,"Skill 76, Skill 77, Skill 78",City 76,$57600,Description for Job 76
Job Title 77,"Skill 77, Skill 78, Skill 79",City 77,$57700,Description for Job 77
Job Title 78,"Skill 78, Skill 79, Skill 80",City 78,$57800,Description for Job 78
Job Title 79,"Skill 79, Skill 80, Skill 81",City 79,$57900,Description for Job 79
Job Title 80,"Skill 80, Skill 81, Skill 82",City 80,$58000,Description for Job 80
Job Title 81,"Skill 81, Skill 82, Skill 83",City 81,$58100,Description for Job 81
Job Title 82,"Skill 82, Skill 83, Skill 84",City 82,$58200,Description for Job 82
Job Title 83,"Skill 83, Skill 84, Skill 85",City 83,$58300,Description for Job 83
Job Title 84,"Skill 84, Skill 85, Skill 86",City 84,$58400,Description for Job 84
Job Title 85,"Skill 85, Skill 86, Skill 87",City 85,$58500,Description for Job 85
Job Title 86,"Skill 86, Skill 87, Skill 88",City 86,$58600,Description for Job 86
Job Title 87,"Skill 87, Skill 88, Skill 89",City 87,$58700,Description for Job 87
Job Title 88,"Skill 88, Skill 89, Skill 90",City 88,$58800,Description for Job 88
Job Title 89,"Skill 89, Skill 90, Skill 91",City 89,$58900,Description for Job 89
Job Title 90,"Skill 90, Skill 91, Skill 92",City 90,$59000,Description for Job 90
Job Title 91,"Skill 91, Skill 92, Skill 93",City 91,$59100,Description for Job 91
Job Title 92,"Skill 92, Skill 93, Skill 94",City 92,$59200,Description for Job 92
Job Title 93,"Skill 93, Skill 94, Skill 95",City 93,$59300,Description for Job 93
Job Title 94,"Skill 94, Skill 95, Skill 96",City 94,$59400,Description for Job 94
Job Title 95,"Skill 95, Skill 96, Skill 97",City 95,$59500,Description for Job 95
Job Title 96,"Skill 96, Skill 97, Skill 98",City 96,$59600,Description for Job 96
Job Title 97,"Skill 97, Skill 98, Skill 99",City 97,$59700,Description for Job 97
Job Title 98,"Skill 98, Skill 99, Skill 100",City 98,$59800,Description for Job 98
Job Title 99,"Skill 99, Skill 100, Skill 101",City 99,$59900,Description for Job 99
Job Title 100,"Skill 100, Skill 101, Skill 102",City 100,$60000,Description for Job 100
Job Title 101,"Skill 101, Skill 102, Skill 103",City 101,$60100,Description for Job 101
Job Title 102,"Skill 102, Skill 103, Skill 104",City 102,$60200,Description for Job 102
Job Title 103,"Skill 103, Skill 104, Skill 105",City 103,$60300,Description for Job 103
Job Title 104,"Skill 104, Skill 105, Skill 106",City 104,$60400,Description for Job 104
Job Title 105,"Skill 105, Skill 106, Skill 107",City 105,$60500,Description for Job 105
Job Title 106,"Skill 106, Skill 107, Skill 108",City 106,$60600,Description for Job 106
Job Title 107,"Skill 107, Skill 108, Skill 109",City 107,$60700,Description for Job 107
Job Title 108,"Skill 108, Skill 109, Skill 110",City 108,$60800,Description for Job 108
Job Title 109,"Skill 109, Skill 110, Skill 111",City 109,$60900,Description for Job 109
Job Title 110,"Skill 110, Skill 111, Skill 112",City 110,$61000,Description for Job 110
Job Title 111,"Skill 111, Skill 112, Skill 113",City 111,$61100,Description for Job 111
Job Title 112,"Skill 112, Skill 113, Skill 114",City 112,$61200,Description for Job 112
Job Title 113,"Skill 113, Skill 114, Skill 115",City 113,$61300,Description for Job 113
Job Title 114,"Skill 114, Skill 115, Skill 116",City 114,$61400,Description for Job 114
Job Title 115,"Skill 115, Skill 116, Skill 117",City 115,$61500,Description for Job 115
Job Title 116,"Skill 116, Skill 117, Skill 118",City 116,$61600,Description for Job 116
Job Title 117,"Skill 117, Skill 118, Skill 119",City 117,$61700,Description for Job 117
Job Title 118,"Skill 118, Skill 119, Skill 120",City 118,$61800,Description for Job 118
Job Title 119,"Skill 119, Skill 120, Skill 121",City 119,$61900,Description for Job 119
Job Title 120,"Skill 120, Skill 121, Skill 122",City 120,$62000,Description for Job 120
Job Title 121,"Skill 121, Skill 122, Skill 123",City 121,$62100,Description for Job 121
Job Title 122,"Skill 122, Skill 123, Skill 124",City 122,$62200,Description for Job 122
Job Title 123,"Skill 123, Skill 124, Skill 125",City 123,$62300,Description for Job 123
Job Title 124,"Skill 124, Skill 125, Skill 126",City 124,$62400,Description for Job 124
Job Title 125,"Skill 125, Skill 126, Skill 127",City 125,$62500,Description for Job 125
Job Title 126,"Skill 126, Skill 127, Skill 128",City 126,$62600,Description for Job 126
Job Title 127,"Skill 127, Skill 128, Skill 129",City 127,$62700,Description for Job 127
Job Title 128,"Skill 128, Skill 129, Skill 130",City 128,$62800,Description for Job 128
Job Title 129,"Skill 129, Skill 130, Skill 131",City 129,$62900,Description for Job 129
Job Title 130,"Skill 130, Skill 131, Skill 132",City 130,$63000,Description for Job 130
Job Title 131,"Skill 131, Skill 132, Skill 133",City 131,$63100,Description for Job 131
Job Title 132,"Skill 132, Skill 133, Skill 134",City 132,$63200,Description for Job 132
Job Title 133,"Skill 133, Skill 134, Skill 135",City 133,$63300,Description for Job 133
Job Title 134,"Skill 134, Skill 135, Skill 136",City 134,$63400,Description for Job 134
Job Title 135,"Skill 135, Skill 136, Skill 137",City 135,$63500,Description for Job 135
Job Title 136,"Skill 136, Skill 137, Skill 138",City 136,$63600,Description for Job 136
Job Title 137,"Skill 137, Skill 138, Skill 139",City 137,$63700,Description for Job 137
Job Title 138,"Skill 138, Skill 139, Skill 140",City 138,$63800,Description for Job 138
Job Title 139,"Skill 139, Skill 140, Skill 141",City 139,$63900,Description for Job 139
Job Title 140,"Skill 140, Skill 141, Skill 142",City 140,$64000,Description for Job 140
Job Title 141,"Skill 141, Skill 142, Skill 143",City 141,$64100,Description for Job 141
Job Title 142,"Skill 142, Skill 143, Skill 144",City 142,$64200,Description for Job 142
Job Title 143,"Skill 143, Skill 144, Skill 145",City 143,$64300,Description for Job 143
Job Title 144,"Skill 144, Skill 145, Skill 146",City 144,$64400,Description for Job 144
Job Title 145,"Skill 145, Skill 146, Skill 147",City 145,$64500,Description for Job 145
Job Title 146,"Skill 146, Skill 147, Skill 148",City 146,$64600,Description for Job 146
Job Title 147,"Skill 147, Skill 148, Skill 149",City 147,$64700,Description for Job 147
Job Title 148,"Skill 148, Skill 149, Skill 150",City 148,$64800,Description for Job 148
Job Title 149,"Skill 149, Skill 150, Skill 151",City 149,$64900,Description for Job 149
Job Title 150,"Skill 150, Skill 151, Skill 152",City 150,$65000,Description for Job 150
Job Title 151,"Skill 151, Skill 152, Skill 153",City 151,$65100,Description for Job 151
Job Title 152,"Skill 152, Skill 153, Skill 154",City 152,$65200,Description for Job 152
Job Title 153,"Skill 153, Skill 154, Skill 155",City 153,$65300,Description for Job 153
Job Title 154,"Skill 154, Skill 155, Skill 156",City 154,$65400,Description for Job 154
Job Title 155,"Skill 155, Skill 156, Skill 157",City 155,$65500,Description for Job 155
Job Title 156,"Skill 156, Skill 157, Skill 158",City 156,$65600,Description for Job 156
Job Title 157,"Skill 157, Skill 158, Skill 159",City 157,$65700,Description for Job 157
Job Title 158,"Skill 158, Skill 159, Skill 160",City 158,$65800,Description for Job 158
Job Title 159,"Skill 159, Skill 160, Skill 161",City 159,$65900,Description for Job 159
Job Title 160,"Skill 160, Skill 161, Skill 162",City 160,$66000,Description for Job 160
Job Title 161,"Skill 161, Skill 162, Skill 163",City 161,$66100,Description for Job 161
Job Title 162,"Skill 162, Skill 163, Skill 164",City 162,$66200,Description for Job 162
Job Title 163,"Skill 163, Skill 164, Skill 165",City 163,$66300,Description for Job 163
Job Title 164,"Skill 164, Skill 165, Skill 166",City 164,$66400,Description for Job 164
Job Title 165,"Skill 165, Skill 166, Skill 167",City 165,$66500,Description for Job 165
Job Title 166,"Skill 166, Skill 167, Skill 168",City 166,$66600,Description for Job 166
Job Title 167,"Skill 167, Skill 168, Skill 169",City 167,$66700,Description for Job 167
Job Title 168,"Skill 168, Skill 169, Skill 170",City 168,$66800,Description for Job 168
Job Title 169,"Skill 169, Skill 170, Skill 171",City 169,$66900,Description for Job 169
Job Title 170,"Skill 170, Skill 171, Skill 172",City 170,$67000,Description for Job 170
Job Title 171,"Skill 171, Skill 172, Skill 173",City 171,$67100,Description for Job 171
Job Title 172,"Skill 172, Skill 173, Skill 174",City 172,$67200,Description for Job 172
Job Title 173,"Skill 173, Skill 174, Skill 175",City 173,$67300,Description for Job 173
Job Title 174,"Skill 174, Skill 175, Skill 176",City 174,$67400,Description for Job 174
Job Title 175,"Skill 175, Skill 176, Skill 177",City 175,$67500,Description for Job 175
Job Title 176,"Skill 176, Skill 177, Skill 178",City 176,$67600,Description for Job 176
Job Title 177,"Skill 177, Skill 178, Skill 179",City 177,$67700,Description for Job 177
Job Title 178,"Skill 178, Skill 179, Skill 180",City 178,$67800,Description for Job 178
Job Title 179,"Skill 179, Skill 180, Skill 181",City 179,$67900,Description for Job 179
Job Title 180,"Skill 180, Skill 181, Skill 182",City 180,$68000,Description for Job 180
Job Title 181,"Skill 181, Skill 182, Skill 183",City 181,$68100,Description for Job 181
Job Title 182,"Skill 182, Skill 183, Skill 184",City 182,$68200,Description for Job 182
Job Title 183,"Skill 183, Skill 184, Skill 185",City 183,$68300,Description for Job 183
Job Title 184,"Skill 184, Skill 185, Skill 186",City 184,$68400,Description for Job 184
Job Title 185,"Skill 185, Skill 186, Skill 187",City 185,$68500,Description for Job 185
Job Title 186,"Skill 186, Skill 187, Skill 188",City 186,$68600,Description for Job 186
Job Title 187,"Skill 187, Skill 188, Skill 189",City 187,$68700,Description for Job 187
Job Title 188,"Skill 188, Skill 189, Skill 190",City 188,$68800,Description for Job 188
Job Title 189,"Skill 189, Skill 190, Skill 191",City 189,$68900,Description for Job 189
Job Title 190,"Skill 190, Skill 191, Skill 192",City 190,$69000,Description for Job 190
Job Title 191,"Skill 191, Skill 192, Skill 193",City 191,$69100,Description for Job 191
Job Title 192,"Skill 192, Skill 193, Skill 194",City 192,$69200,Description for Job 192
Job Title 193,"Skill 193, Skill 194, Skill 195",City 193,$69300,Description for Job 193
Job Title 194,"Skill 194, Skill 195, Skill 196",City 194,$69400,Description for Job 194
Job Title 195,"Skill 195, Skill 196, Skill 197",City 195,$69500,Description for Job 195
Job Title 196,"Skill 196, Skill 197, Skill 198",City 196,$69600,Description for Job 196
Job Title 197,"Skill 197, Skill 198, Skill 199",City 197,$69700,Description for Job 197
Job Title 198,"Skill 198, Skill 199, Skill 200",City 198,$69800,Description for Job 198
Job Title 199,"Skill 199, Skill 200, Skill 201",City 199,$69900,Description for Job 199
Job Title 200,"Skill 200, Skill 201, Skill 202",City 200,$70000,Description for Job 200
Job Title 201,"Skill 201, Skill 202, Skill 203",City 201,$70100,Description for Job 201
Job Title 202,"Skill 202, Skill 203, Skill 204",City 202,$70200,Description for Job 202
Job Title 203,"Skill 203, Skill 204, Skill 205",City 203,$70300,Description for Job 203
Job Title 204,"Skill 204, Skill 205, Skill 206",City 204,$70400,Description for Job 204
Job Title 205,"Skill 205, Skill 206, Skill 207",City 205,$70500,Description for Job 205
Job Title 206,"Skill 206, Skill 207, Skill 208",City 206,$70600,Description for Job 206
Job Title 207,"Skill 207, Skill 208, Skill 209",City 207,$70700,Description for Job 207
Job Title 208,"Skill 208, Skill 209, Skill 210",City 208,$70800,Description for Job 208
Job Title 209,"Skill 209, Skill 210, Skill 211",City 209,$70900,Description for Job 209
Job Title 210,"Skill 210, Skill 211, Skill 212",City 210,$71000,Description for Job 210
Job Title 211,"Skill 211, Skill 212, Skill 213",City 211,$71100,Description for Job 211
Job Title 212,"Skill 212, Skill 213, Skill 214",City 212,$71200,Description for Job 212
Job Title 213,"Skill 213, Skill 214, Skill 215",City 213,$71300,Description for Job 213
Job Title 214,"Skill 214, Skill 215, Skill 216",City 214,$71400,Description for Job 214
Job Title 215,"Skill 215, Skill 216, Skill 217",City 215,$71500,Description for Job 215
Job Title 216,"Skill 216, Skill 217, Skill 218",City 216,$71600,Description for Job 216
Job Title 217,"Skill 217, Skill 218, Skill 219",City 217,$71700,Description for Job 217
Job Title 218,"Skill 218, Skill 219, Skill 220",City 218,$71800,Description for Job 218
Job Title 219,"Skill 219, Skill 220, Skill 221",City 219,$71900,Description for Job 219
Job Title 220,"Skill 220, Skill 221, Skill 222",City 220,$72000,Description for Job 220
Job Title 221,"Skill 221, Skill 222, Skill 223",City 221,$72100,Description for Job 221
Job Title 222,"Skill 222, Skill 223, Skill 224",City 222,$72200,Description for Job 222
Job Title 223,"Skill 223, Skill 224, Skill 225",City 223,$72300,Description for Job 223
Job Title 224,"Skill 224, Skill 225, Skill 226",City 224,$72400,Description for Job 224
Job Title 225,"Skill 225, Skill 226, Skill 227",City 225,$72500,Description for Job 225
Job Title 226,"Skill 226, Skill 227, Skill 228",City 226,$72600,Description for Job 226
Job Title 227,"Skill 227, Skill 228, Skill 229",City 227,$72700,Description for Job 227
Job Title 228,"Skill 228, Skill 229, Skill 230",City 228,$72800,Description for Job 228
Job Title 229,"Skill 229, Skill 230, Skill 231",City 229,$72900,Description for Job 229
Job Title 230,"Skill 230, Skill 231, Skill 232",City 230,$73000,Description for Job 230
Job Title 231,"Skill 231, Skill 232, Skill 233",City 231,$73100,Description for Job 231
Job Title 232,"Skill 232, Skill 233, Skill 234",City 232,$73200,Description for Job 232
Job Title 233,"Skill 233, Skill 234, Skill 235",City 233,$73300,Description for Job 233
Job Title 234,"Skill 234, Skill 235, Skill 236",City 234,$73400,Description for Job 234
Job Title 235,"Skill 235, Skill 236, Skill 237",City 235,$73500,Description for Job 235
Job Title 236,"Skill 236, Skill 237, Skill 238",City 236,$73600,Description for Job 236
Job Title 237,"Skill 237, Skill 238, Skill 239",City 237,$73700,Description for Job 237
Job Title 238,"Skill 238, Skill 239, Skill 240",City 238,$73800,Description for Job 238
Job Title 239,"Skill 239, Skill 240, Skill 241",City 239,$73900,Description for Job 239
Job Title 240,"Skill 240, Skill 241, Skill 242",City 240,$74000,Description for Job 240
Job Title 241,"Skill 241, Skill 242, Skill 243",City 241,$74100,Description for Job 241
Job Title 242,"Skill 242, Skill 243, Skill 244",City 242,$74200,Description for Job 242
Job Title 243,"Skill 243, Skill 244, Skill 245",City 243,$74300,Description for Job 243
Job Title 244,"Skill 244, Skill 245, Skill 246",City 244,$74400,Description for Job 244
Job Title 245,"Skill 245, Skill 246, Skill 247",City 245,$74500,Description for Job 245
Job Title 246,"Skill 246, Skill 247, Skill 248",City 246,$74600,Description for Job 246
Job Title 247,"Skill 247, Skill 248, Skill 249",City 247,$74700,Description for Job 247
Job Title 248,"Skill 248, Skill 249, Skill 250",City 248,$74800,Description for Job 248
Job Title 249,"Skill 249, Skill 250, Skill 251",City 249,$74900,Description for Job 249
Job Title 250,"Skill 250, Skill 251, Skill 252",City 250,$75000,Description for Job 250
Job Title 251,"Skill 251, Skill 252, Skill 253",City 251,$75100,Description for Job 251
Job Title 252,"Skill 252, Skill 253, Skill 254",City 252,$75200,Description for Job 252
Job Title 253,"Skill 253, Skill 254, Skill 255",City 253,$75300,Description for Job 253
Job Title 254,"Skill 254, Skill 255, Skill 256",City 254,$75400,Description for Job 254
Job Title 255,"Skill 255, Skill 256, Skill 257",City 255,$75500,Description for Job 255
Job Title 256,"Skill 256, Skill 257, Skill 258",City 256,$75600,Description for Job 256
Job Title 257,"Skill 257, Skill 258, Skill 259",City 257,$75700,Description for Job 257
Job Title 258,"Skill 258, Skill 259, Skill 260",City 258,$75800,Description for Job 258
Job Title 259,"Skill 259, Skill 260, Skill 261",City 259,$75900,Description for Job 259
Job Title 260,"Skill 260, Skill 261, Skill 262",City 260,$76000,Description for Job 260
Job Title 261,"Skill 261, Skill 262, Skill 263",City 261,$76100,Description for Job 261
Job Title 262,"Skill 262, Skill 263, Skill 264",City 262,$76200,Description for Job 262
Job Title 263,"Skill 263, Skill 264, Skill 265",City 263,$76300,Description for Job 263
Job Title 264,"Skill 264, Skill 265, Skill 266",City 264,$76400,Description for Job 264
Job Title 265,"Skill 265, Skill 266, Skill 267",City 265,$76500,Description for Job 265
Job Title 266,"Skill 266, Skill 267, Skill 268",City 266,$76600,Description for Job 266
Job Title 267,"Skill 267, Skill 268, Skill 269",City 267,$76700,Description for Job 267
Job Title 268,"Skill 268, Skill 269, Skill 270",City 268,$76800,Description for Job 268
Job Title 269,"Skill 269, Skill 270, Skill 271",City 269,$76900,Description for Job 269
Job Title 270,"Skill 270, Skill 271, Skill 272",City 270,$77000,Description for Job 270
Job Title 271,"Skill 271, Skill 272, Skill 273",City 271,$77100,Description for Job 271
Job Title 272,"Skill 272, Skill 273, Skill 274",City 272,$77200,Description for Job 272
Job Title 273,"Skill 273, Skill 274, Skill 275",City 273,$77300,Description for Job 273
Job Title 274,"Skill 274, Skill 275, Skill 276",City 274,$77400,Description for Job 274
Job Title 275,"Skill 275, Skill 276, Skill 277",City 275,$77500,Description for Job 275
Job Title 276,"Skill 276, Skill 277, Skill 278",City 276,$77600,Description for Job 276
Job Title 277,"Skill 277, Skill 278, Skill 279",City 277,$77700,Description for Job 277
Job Title 278,"Skill 278, Skill 279, Skill 280",City 278,$77800,Description for Job 278
Job Title 279,"Skill 279, Skill 280, Skill 281",City 279,$77900,Description for Job 279
Job Title 280,"Skill 280, Skill 281, Skill 282",City 280,$78000,Description for Job 280
Job Title 281,"Skill 281, Skill 282, Skill 283",City 281,$78100,Description for Job 281
Job Title 282,"Skill 282, Skill 283, Skill 284",City 282,$78200,Description for Job 282
Job Title 283,"Skill 283, Skill 284, Skill 285",City 283,$78300,Description for Job 283
Job Title 284,"Skill 284, Skill 285, Skill 286",City 284,$78400,Description for Job 284
Job Title 285,"Skill 285, Skill 286, Skill 287",City 285,$78500,Description for Job 285
Job Title 286,"Skill 286, Skill 287, Skill 288",City 286,$78600,Description for Job 286
Job Title 287,"Skill 287, Skill 288, Skill 289",City 287,$78700,Description for Job 287
Job Title 288,"Skill 288, Skill 289, Skill 290",City 288,$78800,Description for Job 288
Job Title 289,"Skill 289, Skill 290, Skill 291",City 289,$78900,Description for Job 289
Job Title 290,"Skill 290, Skill 291, Skill 292",City 290,$79000,Description for Job 290
Job Title 291,"Skill 291, Skill 292, Skill 293",City 291,$79100,Description for Job 291
Job Title 292,"Skill 292, Skill 293, Skill 294",City 292,$79200,Description for Job 292
Job Title 293,"Skill 293, Skill 294, Skill 295",City 293,$79300,Description for Job 293
Job Title 294,"Skill 294, Skill 295, Skill 296",City 294,$79400,Description for Job 294
Job Title 295,"Skill 295, Skill 296, Skill 297",City 295,$79500,Description for Job 295
Job Title 296,"Skill 296, Skill 297, Skill 298",City 296,$79600,Description for Job 296
Job Title 297,"Skill 297, Skill 298, Skill 299",City 297,$79700,Description for Job 297
Job Title 298,"Skill 298, Skill 299, Skill 300",City 298,$79800,Description for Job 298
Job Title 299,"Skill 299, Skill 300, Skill 301",City 299,$79900,Description for Job 299
Job Title 300,"Skill 300, Skill 301, Skill 302",City 300,$80000,Description for Job 300
Job Title 301,"Skill 301, Skill 302, Skill 303",City 301,$80100,Description for Job 301
Job Title 302,"Skill 302, Skill 303, Skill 304",City 302,$80200,Description for Job 302
Job Title 303,"Skill 303, Skill 304, Skill 305",City 303,$80300,Description for Job 303
Job Title 304,"Skill 304, Skill 305, Skill 306",City 304,$80400,Description for Job 304
Job Title 305,"Skill 305, Skill 306, Skill 307",City 305,$80500,Description for Job 305
Job Title 306,"Skill 306, Skill 307, Skill 308",City 306,$80600,Description for Job 306
Job Title 307,"Skill 307, Skill 308, Skill 309",City 307,$80700,Description for Job 307
Job Title 308,"Skill 308, Skill 309, Skill 310",City 308,$80800,Description for Job 308
Job Title 309,"Skill 309, Skill 310, Skill 311",City 309,$80900,Description for Job 309
Job Title 310,"Skill 310, Skill 311, Skill 312",City 310,$81000,Description for Job 310
Job Title 311,"Skill 311, Skill 312, Skill 313",City 311,$81100,Description for Job 311
Job Title 312,"Skill 312, Skill 313, Skill 314",City 312,$81200,Description for Job 312
Job Title 313,"Skill 313, Skill 314, Skill 315",City 313,$81300,Description for Job 313
Job Title 314,"Skill 314, Skill 315, Skill 316",City 314,$81400,Description for Job 314
Job Title 315,"Skill 315, Skill 316, Skill 317",City 315,$81500,Description for Job 315
Job Title 316,"Skill 316, Skill 317, Skill 318",City 316,$81600,Description for Job 316
Job Title 317,"Skill 317, Skill 318, Skill 319",City 317,$81700,Description for Job 317
Job Title 318,"Skill 318, Skill 319, Skill 320",City 318,$81800,Description for Job 318
Job Title 319,"Skill 319, Skill 320, Skill 321",City 319,$81900,Description for Job 319
Job Title 320,"Skill 320, Skill 321, Skill 322",City 320,$82000,Description for Job 320
Job Title 321,"Skill 321, Skill 322, Skill 323",City 321,$82100,Description for Job 321
Job Title 322,"Skill 322, Skill 323, Skill 324",City 322,$82200,Description for Job 322
Job Title 323,"Skill 323, Skill 324, Skill 325",City 323,$82300,Description for Job 323
Job Title 324,"Skill 324, Skill 325, Skill 326",City 324,$82400,Description for Job 324
Job Title 325,"Skill 325, Skill 326, Skill 327",City 325,$82500,Description for Job 325
Job Title 326,"Skill 326, Skill 327, Skill 328",City 326,$82600,Description for Job 326
Job Title 327,"Skill 327, Skill 328, Skill 329",City 327,$82700,Description for Job 327
Job Title 328,"Skill 328, Skill 329, Skill 330",City 328,$82800,Description for Job 328
Job Title 329,"Skill 329, Skill 330, Skill 331",City 329,$82900,Description for Job 329
Job Title 330,"Skill 330, Skill 331, Skill 332",City 330,$83000,Description for Job 330
Job Title 331,"Skill 331, Skill 332, Skill 333",City 331,$83100,Description for Job 331
Job Title 332,"Skill 332, Skill 333, Skill 334",City 332,$83200,Description for Job 332
Job Title 333,"Skill 333, Skill 334, Skill 335",City 333,$83300,Description for Job 333
Job Title 334,"Skill 334, Skill 335, Skill 336",City 334,$83400,Description for Job 334
Job Title 335,"Skill 335, Skill 336, Skill 337",City 335,$83500,Description for Job 335
Job Title 336,"Skill 336, Skill 337, Skill 338",City 336,$83600,Description for Job 336
Job Title 337,"Skill 337, Skill 338, Skill 339",City 337,$83700,Description for Job 337
Job Title 338,"Skill 338, Skill 339, Skill 340",City 338,$83800,Description for Job 338
Job Title 339,"Skill 339, Skill 340, Skill 341",City 339,$83900,Description for Job 339
Job Title 340,"Skill 340, Skill 341, Skill 342",City 340,$84000,Description for Job 340
Job Title 341,"Skill 341, Skill 342, Skill 343",City 341,$84100,Description for Job 341
Job Title 342,"Skill 342, Skill 343, Skill 344",City 342,$84200,Description for Job 342
Job Title 343,"Skill 343, Skill 344, Skill 345",City 343,$84300,Description for Job 343
Job Title 344,"Skill 344, Skill 345, Skill 346",City 344,$84400,Description for Job 344
Job Title 345,"Skill 345, Skill 346, Skill 347",City 345,$84500,Description for Job 345
Job Title 346,"Skill 346, Skill 347, Skill 348",City 346,$84600,Description for Job 346
Job Title 347,"Skill 347, Skill 348, Skill 349",City 347,$84700,Description for Job 347
Job Title 348,"Skill 348, Skill 349, Skill 350",City 348,$84800,Description for Job 348
Job Title 349,"Skill 349, Skill 350, Skill 351",City 349,$84900,Description for Job 349
Job Title 350,"Skill 350, Skill 351, Skill 352",City 350,$85000,Description for Job 350
Job Title 351,"Skill 351, Skill 352, Skill 353",City 351,$85100,Description for Job 351
Job Title 352,"Skill 352, Skill 353, Skill 354",City 352,$85200,Description for Job 352
Job Title 353,"Skill 353, Skill 354, Skill 355",City 353,$85300,Description for Job 353
Job Title 354,"Skill 354, Skill 355, Skill 356",City 354,$85400,Description for Job 354
Job Title 355,"Skill 355, Skill 356, Skill 357",City 355,$85500,Description for Job 355
Job Title 356,"Skill 356, Skill 357, Skill 358",City 356,$85600,Description for Job 356
Job Title 357,"Skill 357, Skill 358, Skill 359",City 357,$85700,Description for Job 357
Job Title 358,"Skill 358, Skill 359, Skill 360",City 358,$85800,Description for Job 358
Job Title 359,"Skill 359, Skill 360, Skill 361",City 359,$85900,Description for Job 359
Job Title 360,"Skill 360, Skill 361, Skill 362",City 360,$86000,Description for Job 360
Job Title 361,"Skill 361, Skill 362, Skill 363",City 361,$86100,Description for Job 361
Job Title 362,"Skill 362, Skill 363, Skill 364",City 362,$86200,Description for Job 362
Job Title 363,"Skill 363, Skill 364, Skill 365",City 363,$86300,Description for Job 363
Job Title 364,"Skill 364, Skill 365, Skill 366",City 364,$86400,Description for Job 364
Job Title 365,"Skill 365, Skill 366, Skill 367",City 365,$86500,Description for Job 365
Job Title 366,"Skill 366, Skill 367, Skill 368",City 366,$86600,Description for Job 366
Job Title 367,"Skill 367, Skill 368, Skill 369",City 367,$86700,Description for Job 367
Job Title 368,"Skill 368, Skill 369, Skill 370",City 368,$86800,Description for Job 368
Job Title 369,"Skill 369, Skill 370, Skill 371",City 369,$86900,Description for Job 369
Job Title 370,"Skill 370, Skill 371, Skill 372",City 370,$87000,Description for Job 370
Job Title 371,"Skill 371, Skill 372, Skill 373",City 371,$87100,Description for Job 371
Job Title 372,"Skill 372, Skill 373, Skill 374",City 372,$87200,Description for Job 372
Job Title 373,"Skill 373, Skill 374, Skill 375",City 373,$87300,Description for Job 373
Job Title 374,"Skill 374, Skill 375, Skill 376",City 374,$87400,Description for Job 374
Job Title 375,"Skill 375, Skill 376, Skill 377",City 375,$87500,Description for Job 375
Job Title 376,"Skill 376, Skill 377, Skill 378",City 376,$87600,Description for Job 376
Job Title 377,"Skill 377, Skill 378, Skill 379",City 377,$87700,Description for Job 377
Job Title 378,"Skill 378, Skill 379, Skill 380",City 378,$87800,Description for Job 378
Job Title 379,"Skill 379, Skill 380, Skill 381",City 379,$87900,Description for Job 379
Job Title 380,"Skill 380, Skill 381, Skill 382",City 380,$88000,Description for Job 380
Job Title 381,"Skill 381, Skill 382, Skill 383",City 381,$88100,Description for Job 381
Job Title 382,"Skill 382, Skill 383, Skill 384",City 382,$88200,Description for Job 382
Job Title 383,"Skill 383, Skill 384, Skill 385",City 383,$88300,Description for Job 383
Job Title 384,"Skill 384, Skill 385, Skill 386",City 384,$88400,Description for Job 384
Job Title 385,"Skill 385, Skill 386, Skill 387",City 385,$88500,Description for Job 385
Job Title 386,"Skill 386, Skill 387, Skill 388",City 386,$88600,Description for Job 386
Job Title 387,"Skill 387, Skill 388, Skill 389",City 387,$88700,Description for Job 387
Job Title 388,"Skill 388, Skill 389, Skill 390",City 388,$88800,Description for Job 388
Job Title 389,"Skill 389, Skill 390, Skill 391",City 389,$88900,Description for Job 389
Job Title 390,"Skill 390, Skill 391, Skill 392",City 390,$89000,Description for Job 390
Job Title 391,"Skill 391, Skill 392, Skill 393",City 391,$89100,Description for Job 391
Job Title 392,"Skill 392, Skill 393, Skill 394",City 392,$89200,Description for Job 392
Job Title 393,"Skill 393, Skill 394, Skill 395",City 393,$89300,Description for Job 393
Job Title 394,"Skill 394, Skill 395, Skill 396",City 394,$89400,Description for Job 394
Job Title 395,"Skill 395, Skill 396, Skill 397",City 395,$89500,Description for Job 395
Job Title 396,"Skill 396, Skill 397, Skill 398",City 396,$89600,Description for Job 396
Job Title 397,"Skill 397, Skill 398, Skill 399",City 397,$89700,Description for Job 397
Job Title 398,"Skill 398, Skill 399, Skill 400",City 398,$89800,Description for Job 398
Job Title 399,"Skill 399, Skill 400, Skill 401",City 399,$89900,Description for Job 399
Job Title 400,"Skill 400, Skill 401, Skill 402",City 400,$90000,Description for Job 400
Job Title 401,"Skill 401, Skill 402, Skill 403",City 401,$90100,Description for Job 401
Job Title 402,"Skill 402, Skill 403, Skill 404",City 402,$90200,Description for Job 402
Job Title 403,"Skill 403, Skill 404, Skill 405",City 403,$90300,Description for Job 403
Job Title 404,"Skill 404, Skill 405, Skill 406",City 404,$90400,Description for Job 404
Job Title 405,"Skill 405, Skill 406, Skill 407",City 405,$90500,Description for Job 405
Job Title 406,"Skill 406, Skill 407, Skill 408",City 406,$90600,Description for Job 406
Job Title 407,"Skill 407, Skill 408, Skill 409",City 407,$90700,Description for Job 407
Job Title 408,"Skill 408, Skill 409, Skill 410",City 408,$90800,Description for Job 408
Job Title 409,"Skill 409, Skill 410, Skill 411",City 409,$90900,Description for Job 409
Job Title 410,"Skill 410, Skill 411, Skill 412",City 410,$91000,Description for Job 410
Job Title 411,"Skill 411, Skill 412, Skill 413",City 411,$91100,Description for Job 411
Job Title 412,"Skill 412, Skill 413, Skill 414",City 412,$91200,Description for Job 412
Job Title 413,"Skill 413, Skill 414, Skill 415",City 413,$91300,Description for Job 413
Job Title 414,"Skill 414, Skill 415, Skill 416",City 414,$91400,Description for Job 414
Job Title 415,"Skill 415, Skill 416, Skill 417",City 415,$91500,Description for Job 415
Job Title 416,"Skill 416, Skill 417, Skill 418",City 416,$91600,Description for Job 416
Job Title 417,"Skill 417, Skill 418, Skill 419",City 417,$91700,Description for Job 417
Job Title 418,"Skill 418, Skill 419, Skill 420",City 418,$91800,Description for Job 418
Job Title 419,"Skill 419, Skill 420, Skill 421",City 419,$91900,Description for Job 419
Job Title 420,"Skill 420, Skill 421, Skill 422",City 420,$92000,Description for Job 420
Job Title 421,"Skill 421, Skill 422, Skill 423",City 421,$92100,Description for Job 421
Job Title 422,"Skill 422, Skill 423, Skill 424",City 422,$92200,Description for Job 422
Job Title 423,"Skill 423, Skill 424, Skill 425",City 423,$92300,Description for Job 423
Job Title 424,"Skill 424, Skill 425, Skill 426",City 424,$92400,Description for Job 424
Job Title 425,"Skill 425, Skill 426, Skill 427",City 425,$92500,Description for Job 425
Job Title 426,"Skill 426, Skill 427, Skill 428",City 426,$92600,Description for Job 426
Job Title 427,"Skill 427, Skill 428, Skill 429",City 427,$92700,Description for Job 427
Job Title 428,"Skill 428, Skill 429, Skill 430",City 428,$92800,Description for Job 428
Job Title 429,"Skill 429, Skill 430, Skill 431",City 429,$92900,Description for Job 429
Job Title 430,"Skill 430, Skill 431, Skill 432",City 430,$93000,Description for Job 430
Job Title 431,"Skill 431, Skill 432, Skill 433",City 431,$93100,Description for Job 431
Job Title 432,"Skill 432, Skill 433, Skill 434",City 432,$93200,Description for Job 432
Job Title 433,"Skill 433, Skill 434, Skill 435",City 433,$93300,Description for Job 433
Job Title 434,"Skill 434, Skill 435, Skill 436",City 434,$93400,Description for Job 434
Job Title 435,"Skill 435, Skill 436, Skill 437",City 435,$93500,Description for Job 435
Job Title 436,"Skill 436, Skill 437, Skill 438",City 436,$93600,Description for Job 436
Job Title 437,"Skill 437, Skill 438, Skill 439",City 437,$93700,Description for Job 437
Job Title 438,"Skill 438, Skill 439, Skill 440",City 438,$93800,Description for Job 438
Job Title 439,"Skill 439, Skill 440, Skill 441",City 439,$93900,Description for Job 439
Job Title 440,"Skill 440, Skill 441, Skill 442",City 440,$94000,Description for Job 440
Job Title 441,"Skill 441, Skill 442, Skill 443",City 441,$94100,Description for Job 441
Job Title 442,"Skill 442, Skill 443, Skill 444",City 442,$94200,Description for Job 442
Job Title 443,"Skill 443, Skill 444, Skill 445",City 443,$94300,Description for Job 443
Job Title 444,"Skill 444, Skill 445, Skill 446",City 444,$94400,Description for Job 444
Job Title 445,"Skill 445, Skill 446, Skill 447",City 445,$94500,Description for Job 445
Job Title 446,"Skill 446, Skill 447, Skill 448",City 446,$94600,Description for Job 446
Job Title 447,"Skill 447, Skill 448, Skill 449",City 447,$94700,Description for Job 447
Job Title 448,"Skill 448, Skill 449, Skill 450",City 448,$94800,Description for Job 448
Job Title 449,"Skill 449, Skill 450, Skill 451",City 449,$94900,Description for Job 449
Job Title 450,"Skill 450, Skill 451, Skill 452",City 450,$95000,Description for Job 450
Job Title 451,"Skill 451, Skill 452, Skill 453",City 451,$95100,Description for Job 451
Job Title 452,"Skill 452, Skill 453, Skill 454",City 452,$95200,Description for Job 452
Job Title 453,"Skill 453, Skill 454, Skill 455",City 453,$95300,Description for Job 453
Job Title 454,"Skill 454, Skill 455, Skill 456",City 454,$95400,Description for Job 454
Job Title 455,"Skill 455, Skill 456, Skill 457",City 455,$95500,Description for Job 455
Job Title 456,"Skill 456, Skill 457, Skill 458",City 456,$95600,Description for Job 456
Job Title 457,"Skill 457, Skill 458, Skill 459",City 457,$95700,Description for Job 457
Job Title 458,"Skill 458, Skill 459, Skill 460",City 458,$95800,Description for Job 458
Job Title 459,"Skill 459, Skill 460, Skill 461",City 459,$95900,Description for Job 459
Job Title 460,"Skill 460, Skill 461, Skill 462",City 460,$96000,Description for Job 460
Job Title 461,"Skill 461, Skill 462, Skill 463",City 461,$96100,Description for Job 461
Job Title 462,"Skill 462, Skill 463, Skill 464",City 462,$96200,Description for Job 462
Job Title 463,"Skill 463, Skill 464, Skill 465",City 463,$96300,Description for Job 463
Job Title 464,"Skill 464, Skill 465, Skill 466",City 464,$96400,Description for Job 464
Job Title 465,"Skill 465, Skill 466, Skill 467",City 465,$96500,Description for Job 465
Job Title 466,"Skill 466, Skill 467, Skill 468",City 466,$96600,Description for Job 466
Job Title 467,"Skill 467, Skill 468, Skill 469",City 467,$96700,Description for Job 467
Job Title 468,"Skill 468, Skill 469, Skill 470",City 468,$96800,Description for Job 468
Job Title 469,"Skill 469, Skill 470, Skill 471",City 469,$96900,Description for Job 469
Job Title 470,"Skill 470, Skill 471, Skill 472",City 470,$97000,Description for Job 470
Job Title 471,"Skill 471, Skill 472, Skill 473",City 471,$97100,Description for Job 471
Job Title 472,"Skill 472, Skill 473, Skill 474",City 472,$97200,Description for Job 472
Job Title 473,"Skill 473, Skill 474, Skill 475",City 473,$97300,Description for Job 473
Job Title 474,"Skill 474, Skill 475, Skill 476",City 474,$97400,Description for Job 474
Job Title 475,"Skill 475, Skill 476, Skill 477",City 475,$97500,Description for Job 475
Job Title 476,"Skill 476, Skill 477, Skill 478",City 476,$97600,Description for Job 476
Job Title 477,"Skill 477, Skill 478, Skill 479",City 477,$97700,Description for Job 477
Job Title 478,"Skill 478, Skill 479, Skill 480",City 478,$97800,Description for Job 478
Job Title 479,"Skill 479, Skill 480, Skill 481",City 479,$97900,Description for Job 479
Job Title 480,"Skill 480, Skill 481, Skill 482",City 480,$98000,Description for Job 480
Job Title 481,"Skill 481, Skill 482, Skill 483",City 481,$98100,Description for Job 481
Job Title 482,"Skill 482, Skill 483, Skill 484",City 482,$98200,Description for Job 482
Job Title 483,"Skill 483, Skill 484, Skill 485",City 483,$98300,Description for Job 483
Job Title 484,"Skill 484, Skill 485, Skill 486",City 484,$98400,Description for Job 484
Job Title 485,"Skill 485, Skill 486, Skill 487",City 485,$98500,Description for Job 485
Job Title 486,"Skill 486, Skill 487, Skill 488",City 486,$98600,Description for Job 486
Job Title 487,"Skill 487, Skill 488, Skill 489",City 487,$98700,Description for Job 487
Job Title 488,"Skill 488, Skill 489, Skill 490",City 488,$98800,Description for Job 488
Job Title 489,"Skill 489, Skill 490, Skill 491",City 489,$98900,Description for Job 489
Job Title 490,"Skill 490, Skill 491, Skill 492",City 490,$99000,Description for Job 490
Job Title 491,"Skill 491, Skill 492, Skill 493",City 491,$99100,Description for Job 491
Job Title 492,"Skill 492, Skill 493, Skill 494",City 492,$99200,Description for Job 492
Job Title 493,"Skill 493, Skill 494, Skill 495",City 493,$99300,Description for Job 493
Job Title 494,"Skill 494, Skill 495, Skill 496",City 494,$99400,Description for Job 494
Job Title 495,"Skill 495, Skill 496, Skill 497",City 495,$99500,Description for Job 495
Job Title 496,"Skill 496, Skill 497, Skill 498",City 496,$99600,Description for Job 496
Job Title 497,"Skill 497, Skill 498, Skill 499",City 497,$99700,Description for Job 497
Job Title 498,"Skill 498, Skill 499, Skill 500",City 498,$99800,Description for Job 498
Job Title 499,"Skill 499, Skill 500, Skill 501",City 499,$99900,Description for Job 499
Job Title 500,"Skill 500, Skill 501, Skill 502",City 500,$100000,Description for Job 500
Job Title 501,"Skill 501, Skill 502, Skill 503",City 501,$100100,Description for Job 501
Job Title 502,"Skill 502, Skill 503, Skill 504",City 502,$100200,Description for Job 502
Job Title 503,"Skill 503, Skill 504, Skill 505",City 503,$100300,Description for Job 503
Job Title 504,"Skill 504, Skill 505, Skill 506",City 504,$100400,Description for Job 504
Job Title 505,"Skill 505, Skill 506, Skill 507",City 505,$100500,Description for Job 505
Job Title 506,"Skill 506, Skill 507, Skill 508",City 506,$100600,Description for Job 506
Job Title 507,"Skill 507, Skill 508, Skill 509",City 507,$100700,Description for Job 507
Job Title 508,"Skill 508, Skill 509, Skill 510",City 508,$100800,Description for Job 508
Job Title 509,"Skill 509, Skill 510, Skill 511",City 509,$100900,Description for Job 509
Job Title 510,"Skill 510, Skill 511, Skill 512",City 510,$101000,Description for Job 510
Job Title 511,"Skill 511, Skill 512, Skill 513",City 511,$101100,Description for Job 511
Job Title 512,"Skill 512, Skill 513, Skill 514",City 512,$101200,Description for Job 512
Job Title 513,"Skill 513, Skill 514, Skill 515",City 513,$101300,Description for Job 513
Job Title 514,"Skill 514, Skill 515, Skill 516",City 514,$101400,Description for Job 514
Job Title 515,"Skill 515, Skill 516, Skill 517",City 515,$101500,Description for Job 515
Job Title 516,"Skill 516, Skill 517, Skill 518",City 516,$101600,Description for Job 516
Job Title 517,"Skill 517, Skill 518, Skill 519",City 517,$101700,Description for Job 517
Job Title 518,"Skill 518, Skill 519, Skill 520",City 518,$101800,Description for Job 518
Job Title 519,"Skill 519, Skill 520, Skill 521",City 519,$101900,Description for Job 519
Job Title 520,"Skill 520, Skill 521, Skill 522",City 520,$102000,Description for Job 520
Job Title 521,"Skill 521, Skill 522, Skill 523",City 521,$102100,Description for Job 521
Job Title 522,"Skill 522, Skill 523, Skill 524",City 522,$102200,Description for Job 522
Job Title 523,"Skill 523, Skill 524, Skill 525",City 523,$102300,Description for Job 523
Job Title 524,"Skill 524, Skill 525, Skill 526",City 524,$102400,Description for Job 524
Job Title 525,"Skill 525, Skill 526, Skill 527",City 525,$102500,Description for Job 525
Job Title 526,"Skill 526, Skill 527, Skill 528",City 526,$102600,Description for Job 526
Job Title 527,"Skill 527, Skill 528, Skill 529",City 527,$102700,Description for Job 527
Job Title 528,"Skill 528, Skill 529, Skill 530",City 528,$102800,Description for Job 528
Job Title 529,"Skill 529, Skill 530, Skill 531",City 529,$102900,Description for Job 529
Job Title 530,"Skill 530, Skill 531, Skill 532",City 530,$103000,Description for Job 530
Job Title 531,"Skill 531, Skill 532, Skill 533",City 531,$103100,Description for Job 531
Job Title 532,"Skill 532, Skill 533, Skill 534",City 532,$103200,Description for Job 532
Job Title 533,"Skill 533, Skill 534, Skill 535",City 533,$103300,Description for Job 533
Job Title 534,"Skill 534, Skill 535, Skill 536",City 534,$103400,Description for Job 534
Job Title 535,"Skill 535, Skill 536, Skill 537",City 535,$103500,Description for Job 535
Job Title 536,"Skill 536, Skill 537, Skill 538",City 536,$103600,Description for Job 536
Job Title 537,"Skill 537, Skill 538, Skill 539",City 537,$103700,Description for Job 537
Job Title 538,"Skill 538, Skill 539, Skill 540",City 538,$103800,Description for Job 538
Job Title 539,"Skill 539, Skill 540, Skill 541",City 539,$103900,Description for Job 539
Job Title 540,"Skill 540, Skill 541, Skill 542",City 540,$104000,Description for Job 540
Job Title 541,"Skill 541, Skill 542, Skill 543",City 541,$104100,Description for Job 541
Job Title 542,"Skill 542, Skill 543, Skill 544",City 542,$104200,Description for Job 542
Job Title 543,"Skill 543, Skill 544, Skill 545",City 543,$104300,Description for Job 543
Job Title 544,"Skill 544, Skill 545, Skill 546",City 544,$104400,Description for Job 544
Job Title 545,"Skill 545, Skill 546, Skill 547",City 545,$104500,Description for Job 545
Job Title 546,"Skill 546, Skill 547, Skill 548",City 546,$104600,Description for Job 546
Job Title 547,"Skill 547, Skill 548, Skill 549",City 547,$104700,Description for Job 547
Job Title 548,"Skill 548, Skill 549, Skill 550",City 548,$104800,Description for Job 548
Job Title 549,"Skill 549, Skill 550, Skill 551",City 549,$104900,Description for Job 549
Job Title 550,"Skill 550, Skill 551, Skill 552",City 550,$105000,Description for Job 550
Job Title 551,"Skill 551, Skill 552, Skill 553",City 551,$105100,Description for Job 551
Job Title 552,"Skill 552, Skill 553, Skill 554",City 552,$105200,Description for Job 552
Job Title 553,"Skill 553, Skill 554, Skill 555",City 553,$105300,Description for Job 553
Job Title 554,"Skill 554, Skill 555, Skill 556",City 554,$105400,Description for Job 554
Job Title 555,"Skill 555, Skill 556, Skill 557",City 555,$105500,Description for Job 555
Job Title 556,"Skill 556, Skill 557, Skill 558",City 556,$105600,Description for Job 556
Job Title 557,"Skill 557, Skill 558, Skill 559",City 557,$105700,Description for Job 557
Job Title 558,"Skill 558, Skill 559, Skill 560",City 558,$105800,Description for Job 558
Job Title 559,"Skill 559, Skill 560, Skill 561",City 559,$105900,Description for Job 559
Job Title 560,"Skill 560, Skill 561, Skill 562",City 560,$106000,Description for Job 560
Job Title 561,"Skill 561, Skill 562, Skill 563",City 561,$106100,Description for Job 561
Job Title 562,"Skill 562, Skill 563, Skill 564",City 562,$106200,Description for Job 562
Job Title 563,"Skill 563, Skill 564, Skill 565",City 563,$106300,Description for Job 563
Job Title 564,"Skill 564, Skill 565, Skill 566",City 564,$106400,Description for Job 564
Job Title 565,"Skill 565, Skill 566, Skill 567",City 565,$106500,Description for Job 565
Job Title 566,"Skill 566, Skill 567, Skill 568",City 566,$106600,Description for Job 566
Job Title 567,"Skill 567, Skill 568, Skill 569",City 567,$106700,Description for Job 567
Job Title 568,"Skill 568, Skill 569, Skill 570",City 568,$106800,Description for Job 568
Job Title 569,"Skill 569, Skill 570, Skill 571",City 569,$106900,Description for Job 569
Job Title 570,"Skill 570, Skill 571, Skill 572",City 570,$107000,Description for Job 570
Job Title 571,"Skill 571, Skill 572, Skill 573",City 571,$107100,Description for Job 571
Job Title 572,"Skill 572, Skill 573, Skill 574",City 572,$107200,Description for Job 572
Job Title 573,"Skill 573, Skill 574, Skill 575",City 573,$107300,Description for Job 573
Job Title 574,"Skill 574, Skill 575, Skill 576",City 574,$107400,Description for Job 574
Job Title 575,"Skill 575, Skill 576, Skill 577",City 575,$107500,Description for Job 575
Job Title 576,"Skill 576, Skill 577, Skill 578",City 576,$107600,Description for Job 576
Job Title 577,"Skill 577, Skill 578, Skill 579",City 577,$107700,Description for Job 577
Job Title 578,"Skill 578, Skill 579, Skill 580",City 578,$107800,Description for Job 578
Job Title 579,"Skill 579, Skill 580, Skill 581",City 579,$107900,Description for Job 579
Job Title 580,"Skill 580, Skill 581, Skill 582",City 580,$108000,Description for Job 580
Job Title 581,"Skill 581, Skill 582, Skill 583",City 581,$108100,Description for Job 581
Job Title 582,"Skill 582, Skill 583, Skill 584",City 582,$108200,Description for Job 582
Job Title 583,"Skill 583, Skill 584, Skill 585",City 583,$108300,Description for Job 583
Job Title 584,"Skill 584, Skill 585, Skill 586",City 584,$108400,Description for Job 584
Job Title 585,"Skill 585, Skill 586, Skill 587",City 585,$108500,Description for Job 585
Job Title 586,"Skill 586, Skill 587, Skill 588",City 586,$108600,Description for Job 586
Job Title 587,"Skill 587, Skill 588, Skill 589",City 587,$108700,Description for Job 587
Job Title 588,"Skill 588, Skill 589, Skill 590",City 588,$108800,Description for Job 588
Job Title 589,"Skill 589, Skill 590, Skill 591",City 589,$108900,Description for Job 589
Job Title 590,"Skill 590, Skill 591, Skill 592",City 590,$109000,Description for Job 590
Job Title 591,"Skill 591, Skill 592, Skill 593",City 591,$109100,Description for Job 591
Job Title 592,"Skill 592, Skill 593, Skill 594",City 592,$109200,Description for Job 592
Job Title 593,"Skill 593, Skill 594, Skill 595",City 593,$109300,Description for Job 593
Job Title 594,"Skill 594, Skill 595, Skill 596",City 594,$109400,Description for Job 594
Job Title 595,"Skill 595, Skill 596, Skill 597",City 595,$109500,Description for Job 595
Job Title 596,"Skill 596, Skill 597, Skill 598",City 596,$109600,Description for Job 596
Job Title 597,"Skill 597, Skill 598, Skill 599",City 597,$109700,Description for Job 597
Job Title 598,"Skill 598, Skill 599, Skill 600",City 598,$109800,Description for Job 598
Job Title 599,"Skill 599, Skill 600, Skill 601",City 599,$109900,Description for Job 599
Job Title 600,"Skill 600, Skill 601, Skill 602",City 600,$110000,Description for Job 600
Job Title 601,"Skill 601, Skill 602, Skill 603",City 601,$110100,Description for Job 601
Job Title 602,"Skill 602, Skill 603, Skill 604",City 602,$110200,Description for Job 602
Job Title 603,"Skill 603, Skill 604, Skill 605",City 603,$110300,Description for Job 603
Job Title 604,"Skill 604, Skill 605, Skill 606",City 604,$110400,Description for Job 604
Job Title 605,"Skill 605, Skill 606, Skill 607",City 605,$110500,Description for Job 605
Job Title 606,"Skill 606, Skill 607, Skill 608",City 606,$110600,Description for Job 606
Job Title 607,"Skill 607, Skill 608, Skill 609",City 607,$110700,Description for Job 607
Job Title 608,"Skill 608, Skill 609, Skill 610",City 608,$110800,Description for Job 608
Job Title 609,"Skill 609, Skill 610, Skill 611",City 609,$110900,Description for Job 609
Job Title 610,"Skill 610, Skill 611, Skill 612",City 610,$111000,Description for Job 610
Job Title 611,"Skill 611, Skill 612, Skill 613",City 611,$111100,Description for Job 611
Job Title 612,"Skill 612, Skill 613, Skill 614",City 612,$111200,Description for Job 612
Job Title 613,"Skill 613, Skill 614, Skill 615",City 613,$111300,Description for Job 613
Job Title 614,"Skill 614, Skill 615, Skill 616",City 614,$111400,Description for Job 614
Job Title 615,"Skill 615, Skill 616, Skill 617",City 615,$111500,Description for Job 615
Job Title 616,"Skill 616, Skill 617, Skill 618",City 616,$111600,Description for Job 616
Job Title 617,"Skill 617, Skill 618, Skill 619",City 617,$111700,Description for Job 617
Job Title 618,"Skill 618, Skill 619, Skill 620",City 618,$111800,Description for Job 618
Job Title 619,"Skill 619, Skill 620, Skill 621",City 619,$111900,Description for Job 619
Job Title 620,"Skill 620, Skill 621, Skill 622",City 620,$112000,Description for Job 620
Job Title 621,"Skill 621, Skill 622, Skill 623",City 621,$112100,Description for Job 621
Job Title 622,"Skill 622, Skill 623, Skill 624",City 622,$112200,Description for Job 622
Job Title 623,"Skill 623, Skill 624, Skill 625",City 623,$112300,Description for Job 623
Job Title 624,"Skill 624, Skill 625, Skill 626",City 624,$112400,Description for Job 624
Job Title 625,"Skill 625, Skill 626, Skill 627",City 625,$112500,Description for Job 625
Job Title 626,"Skill 626, Skill 627, Skill 628",City 626,$112600,Description for Job 626
Job Title 627,"Skill 627, Skill 628, Skill 629",City 627,$112700,Description for Job 627
Job Title 628,"Skill 628, Skill 629, Skill 630",City 628,$112800,Description for Job 628
Job Title 629,"Skill 629, Skill 630, Skill 631",City 629,$112900,Description for Job 629
Job Title 630,"Skill 630, Skill 631, Skill 632",City 630,$113000,Description for Job 630
Job Title 631,"Skill 631, Skill 632, Skill 633",City 631,$113100,Description for Job 631
Job Title 632,"Skill 632, Skill 633, Skill 634",City 632,$113200,Description for Job 632
Job Title 633,"Skill 633, Skill 634, Skill 635",City 633,$113300,Description for Job 633
Job Title 634,"Skill 634, Skill 635, Skill 636",City 634,$113400,Description for Job 634
Job Title 635,"Skill 635, Skill 636, Skill 637",City 635,$113500,Description for Job 635
Job Title 636,"Skill 636, Skill 637, Skill 638",City 636,$113600,Description for Job 636
Job Title 637,"Skill 637, Skill 638, Skill 639",City 637,$113700,Description for Job 637
Job Title 638,"Skill 638, Skill 639, Skill 640",City 638,$113800,Description for Job 638
Job Title 639,"Skill 639, Skill 640, Skill 641",City 639,$113900,Description for Job 639
Job Title 640,"Skill 640, Skill 641, Skill 642",City 640,$114000,Description for Job 640
Job Title 641,"Skill 641, Skill 642, Skill 643",City 641,$114100,Description for Job 641
Job Title 642,"Skill 642, Skill 643, Skill 644",City 642,$114200,Description for Job 642
Job Title 643,"Skill 643, Skill 644, Skill 645",City 643,$114300,Description for Job 643
Job Title 644,"Skill 644, Skill 645, Skill 646",City 644,$114400,Description for Job 644
Job Title 645,"Skill 645, Skill 646, Skill 647",City 645,$114500,Description for Job 645
Job Title 646,"Skill 646, Skill 647, Skill 648",City 646,$114600,Description for Job 646
Job Title 647,"Skill 647, Skill 648, Skill 649",City 647,$114700,Description for Job 647
Job Title 648,"Skill 648, Skill 649, Skill 650",City 648,$114800,Description for Job 648
Job Title 649,"Skill 649, Skill 650, Skill 651",City 649,$114900,Description for Job 649
Job Title 650,"Skill 650, Skill 651, Skill 652",City 650,$115000,Description for Job 650
Job Title 651,"Skill 651, Skill 652, Skill 653",City 651,$115100,Description for Job 651
Job Title 652,"Skill 652, Skill 653, Skill 654",City 652,$115200,Description for Job 652
Job Title 653,"Skill 653, Skill 654, Skill 655",City 653,$115300,Description for Job 653
Job Title 654,"Skill 654, Skill 655, Skill 656",City 654,$115400,Description for Job 654
Job Title 655,"Skill 655, Skill 656, Skill 657",City 655,$115500,Description for Job 655
Job Title 656,"Skill 656, Skill 657, Skill 658",City 656,$115600,Description for Job 656
Job Title 657,"Skill 657, Skill 658, Skill 659",City 657,$115700,Description for Job 657
Job Title 658,"Skill 658, Skill 659, Skill 660",City 658,$115800,Description for Job 658
Job Title 659,"Skill 659, Skill 660, Skill 661",City 659,$115900,Description for Job 659
Job Title 660,"Skill 660, Skill 661, Skill 662",City 660,$116000,Description for Job 660
Job Title 661,"Skill 661, Skill 662, Skill 663",City 661,$116100,Description for Job 661
Job Title 662,"Skill 662, Skill 663, Skill 664",City 662,$116200,Description for Job 662
Job Title 663,"Skill 663, Skill 664, Skill 665",City 663,$116300,Description for Job 663
Job Title 664,"Skill 664, Skill 665, Skill 666",City 664,$116400,Description for Job 664
Job Title 665,"Skill 665, Skill 666, Skill 667",City 665,$116500,Description for Job 665
Job Title 666,"Skill 666, Skill 667, Skill 668",City 666,$116600,Description for Job 666
Job Title 667,"Skill 667, Skill 668, Skill 669",City 667,$116700,Description for Job 667
Job Title 668,"Skill 668, Skill 669, Skill 670",City 668,$116800,Description for Job 668
Job Title 669,"Skill 669, Skill 670, Skill 671",City 669,$116900,Description for Job 669
Job Title 670,"Skill 670, Skill 671, Skill 672",City 670,$117000,Description for Job 670
Job Title 671,"Skill 671, Skill 672, Skill 673",City 671,$117100,Description for Job 671
Job Title 672,"Skill 672, Skill 673, Skill 674",City 672,$117200,Description for Job 672
Job Title 673,"Skill 673, Skill 674, Skill 675",City 673,$117300,Description for Job 673
Job Title 674,"Skill 674, Skill 675, Skill 676",City 674,$117400,Description for Job 674
Job Title 675,"Skill 675, Skill 676, Skill 677",City 675,$117500,Description for Job 675
Job Title 676,"Skill 676, Skill 677, Skill 678",City 676,$117600,Description for Job 676
Job Title 677,"Skill 677, Skill 678, Skill 679",City 677,$117700,Description for Job 677
Job Title 678,"Skill 678, Skill 679, Skill 680",City 678,$117800,Description for Job 678
Job Title 679,"Skill 679, Skill 680, Skill 681",City 679,$117900,Description for Job 679
Job Title 680,"Skill 680, Skill 681, Skill 682",City 680,$118000,Description for Job 680
Job Title 681,"Skill 681, Skill 682, Skill 683",City 681,$118100,Description for Job 681
Job Title 682,"Skill 682, Skill 683, Skill 684",City 682,$118200,Description for Job 682
Job Title 683,"Skill 683, Skill 684, Skill 685",City 683,$118300,Description for Job 683
Job Title 684,"Skill 684, Skill 685, Skill 686",City 684,$118400,Description for Job 684
Job Title 685,"Skill 685, Skill 686, Skill 687",City 685,$118500,Description for Job 685
Job Title 686,"Skill 686, Skill 687, Skill 688",City 686,$118600,Description for Job 686
Job Title 687,"Skill 687, Skill 688, Skill 689",City 687,$118700,Description for Job 687
Job Title 688,"Skill 688, Skill 689, Skill 690",City 688,$118800,Description for Job 688
Job Title 689,"Skill 689, Skill 690, Skill 691",City 689,$118900,Description for Job 689
Job Title 690,"Skill 690, Skill 691, Skill 692",City 690,$119000,Description for Job 690
Job Title 691,"Skill 691, Skill 692, Skill 693",City 691,$119100,Description for Job 691
Job Title 692,"Skill 692, Skill 693, Skill 694",City 692,$119200,Description for Job 692
Job Title 693,"Skill 693, Skill 694, Skill 695",City 693,$119300,Description for Job 693
Job Title 694,"Skill 694, Skill 695, Skill 696",City 694,$119400,Description for Job 694
Job Title 695,"Skill 695, Skill 696, Skill 697",City 695,$119500,Description for Job 695
Job Title 696,"Skill 696, Skill 697, Skill 698",City 696,$119600,Description for Job 696
Job Title 697,"Skill 697, Skill 698, Skill 699",City 697,$119700,Description for Job 697
Job Title 698,"Skill 698, Skill 699, Skill 700",City 698,$119800,Description for Job 698
Job Title 699,"Skill 699, Skill 700, Skill 701",City 699,$119900,Description for Job 699
Job Title 700,"Skill 700, Skill 701, Skill 702",City 700,$120000,Description for Job 700
Job Title 701,"Skill 701, Skill 702, Skill 703",City 701,$120100,Description for Job 701
Job Title 702,"Skill 702, Skill 703, Skill 704",City 702,$120200,Description for Job 702
Job Title 703,"Skill 703, Skill 704, Skill 705",City 703,$120300,Description for Job 703
Job Title 704,"Skill 704, Skill 705, Skill 706",City 704,$120400,Description for Job 704
Job Title 705,"Skill 705, Skill 706, Skill 707",City 705,$120500,Description for Job 705
Job Title 706,"Skill 706, Skill 707, Skill 708",City 706,$120600,Description for Job 706
Job Title 707,"Skill 707, Skill 708, Skill 709",City 707,$120700,Description for Job 707
Job Title 708,"Skill 708, Skill 709, Skill 710",City 708,$120800,Description for Job 708
Job Title 709,"Skill 709, Skill 710, Skill 711",City 709,$120900,Description for Job 709
Job Title 710,"Skill 710, Skill 711, Skill 712",City 710,$121000,Description for Job 710
Job Title 711,"Skill 711, Skill 712, Skill 713",City 711,$121100,Description for Job 711
Job Title 712,"Skill 712, Skill 713, Skill 714",City 712,$121200,Description for Job 712
Job Title 713,"Skill 713, Skill 714, Skill 715",City 713,$121300,Description for Job 713
Job Title 714,"Skill 714, Skill 715, Skill 716",City 714,$121400,Description for Job 714
Job Title 715,"Skill 715, Skill 716, Skill 717",City 715,$121500,Description for Job 715
Job Title 716,"Skill 716, Skill 717, Skill 718",City 716,$121600,Description for Job 716
Job Title 717,"Skill 717, Skill 718, Skill 719",City 717,$121700,Description for Job 717
Job Title 718,"Skill 718, Skill 719, Skill 720",City 718,$121800,Description for Job 718
Job Title 719,"Skill 719, Skill 720, Skill 721",City 719,$121900,Description for Job 719
Job Title 720,"Skill 720, Skill 721, Skill 722",City 720,$122000,Description for Job 720
Job Title 721,"Skill 721, Skill 722, Skill 723",City 721,$122100,Description for Job 721
Job Title 722,"Skill 722, Skill 723, Skill 724",City 722,$122200,Description for Job 722
Job Title 723,"Skill 723, Skill 724, Skill 725",City 723,$122300,Description for Job 723
Job Title 724,"Skill 724, Skill 725, Skill 726",City 724,$122400,Description for Job 724
Job Title 725,"Skill 725, Skill 726, Skill 727",City 725,$122500,Description for Job 725
Job Title 726,"Skill 726, Skill 727, Skill 728",City 726,$122600,Description for Job 726
Job Title 727,"Skill 727, Skill 728, Skill 729",City 727,$122700,Description for Job 727
Job Title 728,"Skill 728, Skill 729, Skill 730",City 728,$122800,Description for Job 728
Job Title 729,"Skill 729, Skill 730, Skill 731",City 729,$122900,Description for Job 729
Job Title 730,"Skill 730, Skill 731, Skill 732",City 730,$123000,Description for Job 730
Job Title 731,"Skill 731, Skill 732, Skill 733",City 731,$123100,Description for Job 731
Job Title 732,"Skill 732, Skill 733, Skill 734",City 732,$123200,Description for Job 732
Job Title 733,"Skill 733, Skill 734, Skill 735",City 733,$123300,Description for Job 733
Job Title 734,"Skill 734, Skill 735, Skill 736",City 734,$123400,Description for Job 734
Job Title 735,"Skill 735, Skill 736, Skill 737",City 735,$123500,Description for Job 735
Job Title 736,"Skill 736, Skill 737, Skill 738",City 736,$123600,Description for Job 736
Job Title 737,"Skill 737, Skill 738, Skill 739",City 737,$123700,Description for Job 737
Job Title 738,"Skill 738, Skill 739, Skill 740",City 738,$123800,Description for Job 738
Job Title 739,"Skill 739, Skill 740, Skill 741",City 739,$123900,Description for Job 739
Job Title 740,"Skill 740, Skill 741, Skill 742",City 740,$124000,Description for Job 740
Job Title 741,"Skill 741, Skill 742, Skill 743",City 741,$124100,Description for Job 741
Job Title 742,"Skill 742, Skill 743, Skill 744",City 742,$124200,Description for Job 742
Job Title 743,"Skill 743, Skill 744, Skill 745",City 743,$124300,Description for Job 743
Job Title 744,"Skill 744, Skill 745, Skill 746",City 744,$124400,Description for Job 744
Job Title 745,"Skill 745, Skill 746, Skill 747",City 745,$124500,Description for Job 745
Job Title 746,"Skill 746, Skill 747, Skill 748",City 746,$124600,Description for Job 746
Job Title 747,"Skill 747, Skill 748, Skill 749",City 747,$124700,Description for Job 747
Job Title 748,"Skill 748, Skill 749, Skill 750",City 748,$124800,Description for Job 748
Job Title 749,"Skill 749, Skill 750, Skill 751",City 749,$124900,Description for Job 749
Job Title 750,"Skill 750, Skill 751, Skill 752",City 750,$125000,Description for Job 750
Job Title 751,"Skill 751, Skill 752, Skill 753",City 751,$125100,Description for Job 751
Job Title 752,"Skill 752, Skill 753, Skill 754",City 752,$125200,Description for Job 752
Job Title 753,"Skill 753, Skill 754, Skill 755",City 753,$125300,Description for Job 753
Job Title 754,"Skill 754, Skill 755, Skill 756",City 754,$125400,Description for Job 754
Job Title 755,"Skill 755, Skill 756, Skill 757",City 755,$125500,Description for Job 755
Job Title 756,"Skill 756, Skill 757, Skill 758",City 756,$125600,Description for Job 756
Job Title 757,"Skill 757, Skill 758, Skill 759",City 757,$125700,Description for Job 757
Job Title 758,"Skill 758, Skill 759, Skill 760",City 758,$125800,Description for Job 758
Job Title 759,"Skill 759, Skill 760, Skill 761",City 759,$125900,Description for Job 759
Job Title 760,"Skill 760, Skill 761, Skill 762",City 760,$126000,Description for Job 760
Job Title 761,"Skill 761, Skill 762, Skill 763",City 761,$126100,Description for Job 761
Job Title 762,"Skill 762, Skill 763, Skill 764",City 762,$126200,Description for Job 762
Job Title 763,"Skill 763, Skill 764, Skill 765",City 763,$126300,Description for Job 763
Job Title 764,"Skill 764, Skill 765, Skill 766",City 764,$126400,Description for Job 764
Job Title 765,"Skill 765, Skill 766, Skill 767",City 765,$126500,Description for Job 765
Job Title 766,"Skill 766, Skill 767, Skill 768",City 766,$126600,Description for Job 766
Job Title 767,"Skill 767, Skill 768, Skill 769",City 767,$126700,Description for Job 767
Job Title 768,"Skill 768, Skill 769, Skill 770",City 768,$126800,Description for Job 768
Job Title 769,"Skill 769, Skill 770, Skill 771",City 769,$126900,Description for Job 769
Job Title 770,"Skill 770, Skill 771, Skill 772",City 770,$127000,Description for Job 770
Job Title 771,"Skill 771, Skill 772, Skill 773",City 771,$127100,Description for Job 771
Job Title 772,"Skill 772, Skill 773, Skill 774",City 772,$127200,Description for Job 772
Job Title 773,"Skill 773, Skill 774, Skill 775",City 773,$127300,Description for Job 773
Job Title 774,"Skill 774, Skill 775, Skill 776",City 774,$127400,Description for Job 774
Job Title 775,"Skill 775, Skill 776, Skill 777",City 775,$127500,Description for Job 775
Job Title 776,"Skill 776, Skill 777, Skill 778",City 776,$127600,Description for Job 776
Job Title 777,"Skill 777, Skill 778, Skill 779",City 777,$127700,Description for Job 777
Job Title 778,"Skill 778, Skill 779, Skill 780",City 778,$127800,Description for Job 778
Job Title 779,"Skill 779, Skill 780, Skill 781",City 779,$127900,Description for Job 779
Job Title 780,"Skill 780, Skill 781, Skill 782",City 780,$128000,Description for Job 780
Job Title 781,"Skill 781, Skill 782, Skill 783",City 781,$128100,Description for Job 781
Job Title 782,"Skill 782, Skill 783, Skill 784",City 782,$128200,Description for Job 782
Job Title 783,"Skill 783, Skill 784, Skill 785",City 783,$128300,Description for Job 783
Job Title 784,"Skill 784, Skill 785, Skill 786",City 784,$128400,Description for Job 784
Job Title 785,"Skill 785, Skill 786, Skill 787",City 785,$128500,Description for Job 785
Job Title 786,"Skill 786, Skill 787, Skill 788",City 786,$128600,Description for Job 786
Job Title 787,"Skill 787, Skill 788, Skill 789",City 787,$128700,Description for Job 787
Job Title 788,"Skill 788, Skill 789, Skill 790",City 788,$128800,Description for Job 788
Job Title 789,"Skill 789, Skill 790, Skill 791",City 789,$128900,Description for Job 789
Job Title 790,"Skill 790, Skill 791, Skill 792",City 790,$129000,Description for Job 790
Job Title 791,"Skill 791, Skill 792, Skill 793",City 791,$129100,Description for Job 791
Job Title 792,"Skill 792, Skill 793, Skill 794",City 792,$129200,Description for Job 792
Job Title 793,"Skill 793, Skill 794, Skill 795",City 793,$129300,Description for Job 793
Job Title 794,"Skill 794, Skill 795, Skill 796",City 794,$129400,Description for Job 794
Job Title 795,"Skill 795, Skill 796, Skill 797",City 795,$129500,Description for Job 795
Job Title 796,"Skill 796, Skill 797, Skill 798",City 796,$129600,Description for Job 796
Job Title 797,"Skill 797, Skill 798, Skill 799",City 797,$129700,Description for Job 797
Job Title 798,"Skill 798, Skill 799, Skill 800",City 798,$129800,Description for Job 798
Job Title 799,"Skill 799, Skill 800, Skill 801",City 799,$129900,Description for Job 799
Job Title 800,"Skill 800, Skill 801, Skill 802",City 800,$130000,Description for Job 800
Job Title 801,"Skill 801, Skill 802, Skill 803",City 801,$130100,Description for Job 801
Job Title 802,"Skill 802, Skill 803, Skill 804",City 802,$130200,Description for Job 802
Job Title 803,"Skill 803, Skill 804, Skill 805",City 803,$130300,Description for Job 803
Job Title 804,"Skill 804, Skill 805, Skill 806",City 804,$130400,Description for Job 804
Job Title 805,"Skill 805, Skill 806, Skill 807",City 805,$130500,Description for Job 805
Job Title 806,"Skill 806, Skill 807, Skill 808",City 806,$130600,Description for Job 806
Job Title 807,"Skill 807, Skill 808, Skill 809",City 807,$130700,Description for Job 807
Job Title 808,"Skill 808, Skill 809, Skill 810",City 808,$130800,Description for Job 808
Job Title 809,"Skill 809, Skill 810, Skill 811",City 809,$130900,Description for Job 809
Job Title 810,"Skill 810, Skill 811, Skill 812",City 810,$131000,Description for Job 810
Job Title 811,"Skill 811, Skill 812, Skill 813",City 811,$131100,Description for Job 811
Job Title 812,"Skill 812, Skill 813, Skill 814",City 812,$131200,Description for Job 812
Job Title 813,"Skill 813, Skill 814, Skill 815",City 813,$131300,Description for Job 813
Job Title 814,"Skill 814, Skill 815, Skill 816",City 814,$131400,Description for Job 814
Job Title 815,"Skill 815, Skill 816, Skill 817",City 815,$131500,Description for Job 815
Job Title 816,"Skill 816, Skill 817, Skill 818",City 816,$131600,Description for Job 816
Job Title 817,"Skill 817, Skill 818, Skill 819",City 817,$131700,Description for Job 817
Job Title 818,"Skill 818, Skill 819, Skill 820",City 818,$131800,Description for Job 818
Job Title 819,"Skill 819, Skill 820, Skill 821",City 819,$131900,Description for Job 819
Job Title 820,"Skill 820, Skill 821, Skill 822",City 820,$132000,Description for Job 820
Job Title 821,"Skill 821, Skill 822, Skill 823",City 821,$132100,Description for Job 821
Job Title 822,"Skill 822, Skill 823, Skill 824",City 822,$132200,Description for Job 822
Job Title 823,"Skill 823, Skill 824, Skill 825",City 823,$132300,Description for Job 823
Job Title 824,"Skill 824, Skill 825, Skill 826",City 824,$132400,Description for Job 824
Job Title 825,"Skill 825, Skill 826, Skill 827",City 825,$132500,Description for Job 825
Job Title 826,"Skill 826, Skill 827, Skill 828",City 826,$132600,Description for Job 826
Job Title 827,"Skill 827, Skill 828, Skill 829",City 827,$132700,Description for Job 827
Job Title 828,"Skill 828, Skill 829, Skill 830",City 828,$132800,Description for Job 828
Job Title 829,"Skill 829, Skill 830, Skill 831",City 829,$132900,Description for Job 829
Job Title 830,"Skill 830, Skill 831, Skill 832",City 830,$133000,Description for Job 830
Job Title 831,"Skill 831, Skill 832, Skill 833",City 831,$133100,Description for Job 831
Job Title 832,"Skill 832, Skill 833, Skill 834",City 832,$133200,Description for Job 832
Job Title 833,"Skill 833, Skill 834, Skill 835",City 833,$133300,Description for Job 833
Job Title 834,"Skill 834, Skill 835, Skill 836",City 834,$133400,Description for Job 834
Job Title 835,"Skill 835, Skill 836, Skill 837",City 835,$133500,Description for Job 835
Job Title 836,"Skill 836, Skill 837, Skill 838",City 836,$133600,Description for Job 836
Job Title 837,"Skill 837, Skill 838, Skill 839",City 837,$133700,Description for Job 837
Job Title 838,"Skill 838, Skill 839, Skill 840",City 838,$133800,Description for Job 838
Job Title 839,"Skill 839, Skill 840, Skill 841",City 839,$133900,Description for Job 839
Job Title 840,"Skill 840, Skill 841, Skill 842",City 840,$134000,Description for Job 840
Job Title 841,"Skill 841, Skill 842, Skill 843",City 841,$134100,Description for Job 841
Job Title 842,"Skill 842, Skill 843, Skill 844",City 842,$134200,Description for Job 842
Job Title 843,"Skill 843, Skill 844, Skill 845",City 843,$134300,Description for Job 843
Job Title 844,"Skill 844, Skill 845, Skill 846",City 844,$134400,Description for Job 844
Job Title 845,"Skill 845, Skill 846, Skill 847",City 845,$134500,Description for Job 845
Job Title 846,"Skill 846, Skill 847, Skill 848",City 846,$134600,Description for Job 846
Job Title 847,"Skill 847, Skill 848, Skill 849",City 847,$134700,Description for Job 847
Job Title 848,"Skill 848, Skill 849, Skill 850",City 848,$134800,Description for Job 848
Job Title 849,"Skill 849, Skill 850, Skill 851",City 849,$134900,Description for Job 849
Job Title 850,"Skill 850, Skill 851, Skill 852",City 850,$135000,Description for Job 850
Job Title 851,"Skill 851, Skill 852, Skill 853",City 851,$135100,Description for Job 851
Job Title 852,"Skill 852, Skill 853, Skill 854",City 852,$135200,Description for Job 852
Job Title 853,"Skill 853, Skill 854, Skill 855",City 853,$135300,Description for Job 853
Job Title 854,"Skill 854, Skill 855, Skill 856",City 854,$135400,Description for Job 854
Job Title 855,"Skill 855, Skill 856, Skill 857",City 855,$135500,Description for Job 855
Job Title 856,"Skill 856, Skill 857, Skill 858",City 856,$135600,Description for Job 856
Job Title 857,"Skill 857, Skill 858, Skill 859",City 857,$135700,Description for Job 857
Job Title 858,"Skill 858, Skill 859, Skill 860",City 858,$135800,Description for Job 858
Job Title 859,"Skill 859, Skill 860, Skill 861",City 859,$135900,Description for Job 859
Job Title 860,"Skill 860, Skill 861, Skill 862",City 860,$136000,Description for Job 860
Job Title 861,"Skill 861, Skill 862, Skill 863",City 861,$136100,Description for Job 861
Job Title 862,"Skill 862, Skill 863, Skill 864",City 862,$136200,Description for Job 862
Job Title 863,"Skill 863, Skill 864, Skill 865",City 863,$136300,Description for Job 863
Job Title 864,"Skill 864, Skill 865, Skill 866",City 864,$136400,Description for Job 864
Job Title 865,"Skill 865, Skill 866, Skill 867",City 865,$136500,Description for Job 865
Job Title 866,"Skill 866, Skill 867, Skill 868",City 866,$136600,Description for Job 866
Job Title 867,"Skill 867, Skill 868, Skill 869",City 867,$136700,Description for Job 867
Job Title 868,"Skill 868, Skill 869, Skill 870",City 868,$136800,Description for Job 868
Job Title 869,"Skill 869, Skill 870, Skill 871",City 869,$136900,Description for Job 869
Job Title 870,"Skill 870, Skill 871, Skill 872",City 870,$137000,Description for Job 870
Job Title 871,"Skill 871, Skill 872, Skill 873",City 871,$137100,Description for Job 871
Job Title 872,"Skill 872, Skill 873, Skill 874",City 872,$137200,Description for Job 872
Job Title 873,"Skill 873, Skill 874, Skill 875",City 873,$137300,Description for Job 873
Job Title 874,"Skill 874, Skill 875, Skill 876",City 874,$137400,Description for Job 874
Job Title 875,"Skill 875, Skill 876, Skill 877",City 875,$137500,Description for Job 875
Job Title 876,"Skill 876, Skill 877, Skill 878",City 876,$137600,Description for Job 876
Job Title 877,"Skill 877, Skill 878, Skill 879",City 877,$137700,Description for Job 877
Job Title 878,"Skill 878, Skill 879, Skill 880",City 878,$137800,Description for Job 878
Job Title 879,"Skill 879, Skill 880, Skill 881",City 879,$137900,Description for Job 879
Job Title 880,"Skill 880, Skill 881, Skill 882",City 880,$138000,Description for Job 880
Job Title 881,"Skill 881, Skill 882, Skill 883",City 881,$138100,Description for Job 881
Job Title 882,"Skill 882, Skill 883, Skill 884",City 882,$138200,Description for Job 882
Job Title 883,"Skill 883, Skill 884, Skill 885",City 883,$138300,Description for Job 883
Job Title 884,"Skill 884, Skill 885, Skill 886",City 884,$138400,Description for Job 884
Job Title 885,"Skill 885, Skill 886, Skill 887",City 885,$138500,Description for Job 885
Job Title 886,"Skill 886, Skill 887, Skill 888",City 886,$138600,Description for Job 886
Job Title 887,"Skill 887, Skill 888, Skill 889",City 887,$138700,Description for Job 887
Job Title 888,"Skill 888, Skill 889, Skill 890",City 888,$138800,Description for Job 888
Job Title 889,"Skill 889, Skill 890, Skill 891",City 889,$138900,Description for Job 889
Job Title 890,"Skill 890, Skill 891, Skill 892",City 890,$139000,Description for Job 890
Job Title 891,"Skill 891, Skill 892, Skill 893",City 891,$139100,Description for Job 891
Job Title 892,"Skill 892, Skill 893, Skill 894",City 892,$139200,Description for Job 892
Job Title 893,"Skill 893, Skill 894, Skill 895",City 893,$139300,Description for Job 893
Job Title 894,"Skill 894, Skill 895, Skill 896",City 894,$139400,Description for Job 894
Job Title 895,"Skill 895, Skill 896, Skill 897",City 895,$139500,Description for Job 895
Job Title 896,"Skill 896, Skill 897, Skill 898",City 896,$139600,Description for Job 896
Job Title 897,"Skill 897, Skill 898, Skill 899",City 897,$139700,Description for Job 897
Job Title 898,"Skill 898, Skill 899, Skill 900",City 898,$139800,Description for Job 898
Job Title 899,"Skill 899, Skill 900, Skill 901",City 899,$139900,Description for Job 899
Job Title 900,"Skill 900, Skill 901, Skill 902",City 900,$140000,Description for Job 900
Job Title 901,"Skill 901, Skill 902, Skill 903",City 901,$140100,Description for Job 901
Job Title 902,"Skill 902, Skill 903, Skill 904",City 902,$140200,Description for Job 902
Job Title 903,"Skill 903, Skill 904, Skill 905",City 903,$140300,Description for Job 903
Job Title 904,"Skill 904, Skill 905, Skill 906",City 904,$140400,Description for Job 904
Job Title 905,"Skill 905, Skill 906, Skill 907",City 905,$140500,Description for Job 905
Job Title 906,"Skill 906, Skill 907, Skill 908",City 906,$140600,Description for Job 906
Job Title 907,"Skill 907, Skill 908, Skill 909",City 907,$140700,Description for Job 907
Job Title 908,"Skill 908, Skill 909, Skill 910",City 908,$140800,Description for Job 908
Job Title 909,"Skill 909, Skill 910, Skill 911",City 909,$140900,Description for Job 909
Job Title 910,"Skill 910, Skill 911, Skill 912",City 910,$141000,Description for Job 910
Job Title 911,"Skill 911, Skill 912, Skill 913",City 911,$141100,Description for Job 911
Job Title 912,"Skill 912, Skill 913, Skill 914",City 912,$141200,Description for Job 912
Job Title 913,"Skill 913, Skill 914, Skill 915",City 913,$141300,Description for Job 913
Job Title 914,"Skill 914, Skill 915, Skill 916",City 914,$141400,Description for Job 914
Job Title 915,"Skill 915, Skill 916, Skill 917",City 915,$141500,Description for Job 915
Job Title 916,"Skill 916, Skill 917, Skill 918",City 916,$141600,Description for Job 916
Job Title 917,"Skill 917, Skill 918, Skill 919",City 917,$141700,Description for Job 917
Job Title 918,"Skill 918, Skill 919, Skill 920",City 918,$141800,Description for Job 918
Job Title 919,"Skill 919, Skill 920, Skill 921",City 919,$141900,Description for Job 919
Job Title 920,"Skill 920, Skill 921, Skill 922",City 920,$142000,Description for Job 920
Job Title 921,"Skill 921, Skill 922, Skill 923",City 921,$142100,Description for Job 921
Job Title 922,"Skill 922, Skill 923, Skill 924",City 922,$142200,Description for Job 922
Job Title 923,"Skill 923, Skill 924, Skill 925",City 923,$142300,Description for Job 923
Job Title 924,"Skill 924, Skill 925, Skill 926",City 924,$142400,Description for Job 924
Job Title 925,"Skill 925, Skill 926, Skill 927",City 925,$142500,Description for Job 925
Job Title 926,"Skill 926, Skill 927, Skill 928",City 926,$142600,Description for Job 926
Job Title 927,"Skill 927, Skill 928, Skill 929",City 927,$142700,Description for Job 927
Job Title 928,"Skill 928, Skill 929, Skill 930",City 928,$142800,Description for Job 928
Job Title 929,"Skill 929, Skill 930, Skill 931",City 929,$142900,Description for Job 929
Job Title 930,"Skill 930, Skill 931, Skill 932",City 930,$143000,Description for Job 930
Job Title 931,"Skill 931, Skill 932, Skill 933",City 931,$143100,Description for Job 931
Job Title 932,"Skill 932, Skill 933, Skill 934",City 932,$143200,Description for Job 932
Job Title 933,"Skill 933, Skill 934, Skill 935",City 933,$143300,Description for Job 933
Job Title 934,"Skill 934, Skill 935, Skill 936",City 934,$143400,Description for Job 934
Job Title 935,"Skill 935, Skill 936, Skill 937",City 935,$143500,Description for Job 935
Job Title 936,"Skill 936, Skill 937, Skill 938",City 936,$143600,Description for Job 936
Job Title 937,"Skill 937, Skill 938, Skill 939",City 937,$143700,Description for Job 937
Job Title 938,"Skill 938, Skill 939, Skill 940",City 938,$143800,Description for Job 938
Job Title 939,"Skill 939, Skill 940, Skill 941",City 939,$143900,Description for Job 939
Job Title 940,"Skill 940, Skill 941, Skill 942",City 940,$144000,Description for Job 940
Job Title 941,"Skill 941, Skill 942, Skill 943",City 941,$144100,Description for Job 941
Job Title 942,"Skill 942, Skill 943, Skill 944",City 942,$144200,Description for Job 942
Job Title 943,"Skill 943, Skill 944, Skill 945",City 943,$144300,Description for Job 943
Job Title 944,"Skill 944, Skill 945, Skill 946",City 944,$144400,Description for Job 944
Job Title 945,"Skill 945, Skill 946, Skill 947",City 945,$144500,Description for Job 945
Job Title 946,"Skill 946, Skill 947, Skill 948",City 946,$144600,Description for Job 946
Job Title 947,"Skill 947, Skill 948, Skill 949",City 947,$144700,Description for Job 947
Job Title 948,"Skill 948, Skill 949, Skill 950",City 948,$144800,Description for Job 948
Job Title 949,"Skill 949, Skill 950, Skill 951",City 949,$144900,Description for Job 949
Job Title 950,"Skill 950, Skill 951, Skill 952",City 950,$145000,Description for Job 950
Job Title 951,"Skill 951, Skill 952, Skill 953",City 951,$145100,Description for Job 951
Job Title 952,"Skill 952, Skill 953, Skill 954",City 952,$145200,Description for Job 952
Job Title 953,"Skill 953, Skill 954, Skill 955",City 953,$145300,Description for Job 953
Job Title 954,"Skill 954, Skill 955, Skill 956",City 954,$145400,Description for Job 954
Job Title 955,"Skill 955, Skill 956, Skill 957",City 955,$145500,Description for Job 955
Job Title 956,"Skill 956, Skill 957, Skill 958",City 956,$145600,Description for Job 956
Job Title 957,"Skill 957, Skill 958, Skill 959",City 957,$145700,Description for Job 957
Job Title 958,"Skill 958, Skill 959, Skill 960",City 958,$145800,Description for Job 958
Job Title 959,"Skill 959, Skill 960, Skill 961",City 959,$145900,Description for Job 959
Job Title 960,"Skill 960, Skill 961, Skill 962",City 960,$146000,Description for Job 960
Job Title 961,"Skill 961, Skill 962, Skill 963",City 961,$146100,Description for Job 961
Job Title 962,"Skill 962, Skill 963, Skill 964",City 962,$146200,Description for Job 962
Job Title 963,"Skill 963, Skill 964, Skill 965",City 963,$146300,Description for Job 963
Job Title 964,"Skill 964, Skill 965, Skill 966",City 964,$146400,Description for Job 964
Job Title 965,"Skill 965, Skill 966, Skill 967",City 965,$146500,Description for Job 965
Job Title 966,"Skill 966, Skill 967, Skill 968",City 966,$146600,Description for Job 966
Job Title 967,"Skill 967, Skill 968, Skill 969",City 967,$146700,Description for Job 967
Job Title 968,"Skill 968, Skill 969, Skill 970",City 968,$146800,Description for Job 968
Job Title 969,"Skill 969, Skill 970, Skill 971",City 969,$146900,Description for Job 969
Job Title 970,"Skill 970, Skill 971, Skill 972",City 970,$147000,Description for Job 970
Job Title 971,"Skill 971, Skill 972, Skill 973",City 971,$147100,Description for Job 971
Job Title 972,"Skill 972, Skill 973, Skill 974",City 972,$147200,Description for Job 972
Job Title 973,"Skill 973, Skill 974, Skill 975",City 973,$147300,Description for Job 973
Job Title 974,"Skill 974, Skill 975, Skill 976",City 974,$147400,Description for Job 974
Job Title 975,"Skill 975, Skill 976, Skill 977",City 975,$147500,Description for Job 975
Job Title 976,"Skill 976, Skill 977, Skill 978",City 976,$147600,Description for Job 976
Job Title 977,"Skill 977, Skill 978, Skill 979",City 977,$147700,Description for Job 977
Job Title 978,"Skill 978, Skill 979, Skill 980",City 978,$147800,Description for Job 978
Job Title 979,"Skill 979, Skill 980, Skill 981",City 979,$147900,Description for Job 979
Job Title 980,"Skill 980, Skill 981, Skill 982",City 980,$148000,Description for Job 980
Job Title 981,"Skill 981, Skill 982, Skill 983",City 981,$148100,Description for Job 981
Job Title 982,"Skill 982, Skill 983, Skill 984",City 982,$148200,Description for Job 982
Job Title 983,"Skill 983, Skill 984, Skill 985",City 983,$148300,Description for Job 983
Job Title 984,"Skill 984, Skill 985, Skill 986",City 984,$148400,Description for Job 984
Job Title 985,"Skill 985, Skill 986, Skill 987",City 985,$148500,Description for Job 985
Job Title 986,"Skill 986, Skill 987, Skill 988",City 986,$148600,Description for Job 986
Job Title 987,"Skill 987, Skill 988, Skill 989",City 987,$148700,Description for Job 987
Job Title 988,"Skill 988, Skill 989, Skill 990",City 988,$148800,Description for Job 988
Job Title 989,"Skill 989, Skill 990, Skill 991",City 989,$148900,Description for Job 989
Job Title 990,"Skill 990, Skill 991, Skill 992",City 990,$149000,Description for Job 990
Job Title 991,"Skill 991, Skill 992, Skill 993",City 991,$149100,Description for Job 991
Job Title 992,"Skill 992, Skill 993, Skill 994",City 992,$149200,Description for Job 992
Job Title 993,"Skill 993, Skill 994, Skill 995",City 993,$149300,Description for Job 993
Job Title 994,"Skill 994, Skill 995, Skill 996",City 994,$149400,Description for Job 994
Job Title 995,"Skill 995, Skill 996, Skill 997",City 995,$149500,Description for Job 995
Job Title 996,"Skill 996, Skill 997, Skill 998",City 996,$149600,Description for Job 996
Job Title 997,"Skill 997, Skill 998, Skill 999",City 997,$149700,Description for Job 997
Job Title 998,"Skill 998, Skill 999, Skill 1000",City 998,$149800,Description for Job 998
Job Title 999,"Skill 999, Skill 1000, Skill 1001",City 999,$149900,Description for Job 999
Job Title 1000,"Skill 1000, Skill 1001, Skill 1002",City 1000,$150000,Description for Job 1000
