Section Title,Content
Section 1,"Content of Section 1, explaining legal terms and clauses."
Section 2,"Content of Section 2, explaining legal terms and clauses."
Section 3,"Content of Section 3, explaining legal terms and clauses."
Section 4,"Content of Section 4, explaining legal terms and clauses."
Section 5,"Content of Section 5, explaining legal terms and clauses."
Section 6,"Content of Section 6, explaining legal terms and clauses."
Section 7,"Content of Section 7, explaining legal terms and clauses."
Section 8,"Content of Section 8, explaining legal terms and clauses."
Section 9,"Content of Section 9, explaining legal terms and clauses."
Section 10,"Content of Section 10, explaining legal terms and clauses."
Section 11,"Content of Section 11, explaining legal terms and clauses."
Section 12,"Content of Section 12, explaining legal terms and clauses."
Section 13,"Content of Section 13, explaining legal terms and clauses."
Section 14,"Content of Section 14, explaining legal terms and clauses."
Section 15,"Content of Section 15, explaining legal terms and clauses."
Section 16,"Content of Section 16, explaining legal terms and clauses."
Section 17,"Content of Section 17, explaining legal terms and clauses."
Section 18,"Content of Section 18, explaining legal terms and clauses."
Section 19,"Content of Section 19, explaining legal terms and clauses."
Section 20,"Content of Section 20, explaining legal terms and clauses."
Section 21,"Content of Section 21, explaining legal terms and clauses."
Section 22,"Content of Section 22, explaining legal terms and clauses."
Section 23,"Content of Section 23, explaining legal terms and clauses."
Section 24,"Content of Section 24, explaining legal terms and clauses."
Section 25,"Content of Section 25, explaining legal terms and clauses."
Section 26,"Content of Section 26, explaining legal terms and clauses."
Section 27,"Content of Section 27, explaining legal terms and clauses."
Section 28,"Content of Section 28, explaining legal terms and clauses."
Section 29,"Content of Section 29, explaining legal terms and clauses."
Section 30,"Content of Section 30, explaining legal terms and clauses."
Section 31,"Content of Section 31, explaining legal terms and clauses."
Section 32,"Content of Section 32, explaining legal terms and clauses."
Section 33,"Content of Section 33, explaining legal terms and clauses."
Section 34,"Content of Section 34, explaining legal terms and clauses."
Section 35,"Content of Section 35, explaining legal terms and clauses."
Section 36,"Content of Section 36, explaining legal terms and clauses."
Section 37,"Content of Section 37, explaining legal terms and clauses."
Section 38,"Content of Section 38, explaining legal terms and clauses."
Section 39,"Content of Section 39, explaining legal terms and clauses."
Section 40,"Content of Section 40, explaining legal terms and clauses."
Section 41,"Content of Section 41, explaining legal terms and clauses."
Section 42,"Content of Section 42, explaining legal terms and clauses."
Section 43,"Content of Section 43, explaining legal terms and clauses."
Section 44,"Content of Section 44, explaining legal terms and clauses."
Section 45,"Content of Section 45, explaining legal terms and clauses."
Section 46,"Content of Section 46, explaining legal terms and clauses."
Section 47,"Content of Section 47, explaining legal terms and clauses."
Section 48,"Content of Section 48, explaining legal terms and clauses."
Section 49,"Content of Section 49, explaining legal terms and clauses."
Section 50,"Content of Section 50, explaining legal terms and clauses."
Section 51,"Content of Section 51, explaining legal terms and clauses."
Section 52,"Content of Section 52, explaining legal terms and clauses."
Section 53,"Content of Section 53, explaining legal terms and clauses."
Section 54,"Content of Section 54, explaining legal terms and clauses."
Section 55,"Content of Section 55, explaining legal terms and clauses."
Section 56,"Content of Section 56, explaining legal terms and clauses."
Section 57,"Content of Section 57, explaining legal terms and clauses."
Section 58,"Content of Section 58, explaining legal terms and clauses."
Section 59,"Content of Section 59, explaining legal terms and clauses."
Section 60,"Content of Section 60, explaining legal terms and clauses."
Section 61,"Content of Section 61, explaining legal terms and clauses."
Section 62,"Content of Section 62, explaining legal terms and clauses."
Section 63,"Content of Section 63, explaining legal terms and clauses."
Section 64,"Content of Section 64, explaining legal terms and clauses."
Section 65,"Content of Section 65, explaining legal terms and clauses."
Section 66,"Content of Section 66, explaining legal terms and clauses."
Section 67,"Content of Section 67, explaining legal terms and clauses."
Section 68,"Content of Section 68, explaining legal terms and clauses."
Section 69,"Content of Section 69, explaining legal terms and clauses."
Section 70,"Content of Section 70, explaining legal terms and clauses."
Section 71,"Content of Section 71, explaining legal terms and clauses."
Section 72,"Content of Section 72, explaining legal terms and clauses."
Section 73,"Content of Section 73, explaining legal terms and clauses."
Section 74,"Content of Section 74, explaining legal terms and clauses."
Section 75,"Content of Section 75, explaining legal terms and clauses."
Section 76,"Content of Section 76, explaining legal terms and clauses."
Section 77,"Content of Section 77, explaining legal terms and clauses."
Section 78,"Content of Section 78, explaining legal terms and clauses."
Section 79,"Content of Section 79, explaining legal terms and clauses."
Section 80,"Content of Section 80, explaining legal terms and clauses."
Section 81,"Content of Section 81, explaining legal terms and clauses."
Section 82,"Content of Section 82, explaining legal terms and clauses."
Section 83,"Content of Section 83, explaining legal terms and clauses."
Section 84,"Content of Section 84, explaining legal terms and clauses."
Section 85,"Content of Section 85, explaining legal terms and clauses."
Section 86,"Content of Section 86, explaining legal terms and clauses."
Section 87,"Content of Section 87, explaining legal terms and clauses."
Section 88,"Content of Section 88, explaining legal terms and clauses."
Section 89,"Content of Section 89, explaining legal terms and clauses."
Section 90,"Content of Section 90, explaining legal terms and clauses."
Section 91,"Content of Section 91, explaining legal terms and clauses."
Section 92,"Content of Section 92, explaining legal terms and clauses."
Section 93,"Content of Section 93, explaining legal terms and clauses."
Section 94,"Content of Section 94, explaining legal terms and clauses."
Section 95,"Content of Section 95, explaining legal terms and clauses."
Section 96,"Content of Section 96, explaining legal terms and clauses."
Section 97,"Content of Section 97, explaining legal terms and clauses."
Section 98,"Content of Section 98, explaining legal terms and clauses."
Section 99,"Content of Section 99, explaining legal terms and clauses."
Section 100,"Content of Section 100, explaining legal terms and clauses."
Section 101,"Content of Section 101, explaining legal terms and clauses."
Section 102,"Content of Section 102, explaining legal terms and clauses."
Section 103,"Content of Section 103, explaining legal terms and clauses."
Section 104,"Content of Section 104, explaining legal terms and clauses."
Section 105,"Content of Section 105, explaining legal terms and clauses."
Section 106,"Content of Section 106, explaining legal terms and clauses."
Section 107,"Content of Section 107, explaining legal terms and clauses."
Section 108,"Content of Section 108, explaining legal terms and clauses."
Section 109,"Content of Section 109, explaining legal terms and clauses."
Section 110,"Content of Section 110, explaining legal terms and clauses."
Section 111,"Content of Section 111, explaining legal terms and clauses."
Section 112,"Content of Section 112, explaining legal terms and clauses."
Section 113,"Content of Section 113, explaining legal terms and clauses."
Section 114,"Content of Section 114, explaining legal terms and clauses."
Section 115,"Content of Section 115, explaining legal terms and clauses."
Section 116,"Content of Section 116, explaining legal terms and clauses."
Section 117,"Content of Section 117, explaining legal terms and clauses."
Section 118,"Content of Section 118, explaining legal terms and clauses."
Section 119,"Content of Section 119, explaining legal terms and clauses."
Section 120,"Content of Section 120, explaining legal terms and clauses."
Section 121,"Content of Section 121, explaining legal terms and clauses."
Section 122,"Content of Section 122, explaining legal terms and clauses."
Section 123,"Content of Section 123, explaining legal terms and clauses."
Section 124,"Content of Section 124, explaining legal terms and clauses."
Section 125,"Content of Section 125, explaining legal terms and clauses."
Section 126,"Content of Section 126, explaining legal terms and clauses."
Section 127,"Content of Section 127, explaining legal terms and clauses."
Section 128,"Content of Section 128, explaining legal terms and clauses."
Section 129,"Content of Section 129, explaining legal terms and clauses."
Section 130,"Content of Section 130, explaining legal terms and clauses."
Section 131,"Content of Section 131, explaining legal terms and clauses."
Section 132,"Content of Section 132, explaining legal terms and clauses."
Section 133,"Content of Section 133, explaining legal terms and clauses."
Section 134,"Content of Section 134, explaining legal terms and clauses."
Section 135,"Content of Section 135, explaining legal terms and clauses."
Section 136,"Content of Section 136, explaining legal terms and clauses."
Section 137,"Content of Section 137, explaining legal terms and clauses."
Section 138,"Content of Section 138, explaining legal terms and clauses."
Section 139,"Content of Section 139, explaining legal terms and clauses."
Section 140,"Content of Section 140, explaining legal terms and clauses."
Section 141,"Content of Section 141, explaining legal terms and clauses."
Section 142,"Content of Section 142, explaining legal terms and clauses."
Section 143,"Content of Section 143, explaining legal terms and clauses."
Section 144,"Content of Section 144, explaining legal terms and clauses."
Section 145,"Content of Section 145, explaining legal terms and clauses."
Section 146,"Content of Section 146, explaining legal terms and clauses."
Section 147,"Content of Section 147, explaining legal terms and clauses."
Section 148,"Content of Section 148, explaining legal terms and clauses."
Section 149,"Content of Section 149, explaining legal terms and clauses."
Section 150,"Content of Section 150, explaining legal terms and clauses."
Section 151,"Content of Section 151, explaining legal terms and clauses."
Section 152,"Content of Section 152, explaining legal terms and clauses."
Section 153,"Content of Section 153, explaining legal terms and clauses."
Section 154,"Content of Section 154, explaining legal terms and clauses."
Section 155,"Content of Section 155, explaining legal terms and clauses."
Section 156,"Content of Section 156, explaining legal terms and clauses."
Section 157,"Content of Section 157, explaining legal terms and clauses."
Section 158,"Content of Section 158, explaining legal terms and clauses."
Section 159,"Content of Section 159, explaining legal terms and clauses."
Section 160,"Content of Section 160, explaining legal terms and clauses."
Section 161,"Content of Section 161, explaining legal terms and clauses."
Section 162,"Content of Section 162, explaining legal terms and clauses."
Section 163,"Content of Section 163, explaining legal terms and clauses."
Section 164,"Content of Section 164, explaining legal terms and clauses."
Section 165,"Content of Section 165, explaining legal terms and clauses."
Section 166,"Content of Section 166, explaining legal terms and clauses."
Section 167,"Content of Section 167, explaining legal terms and clauses."
Section 168,"Content of Section 168, explaining legal terms and clauses."
Section 169,"Content of Section 169, explaining legal terms and clauses."
Section 170,"Content of Section 170, explaining legal terms and clauses."
Section 171,"Content of Section 171, explaining legal terms and clauses."
Section 172,"Content of Section 172, explaining legal terms and clauses."
Section 173,"Content of Section 173, explaining legal terms and clauses."
Section 174,"Content of Section 174, explaining legal terms and clauses."
Section 175,"Content of Section 175, explaining legal terms and clauses."
Section 176,"Content of Section 176, explaining legal terms and clauses."
Section 177,"Content of Section 177, explaining legal terms and clauses."
Section 178,"Content of Section 178, explaining legal terms and clauses."
Section 179,"Content of Section 179, explaining legal terms and clauses."
Section 180,"Content of Section 180, explaining legal terms and clauses."
Section 181,"Content of Section 181, explaining legal terms and clauses."
Section 182,"Content of Section 182, explaining legal terms and clauses."
Section 183,"Content of Section 183, explaining legal terms and clauses."
Section 184,"Content of Section 184, explaining legal terms and clauses."
Section 185,"Content of Section 185, explaining legal terms and clauses."
Section 186,"Content of Section 186, explaining legal terms and clauses."
Section 187,"Content of Section 187, explaining legal terms and clauses."
Section 188,"Content of Section 188, explaining legal terms and clauses."
Section 189,"Content of Section 189, explaining legal terms and clauses."
Section 190,"Content of Section 190, explaining legal terms and clauses."
Section 191,"Content of Section 191, explaining legal terms and clauses."
Section 192,"Content of Section 192, explaining legal terms and clauses."
Section 193,"Content of Section 193, explaining legal terms and clauses."
Section 194,"Content of Section 194, explaining legal terms and clauses."
Section 195,"Content of Section 195, explaining legal terms and clauses."
Section 196,"Content of Section 196, explaining legal terms and clauses."
Section 197,"Content of Section 197, explaining legal terms and clauses."
Section 198,"Content of Section 198, explaining legal terms and clauses."
Section 199,"Content of Section 199, explaining legal terms and clauses."
Section 200,"Content of Section 200, explaining legal terms and clauses."
Section 201,"Content of Section 201, explaining legal terms and clauses."
Section 202,"Content of Section 202, explaining legal terms and clauses."
Section 203,"Content of Section 203, explaining legal terms and clauses."
Section 204,"Content of Section 204, explaining legal terms and clauses."
Section 205,"Content of Section 205, explaining legal terms and clauses."
Section 206,"Content of Section 206, explaining legal terms and clauses."
Section 207,"Content of Section 207, explaining legal terms and clauses."
Section 208,"Content of Section 208, explaining legal terms and clauses."
Section 209,"Content of Section 209, explaining legal terms and clauses."
Section 210,"Content of Section 210, explaining legal terms and clauses."
Section 211,"Content of Section 211, explaining legal terms and clauses."
Section 212,"Content of Section 212, explaining legal terms and clauses."
Section 213,"Content of Section 213, explaining legal terms and clauses."
Section 214,"Content of Section 214, explaining legal terms and clauses."
Section 215,"Content of Section 215, explaining legal terms and clauses."
Section 216,"Content of Section 216, explaining legal terms and clauses."
Section 217,"Content of Section 217, explaining legal terms and clauses."
Section 218,"Content of Section 218, explaining legal terms and clauses."
Section 219,"Content of Section 219, explaining legal terms and clauses."
Section 220,"Content of Section 220, explaining legal terms and clauses."
Section 221,"Content of Section 221, explaining legal terms and clauses."
Section 222,"Content of Section 222, explaining legal terms and clauses."
Section 223,"Content of Section 223, explaining legal terms and clauses."
Section 224,"Content of Section 224, explaining legal terms and clauses."
Section 225,"Content of Section 225, explaining legal terms and clauses."
Section 226,"Content of Section 226, explaining legal terms and clauses."
Section 227,"Content of Section 227, explaining legal terms and clauses."
Section 228,"Content of Section 228, explaining legal terms and clauses."
Section 229,"Content of Section 229, explaining legal terms and clauses."
Section 230,"Content of Section 230, explaining legal terms and clauses."
Section 231,"Content of Section 231, explaining legal terms and clauses."
Section 232,"Content of Section 232, explaining legal terms and clauses."
Section 233,"Content of Section 233, explaining legal terms and clauses."
Section 234,"Content of Section 234, explaining legal terms and clauses."
Section 235,"Content of Section 235, explaining legal terms and clauses."
Section 236,"Content of Section 236, explaining legal terms and clauses."
Section 237,"Content of Section 237, explaining legal terms and clauses."
Section 238,"Content of Section 238, explaining legal terms and clauses."
Section 239,"Content of Section 239, explaining legal terms and clauses."
Section 240,"Content of Section 240, explaining legal terms and clauses."
Section 241,"Content of Section 241, explaining legal terms and clauses."
Section 242,"Content of Section 242, explaining legal terms and clauses."
Section 243,"Content of Section 243, explaining legal terms and clauses."
Section 244,"Content of Section 244, explaining legal terms and clauses."
Section 245,"Content of Section 245, explaining legal terms and clauses."
Section 246,"Content of Section 246, explaining legal terms and clauses."
Section 247,"Content of Section 247, explaining legal terms and clauses."
Section 248,"Content of Section 248, explaining legal terms and clauses."
Section 249,"Content of Section 249, explaining legal terms and clauses."
Section 250,"Content of Section 250, explaining legal terms and clauses."
Section 251,"Content of Section 251, explaining legal terms and clauses."
Section 252,"Content of Section 252, explaining legal terms and clauses."
Section 253,"Content of Section 253, explaining legal terms and clauses."
Section 254,"Content of Section 254, explaining legal terms and clauses."
Section 255,"Content of Section 255, explaining legal terms and clauses."
Section 256,"Content of Section 256, explaining legal terms and clauses."
Section 257,"Content of Section 257, explaining legal terms and clauses."
Section 258,"Content of Section 258, explaining legal terms and clauses."
Section 259,"Content of Section 259, explaining legal terms and clauses."
Section 260,"Content of Section 260, explaining legal terms and clauses."
Section 261,"Content of Section 261, explaining legal terms and clauses."
Section 262,"Content of Section 262, explaining legal terms and clauses."
Section 263,"Content of Section 263, explaining legal terms and clauses."
Section 264,"Content of Section 264, explaining legal terms and clauses."
Section 265,"Content of Section 265, explaining legal terms and clauses."
Section 266,"Content of Section 266, explaining legal terms and clauses."
Section 267,"Content of Section 267, explaining legal terms and clauses."
Section 268,"Content of Section 268, explaining legal terms and clauses."
Section 269,"Content of Section 269, explaining legal terms and clauses."
Section 270,"Content of Section 270, explaining legal terms and clauses."
Section 271,"Content of Section 271, explaining legal terms and clauses."
Section 272,"Content of Section 272, explaining legal terms and clauses."
Section 273,"Content of Section 273, explaining legal terms and clauses."
Section 274,"Content of Section 274, explaining legal terms and clauses."
Section 275,"Content of Section 275, explaining legal terms and clauses."
Section 276,"Content of Section 276, explaining legal terms and clauses."
Section 277,"Content of Section 277, explaining legal terms and clauses."
Section 278,"Content of Section 278, explaining legal terms and clauses."
Section 279,"Content of Section 279, explaining legal terms and clauses."
Section 280,"Content of Section 280, explaining legal terms and clauses."
Section 281,"Content of Section 281, explaining legal terms and clauses."
Section 282,"Content of Section 282, explaining legal terms and clauses."
Section 283,"Content of Section 283, explaining legal terms and clauses."
Section 284,"Content of Section 284, explaining legal terms and clauses."
Section 285,"Content of Section 285, explaining legal terms and clauses."
Section 286,"Content of Section 286, explaining legal terms and clauses."
Section 287,"Content of Section 287, explaining legal terms and clauses."
Section 288,"Content of Section 288, explaining legal terms and clauses."
Section 289,"Content of Section 289, explaining legal terms and clauses."
Section 290,"Content of Section 290, explaining legal terms and clauses."
Section 291,"Content of Section 291, explaining legal terms and clauses."
Section 292,"Content of Section 292, explaining legal terms and clauses."
Section 293,"Content of Section 293, explaining legal terms and clauses."
Section 294,"Content of Section 294, explaining legal terms and clauses."
Section 295,"Content of Section 295, explaining legal terms and clauses."
Section 296,"Content of Section 296, explaining legal terms and clauses."
Section 297,"Content of Section 297, explaining legal terms and clauses."
Section 298,"Content of Section 298, explaining legal terms and clauses."
Section 299,"Content of Section 299, explaining legal terms and clauses."
Section 300,"Content of Section 300, explaining legal terms and clauses."
Section 301,"Content of Section 301, explaining legal terms and clauses."
Section 302,"Content of Section 302, explaining legal terms and clauses."
Section 303,"Content of Section 303, explaining legal terms and clauses."
Section 304,"Content of Section 304, explaining legal terms and clauses."
Section 305,"Content of Section 305, explaining legal terms and clauses."
Section 306,"Content of Section 306, explaining legal terms and clauses."
Section 307,"Content of Section 307, explaining legal terms and clauses."
Section 308,"Content of Section 308, explaining legal terms and clauses."
Section 309,"Content of Section 309, explaining legal terms and clauses."
Section 310,"Content of Section 310, explaining legal terms and clauses."
Section 311,"Content of Section 311, explaining legal terms and clauses."
Section 312,"Content of Section 312, explaining legal terms and clauses."
Section 313,"Content of Section 313, explaining legal terms and clauses."
Section 314,"Content of Section 314, explaining legal terms and clauses."
Section 315,"Content of Section 315, explaining legal terms and clauses."
Section 316,"Content of Section 316, explaining legal terms and clauses."
Section 317,"Content of Section 317, explaining legal terms and clauses."
Section 318,"Content of Section 318, explaining legal terms and clauses."
Section 319,"Content of Section 319, explaining legal terms and clauses."
Section 320,"Content of Section 320, explaining legal terms and clauses."
Section 321,"Content of Section 321, explaining legal terms and clauses."
Section 322,"Content of Section 322, explaining legal terms and clauses."
Section 323,"Content of Section 323, explaining legal terms and clauses."
Section 324,"Content of Section 324, explaining legal terms and clauses."
Section 325,"Content of Section 325, explaining legal terms and clauses."
Section 326,"Content of Section 326, explaining legal terms and clauses."
Section 327,"Content of Section 327, explaining legal terms and clauses."
Section 328,"Content of Section 328, explaining legal terms and clauses."
Section 329,"Content of Section 329, explaining legal terms and clauses."
Section 330,"Content of Section 330, explaining legal terms and clauses."
Section 331,"Content of Section 331, explaining legal terms and clauses."
Section 332,"Content of Section 332, explaining legal terms and clauses."
Section 333,"Content of Section 333, explaining legal terms and clauses."
Section 334,"Content of Section 334, explaining legal terms and clauses."
Section 335,"Content of Section 335, explaining legal terms and clauses."
Section 336,"Content of Section 336, explaining legal terms and clauses."
Section 337,"Content of Section 337, explaining legal terms and clauses."
Section 338,"Content of Section 338, explaining legal terms and clauses."
Section 339,"Content of Section 339, explaining legal terms and clauses."
Section 340,"Content of Section 340, explaining legal terms and clauses."
Section 341,"Content of Section 341, explaining legal terms and clauses."
Section 342,"Content of Section 342, explaining legal terms and clauses."
Section 343,"Content of Section 343, explaining legal terms and clauses."
Section 344,"Content of Section 344, explaining legal terms and clauses."
Section 345,"Content of Section 345, explaining legal terms and clauses."
Section 346,"Content of Section 346, explaining legal terms and clauses."
Section 347,"Content of Section 347, explaining legal terms and clauses."
Section 348,"Content of Section 348, explaining legal terms and clauses."
Section 349,"Content of Section 349, explaining legal terms and clauses."
Section 350,"Content of Section 350, explaining legal terms and clauses."
Section 351,"Content of Section 351, explaining legal terms and clauses."
Section 352,"Content of Section 352, explaining legal terms and clauses."
Section 353,"Content of Section 353, explaining legal terms and clauses."
Section 354,"Content of Section 354, explaining legal terms and clauses."
Section 355,"Content of Section 355, explaining legal terms and clauses."
Section 356,"Content of Section 356, explaining legal terms and clauses."
Section 357,"Content of Section 357, explaining legal terms and clauses."
Section 358,"Content of Section 358, explaining legal terms and clauses."
Section 359,"Content of Section 359, explaining legal terms and clauses."
Section 360,"Content of Section 360, explaining legal terms and clauses."
Section 361,"Content of Section 361, explaining legal terms and clauses."
Section 362,"Content of Section 362, explaining legal terms and clauses."
Section 363,"Content of Section 363, explaining legal terms and clauses."
Section 364,"Content of Section 364, explaining legal terms and clauses."
Section 365,"Content of Section 365, explaining legal terms and clauses."
Section 366,"Content of Section 366, explaining legal terms and clauses."
Section 367,"Content of Section 367, explaining legal terms and clauses."
Section 368,"Content of Section 368, explaining legal terms and clauses."
Section 369,"Content of Section 369, explaining legal terms and clauses."
Section 370,"Content of Section 370, explaining legal terms and clauses."
Section 371,"Content of Section 371, explaining legal terms and clauses."
Section 372,"Content of Section 372, explaining legal terms and clauses."
Section 373,"Content of Section 373, explaining legal terms and clauses."
Section 374,"Content of Section 374, explaining legal terms and clauses."
Section 375,"Content of Section 375, explaining legal terms and clauses."
Section 376,"Content of Section 376, explaining legal terms and clauses."
Section 377,"Content of Section 377, explaining legal terms and clauses."
Section 378,"Content of Section 378, explaining legal terms and clauses."
Section 379,"Content of Section 379, explaining legal terms and clauses."
Section 380,"Content of Section 380, explaining legal terms and clauses."
Section 381,"Content of Section 381, explaining legal terms and clauses."
Section 382,"Content of Section 382, explaining legal terms and clauses."
Section 383,"Content of Section 383, explaining legal terms and clauses."
Section 384,"Content of Section 384, explaining legal terms and clauses."
Section 385,"Content of Section 385, explaining legal terms and clauses."
Section 386,"Content of Section 386, explaining legal terms and clauses."
Section 387,"Content of Section 387, explaining legal terms and clauses."
Section 388,"Content of Section 388, explaining legal terms and clauses."
Section 389,"Content of Section 389, explaining legal terms and clauses."
Section 390,"Content of Section 390, explaining legal terms and clauses."
Section 391,"Content of Section 391, explaining legal terms and clauses."
Section 392,"Content of Section 392, explaining legal terms and clauses."
Section 393,"Content of Section 393, explaining legal terms and clauses."
Section 394,"Content of Section 394, explaining legal terms and clauses."
Section 395,"Content of Section 395, explaining legal terms and clauses."
Section 396,"Content of Section 396, explaining legal terms and clauses."
Section 397,"Content of Section 397, explaining legal terms and clauses."
Section 398,"Content of Section 398, explaining legal terms and clauses."
Section 399,"Content of Section 399, explaining legal terms and clauses."
Section 400,"Content of Section 400, explaining legal terms and clauses."
Section 401,"Content of Section 401, explaining legal terms and clauses."
Section 402,"Content of Section 402, explaining legal terms and clauses."
Section 403,"Content of Section 403, explaining legal terms and clauses."
Section 404,"Content of Section 404, explaining legal terms and clauses."
Section 405,"Content of Section 405, explaining legal terms and clauses."
Section 406,"Content of Section 406, explaining legal terms and clauses."
Section 407,"Content of Section 407, explaining legal terms and clauses."
Section 408,"Content of Section 408, explaining legal terms and clauses."
Section 409,"Content of Section 409, explaining legal terms and clauses."
Section 410,"Content of Section 410, explaining legal terms and clauses."
Section 411,"Content of Section 411, explaining legal terms and clauses."
Section 412,"Content of Section 412, explaining legal terms and clauses."
Section 413,"Content of Section 413, explaining legal terms and clauses."
Section 414,"Content of Section 414, explaining legal terms and clauses."
Section 415,"Content of Section 415, explaining legal terms and clauses."
Section 416,"Content of Section 416, explaining legal terms and clauses."
Section 417,"Content of Section 417, explaining legal terms and clauses."
Section 418,"Content of Section 418, explaining legal terms and clauses."
Section 419,"Content of Section 419, explaining legal terms and clauses."
Section 420,"Content of Section 420, explaining legal terms and clauses."
Section 421,"Content of Section 421, explaining legal terms and clauses."
Section 422,"Content of Section 422, explaining legal terms and clauses."
Section 423,"Content of Section 423, explaining legal terms and clauses."
Section 424,"Content of Section 424, explaining legal terms and clauses."
Section 425,"Content of Section 425, explaining legal terms and clauses."
Section 426,"Content of Section 426, explaining legal terms and clauses."
Section 427,"Content of Section 427, explaining legal terms and clauses."
Section 428,"Content of Section 428, explaining legal terms and clauses."
Section 429,"Content of Section 429, explaining legal terms and clauses."
Section 430,"Content of Section 430, explaining legal terms and clauses."
Section 431,"Content of Section 431, explaining legal terms and clauses."
Section 432,"Content of Section 432, explaining legal terms and clauses."
Section 433,"Content of Section 433, explaining legal terms and clauses."
Section 434,"Content of Section 434, explaining legal terms and clauses."
Section 435,"Content of Section 435, explaining legal terms and clauses."
Section 436,"Content of Section 436, explaining legal terms and clauses."
Section 437,"Content of Section 437, explaining legal terms and clauses."
Section 438,"Content of Section 438, explaining legal terms and clauses."
Section 439,"Content of Section 439, explaining legal terms and clauses."
Section 440,"Content of Section 440, explaining legal terms and clauses."
Section 441,"Content of Section 441, explaining legal terms and clauses."
Section 442,"Content of Section 442, explaining legal terms and clauses."
Section 443,"Content of Section 443, explaining legal terms and clauses."
Section 444,"Content of Section 444, explaining legal terms and clauses."
Section 445,"Content of Section 445, explaining legal terms and clauses."
Section 446,"Content of Section 446, explaining legal terms and clauses."
Section 447,"Content of Section 447, explaining legal terms and clauses."
Section 448,"Content of Section 448, explaining legal terms and clauses."
Section 449,"Content of Section 449, explaining legal terms and clauses."
Section 450,"Content of Section 450, explaining legal terms and clauses."
Section 451,"Content of Section 451, explaining legal terms and clauses."
Section 452,"Content of Section 452, explaining legal terms and clauses."
Section 453,"Content of Section 453, explaining legal terms and clauses."
Section 454,"Content of Section 454, explaining legal terms and clauses."
Section 455,"Content of Section 455, explaining legal terms and clauses."
Section 456,"Content of Section 456, explaining legal terms and clauses."
Section 457,"Content of Section 457, explaining legal terms and clauses."
Section 458,"Content of Section 458, explaining legal terms and clauses."
Section 459,"Content of Section 459, explaining legal terms and clauses."
Section 460,"Content of Section 460, explaining legal terms and clauses."
Section 461,"Content of Section 461, explaining legal terms and clauses."
Section 462,"Content of Section 462, explaining legal terms and clauses."
Section 463,"Content of Section 463, explaining legal terms and clauses."
Section 464,"Content of Section 464, explaining legal terms and clauses."
Section 465,"Content of Section 465, explaining legal terms and clauses."
Section 466,"Content of Section 466, explaining legal terms and clauses."
Section 467,"Content of Section 467, explaining legal terms and clauses."
Section 468,"Content of Section 468, explaining legal terms and clauses."
Section 469,"Content of Section 469, explaining legal terms and clauses."
Section 470,"Content of Section 470, explaining legal terms and clauses."
Section 471,"Content of Section 471, explaining legal terms and clauses."
Section 472,"Content of Section 472, explaining legal terms and clauses."
Section 473,"Content of Section 473, explaining legal terms and clauses."
Section 474,"Content of Section 474, explaining legal terms and clauses."
Section 475,"Content of Section 475, explaining legal terms and clauses."
Section 476,"Content of Section 476, explaining legal terms and clauses."
Section 477,"Content of Section 477, explaining legal terms and clauses."
Section 478,"Content of Section 478, explaining legal terms and clauses."
Section 479,"Content of Section 479, explaining legal terms and clauses."
Section 480,"Content of Section 480, explaining legal terms and clauses."
Section 481,"Content of Section 481, explaining legal terms and clauses."
Section 482,"Content of Section 482, explaining legal terms and clauses."
Section 483,"Content of Section 483, explaining legal terms and clauses."
Section 484,"Content of Section 484, explaining legal terms and clauses."
Section 485,"Content of Section 485, explaining legal terms and clauses."
Section 486,"Content of Section 486, explaining legal terms and clauses."
Section 487,"Content of Section 487, explaining legal terms and clauses."
Section 488,"Content of Section 488, explaining legal terms and clauses."
Section 489,"Content of Section 489, explaining legal terms and clauses."
Section 490,"Content of Section 490, explaining legal terms and clauses."
Section 491,"Content of Section 491, explaining legal terms and clauses."
Section 492,"Content of Section 492, explaining legal terms and clauses."
Section 493,"Content of Section 493, explaining legal terms and clauses."
Section 494,"Content of Section 494, explaining legal terms and clauses."
Section 495,"Content of Section 495, explaining legal terms and clauses."
Section 496,"Content of Section 496, explaining legal terms and clauses."
Section 497,"Content of Section 497, explaining legal terms and clauses."
Section 498,"Content of Section 498, explaining legal terms and clauses."
Section 499,"Content of Section 499, explaining legal terms and clauses."
Section 500,"Content of Section 500, explaining legal terms and clauses."
Section 501,"Content of Section 501, explaining legal terms and clauses."
Section 502,"Content of Section 502, explaining legal terms and clauses."
Section 503,"Content of Section 503, explaining legal terms and clauses."
Section 504,"Content of Section 504, explaining legal terms and clauses."
Section 505,"Content of Section 505, explaining legal terms and clauses."
Section 506,"Content of Section 506, explaining legal terms and clauses."
Section 507,"Content of Section 507, explaining legal terms and clauses."
Section 508,"Content of Section 508, explaining legal terms and clauses."
Section 509,"Content of Section 509, explaining legal terms and clauses."
Section 510,"Content of Section 510, explaining legal terms and clauses."
Section 511,"Content of Section 511, explaining legal terms and clauses."
Section 512,"Content of Section 512, explaining legal terms and clauses."
Section 513,"Content of Section 513, explaining legal terms and clauses."
Section 514,"Content of Section 514, explaining legal terms and clauses."
Section 515,"Content of Section 515, explaining legal terms and clauses."
Section 516,"Content of Section 516, explaining legal terms and clauses."
Section 517,"Content of Section 517, explaining legal terms and clauses."
Section 518,"Content of Section 518, explaining legal terms and clauses."
Section 519,"Content of Section 519, explaining legal terms and clauses."
Section 520,"Content of Section 520, explaining legal terms and clauses."
Section 521,"Content of Section 521, explaining legal terms and clauses."
Section 522,"Content of Section 522, explaining legal terms and clauses."
Section 523,"Content of Section 523, explaining legal terms and clauses."
Section 524,"Content of Section 524, explaining legal terms and clauses."
Section 525,"Content of Section 525, explaining legal terms and clauses."
Section 526,"Content of Section 526, explaining legal terms and clauses."
Section 527,"Content of Section 527, explaining legal terms and clauses."
Section 528,"Content of Section 528, explaining legal terms and clauses."
Section 529,"Content of Section 529, explaining legal terms and clauses."
Section 530,"Content of Section 530, explaining legal terms and clauses."
Section 531,"Content of Section 531, explaining legal terms and clauses."
Section 532,"Content of Section 532, explaining legal terms and clauses."
Section 533,"Content of Section 533, explaining legal terms and clauses."
Section 534,"Content of Section 534, explaining legal terms and clauses."
Section 535,"Content of Section 535, explaining legal terms and clauses."
Section 536,"Content of Section 536, explaining legal terms and clauses."
Section 537,"Content of Section 537, explaining legal terms and clauses."
Section 538,"Content of Section 538, explaining legal terms and clauses."
Section 539,"Content of Section 539, explaining legal terms and clauses."
Section 540,"Content of Section 540, explaining legal terms and clauses."
Section 541,"Content of Section 541, explaining legal terms and clauses."
Section 542,"Content of Section 542, explaining legal terms and clauses."
Section 543,"Content of Section 543, explaining legal terms and clauses."
Section 544,"Content of Section 544, explaining legal terms and clauses."
Section 545,"Content of Section 545, explaining legal terms and clauses."
Section 546,"Content of Section 546, explaining legal terms and clauses."
Section 547,"Content of Section 547, explaining legal terms and clauses."
Section 548,"Content of Section 548, explaining legal terms and clauses."
Section 549,"Content of Section 549, explaining legal terms and clauses."
Section 550,"Content of Section 550, explaining legal terms and clauses."
Section 551,"Content of Section 551, explaining legal terms and clauses."
Section 552,"Content of Section 552, explaining legal terms and clauses."
Section 553,"Content of Section 553, explaining legal terms and clauses."
Section 554,"Content of Section 554, explaining legal terms and clauses."
Section 555,"Content of Section 555, explaining legal terms and clauses."
Section 556,"Content of Section 556, explaining legal terms and clauses."
Section 557,"Content of Section 557, explaining legal terms and clauses."
Section 558,"Content of Section 558, explaining legal terms and clauses."
Section 559,"Content of Section 559, explaining legal terms and clauses."
Section 560,"Content of Section 560, explaining legal terms and clauses."
Section 561,"Content of Section 561, explaining legal terms and clauses."
Section 562,"Content of Section 562, explaining legal terms and clauses."
Section 563,"Content of Section 563, explaining legal terms and clauses."
Section 564,"Content of Section 564, explaining legal terms and clauses."
Section 565,"Content of Section 565, explaining legal terms and clauses."
Section 566,"Content of Section 566, explaining legal terms and clauses."
Section 567,"Content of Section 567, explaining legal terms and clauses."
Section 568,"Content of Section 568, explaining legal terms and clauses."
Section 569,"Content of Section 569, explaining legal terms and clauses."
Section 570,"Content of Section 570, explaining legal terms and clauses."
Section 571,"Content of Section 571, explaining legal terms and clauses."
Section 572,"Content of Section 572, explaining legal terms and clauses."
Section 573,"Content of Section 573, explaining legal terms and clauses."
Section 574,"Content of Section 574, explaining legal terms and clauses."
Section 575,"Content of Section 575, explaining legal terms and clauses."
Section 576,"Content of Section 576, explaining legal terms and clauses."
Section 577,"Content of Section 577, explaining legal terms and clauses."
Section 578,"Content of Section 578, explaining legal terms and clauses."
Section 579,"Content of Section 579, explaining legal terms and clauses."
Section 580,"Content of Section 580, explaining legal terms and clauses."
Section 581,"Content of Section 581, explaining legal terms and clauses."
Section 582,"Content of Section 582, explaining legal terms and clauses."
Section 583,"Content of Section 583, explaining legal terms and clauses."
Section 584,"Content of Section 584, explaining legal terms and clauses."
Section 585,"Content of Section 585, explaining legal terms and clauses."
Section 586,"Content of Section 586, explaining legal terms and clauses."
Section 587,"Content of Section 587, explaining legal terms and clauses."
Section 588,"Content of Section 588, explaining legal terms and clauses."
Section 589,"Content of Section 589, explaining legal terms and clauses."
Section 590,"Content of Section 590, explaining legal terms and clauses."
Section 591,"Content of Section 591, explaining legal terms and clauses."
Section 592,"Content of Section 592, explaining legal terms and clauses."
Section 593,"Content of Section 593, explaining legal terms and clauses."
Section 594,"Content of Section 594, explaining legal terms and clauses."
Section 595,"Content of Section 595, explaining legal terms and clauses."
Section 596,"Content of Section 596, explaining legal terms and clauses."
Section 597,"Content of Section 597, explaining legal terms and clauses."
Section 598,"Content of Section 598, explaining legal terms and clauses."
Section 599,"Content of Section 599, explaining legal terms and clauses."
Section 600,"Content of Section 600, explaining legal terms and clauses."
Section 601,"Content of Section 601, explaining legal terms and clauses."
Section 602,"Content of Section 602, explaining legal terms and clauses."
Section 603,"Content of Section 603, explaining legal terms and clauses."
Section 604,"Content of Section 604, explaining legal terms and clauses."
Section 605,"Content of Section 605, explaining legal terms and clauses."
Section 606,"Content of Section 606, explaining legal terms and clauses."
Section 607,"Content of Section 607, explaining legal terms and clauses."
Section 608,"Content of Section 608, explaining legal terms and clauses."
Section 609,"Content of Section 609, explaining legal terms and clauses."
Section 610,"Content of Section 610, explaining legal terms and clauses."
Section 611,"Content of Section 611, explaining legal terms and clauses."
Section 612,"Content of Section 612, explaining legal terms and clauses."
Section 613,"Content of Section 613, explaining legal terms and clauses."
Section 614,"Content of Section 614, explaining legal terms and clauses."
Section 615,"Content of Section 615, explaining legal terms and clauses."
Section 616,"Content of Section 616, explaining legal terms and clauses."
Section 617,"Content of Section 617, explaining legal terms and clauses."
Section 618,"Content of Section 618, explaining legal terms and clauses."
Section 619,"Content of Section 619, explaining legal terms and clauses."
Section 620,"Content of Section 620, explaining legal terms and clauses."
Section 621,"Content of Section 621, explaining legal terms and clauses."
Section 622,"Content of Section 622, explaining legal terms and clauses."
Section 623,"Content of Section 623, explaining legal terms and clauses."
Section 624,"Content of Section 624, explaining legal terms and clauses."
Section 625,"Content of Section 625, explaining legal terms and clauses."
Section 626,"Content of Section 626, explaining legal terms and clauses."
Section 627,"Content of Section 627, explaining legal terms and clauses."
Section 628,"Content of Section 628, explaining legal terms and clauses."
Section 629,"Content of Section 629, explaining legal terms and clauses."
Section 630,"Content of Section 630, explaining legal terms and clauses."
Section 631,"Content of Section 631, explaining legal terms and clauses."
Section 632,"Content of Section 632, explaining legal terms and clauses."
Section 633,"Content of Section 633, explaining legal terms and clauses."
Section 634,"Content of Section 634, explaining legal terms and clauses."
Section 635,"Content of Section 635, explaining legal terms and clauses."
Section 636,"Content of Section 636, explaining legal terms and clauses."
Section 637,"Content of Section 637, explaining legal terms and clauses."
Section 638,"Content of Section 638, explaining legal terms and clauses."
Section 639,"Content of Section 639, explaining legal terms and clauses."
Section 640,"Content of Section 640, explaining legal terms and clauses."
Section 641,"Content of Section 641, explaining legal terms and clauses."
Section 642,"Content of Section 642, explaining legal terms and clauses."
Section 643,"Content of Section 643, explaining legal terms and clauses."
Section 644,"Content of Section 644, explaining legal terms and clauses."
Section 645,"Content of Section 645, explaining legal terms and clauses."
Section 646,"Content of Section 646, explaining legal terms and clauses."
Section 647,"Content of Section 647, explaining legal terms and clauses."
Section 648,"Content of Section 648, explaining legal terms and clauses."
Section 649,"Content of Section 649, explaining legal terms and clauses."
Section 650,"Content of Section 650, explaining legal terms and clauses."
Section 651,"Content of Section 651, explaining legal terms and clauses."
Section 652,"Content of Section 652, explaining legal terms and clauses."
Section 653,"Content of Section 653, explaining legal terms and clauses."
Section 654,"Content of Section 654, explaining legal terms and clauses."
Section 655,"Content of Section 655, explaining legal terms and clauses."
Section 656,"Content of Section 656, explaining legal terms and clauses."
Section 657,"Content of Section 657, explaining legal terms and clauses."
Section 658,"Content of Section 658, explaining legal terms and clauses."
Section 659,"Content of Section 659, explaining legal terms and clauses."
Section 660,"Content of Section 660, explaining legal terms and clauses."
Section 661,"Content of Section 661, explaining legal terms and clauses."
Section 662,"Content of Section 662, explaining legal terms and clauses."
Section 663,"Content of Section 663, explaining legal terms and clauses."
Section 664,"Content of Section 664, explaining legal terms and clauses."
Section 665,"Content of Section 665, explaining legal terms and clauses."
Section 666,"Content of Section 666, explaining legal terms and clauses."
Section 667,"Content of Section 667, explaining legal terms and clauses."
Section 668,"Content of Section 668, explaining legal terms and clauses."
Section 669,"Content of Section 669, explaining legal terms and clauses."
Section 670,"Content of Section 670, explaining legal terms and clauses."
Section 671,"Content of Section 671, explaining legal terms and clauses."
Section 672,"Content of Section 672, explaining legal terms and clauses."
Section 673,"Content of Section 673, explaining legal terms and clauses."
Section 674,"Content of Section 674, explaining legal terms and clauses."
Section 675,"Content of Section 675, explaining legal terms and clauses."
Section 676,"Content of Section 676, explaining legal terms and clauses."
Section 677,"Content of Section 677, explaining legal terms and clauses."
Section 678,"Content of Section 678, explaining legal terms and clauses."
Section 679,"Content of Section 679, explaining legal terms and clauses."
Section 680,"Content of Section 680, explaining legal terms and clauses."
Section 681,"Content of Section 681, explaining legal terms and clauses."
Section 682,"Content of Section 682, explaining legal terms and clauses."
Section 683,"Content of Section 683, explaining legal terms and clauses."
Section 684,"Content of Section 684, explaining legal terms and clauses."
Section 685,"Content of Section 685, explaining legal terms and clauses."
Section 686,"Content of Section 686, explaining legal terms and clauses."
Section 687,"Content of Section 687, explaining legal terms and clauses."
Section 688,"Content of Section 688, explaining legal terms and clauses."
Section 689,"Content of Section 689, explaining legal terms and clauses."
Section 690,"Content of Section 690, explaining legal terms and clauses."
Section 691,"Content of Section 691, explaining legal terms and clauses."
Section 692,"Content of Section 692, explaining legal terms and clauses."
Section 693,"Content of Section 693, explaining legal terms and clauses."
Section 694,"Content of Section 694, explaining legal terms and clauses."
Section 695,"Content of Section 695, explaining legal terms and clauses."
Section 696,"Content of Section 696, explaining legal terms and clauses."
Section 697,"Content of Section 697, explaining legal terms and clauses."
Section 698,"Content of Section 698, explaining legal terms and clauses."
Section 699,"Content of Section 699, explaining legal terms and clauses."
Section 700,"Content of Section 700, explaining legal terms and clauses."
Section 701,"Content of Section 701, explaining legal terms and clauses."
Section 702,"Content of Section 702, explaining legal terms and clauses."
Section 703,"Content of Section 703, explaining legal terms and clauses."
Section 704,"Content of Section 704, explaining legal terms and clauses."
Section 705,"Content of Section 705, explaining legal terms and clauses."
Section 706,"Content of Section 706, explaining legal terms and clauses."
Section 707,"Content of Section 707, explaining legal terms and clauses."
Section 708,"Content of Section 708, explaining legal terms and clauses."
Section 709,"Content of Section 709, explaining legal terms and clauses."
Section 710,"Content of Section 710, explaining legal terms and clauses."
Section 711,"Content of Section 711, explaining legal terms and clauses."
Section 712,"Content of Section 712, explaining legal terms and clauses."
Section 713,"Content of Section 713, explaining legal terms and clauses."
Section 714,"Content of Section 714, explaining legal terms and clauses."
Section 715,"Content of Section 715, explaining legal terms and clauses."
Section 716,"Content of Section 716, explaining legal terms and clauses."
Section 717,"Content of Section 717, explaining legal terms and clauses."
Section 718,"Content of Section 718, explaining legal terms and clauses."
Section 719,"Content of Section 719, explaining legal terms and clauses."
Section 720,"Content of Section 720, explaining legal terms and clauses."
Section 721,"Content of Section 721, explaining legal terms and clauses."
Section 722,"Content of Section 722, explaining legal terms and clauses."
Section 723,"Content of Section 723, explaining legal terms and clauses."
Section 724,"Content of Section 724, explaining legal terms and clauses."
Section 725,"Content of Section 725, explaining legal terms and clauses."
Section 726,"Content of Section 726, explaining legal terms and clauses."
Section 727,"Content of Section 727, explaining legal terms and clauses."
Section 728,"Content of Section 728, explaining legal terms and clauses."
Section 729,"Content of Section 729, explaining legal terms and clauses."
Section 730,"Content of Section 730, explaining legal terms and clauses."
Section 731,"Content of Section 731, explaining legal terms and clauses."
Section 732,"Content of Section 732, explaining legal terms and clauses."
Section 733,"Content of Section 733, explaining legal terms and clauses."
Section 734,"Content of Section 734, explaining legal terms and clauses."
Section 735,"Content of Section 735, explaining legal terms and clauses."
Section 736,"Content of Section 736, explaining legal terms and clauses."
Section 737,"Content of Section 737, explaining legal terms and clauses."
Section 738,"Content of Section 738, explaining legal terms and clauses."
Section 739,"Content of Section 739, explaining legal terms and clauses."
Section 740,"Content of Section 740, explaining legal terms and clauses."
Section 741,"Content of Section 741, explaining legal terms and clauses."
Section 742,"Content of Section 742, explaining legal terms and clauses."
Section 743,"Content of Section 743, explaining legal terms and clauses."
Section 744,"Content of Section 744, explaining legal terms and clauses."
Section 745,"Content of Section 745, explaining legal terms and clauses."
Section 746,"Content of Section 746, explaining legal terms and clauses."
Section 747,"Content of Section 747, explaining legal terms and clauses."
Section 748,"Content of Section 748, explaining legal terms and clauses."
Section 749,"Content of Section 749, explaining legal terms and clauses."
Section 750,"Content of Section 750, explaining legal terms and clauses."
Section 751,"Content of Section 751, explaining legal terms and clauses."
Section 752,"Content of Section 752, explaining legal terms and clauses."
Section 753,"Content of Section 753, explaining legal terms and clauses."
Section 754,"Content of Section 754, explaining legal terms and clauses."
Section 755,"Content of Section 755, explaining legal terms and clauses."
Section 756,"Content of Section 756, explaining legal terms and clauses."
Section 757,"Content of Section 757, explaining legal terms and clauses."
Section 758,"Content of Section 758, explaining legal terms and clauses."
Section 759,"Content of Section 759, explaining legal terms and clauses."
Section 760,"Content of Section 760, explaining legal terms and clauses."
Section 761,"Content of Section 761, explaining legal terms and clauses."
Section 762,"Content of Section 762, explaining legal terms and clauses."
Section 763,"Content of Section 763, explaining legal terms and clauses."
Section 764,"Content of Section 764, explaining legal terms and clauses."
Section 765,"Content of Section 765, explaining legal terms and clauses."
Section 766,"Content of Section 766, explaining legal terms and clauses."
Section 767,"Content of Section 767, explaining legal terms and clauses."
Section 768,"Content of Section 768, explaining legal terms and clauses."
Section 769,"Content of Section 769, explaining legal terms and clauses."
Section 770,"Content of Section 770, explaining legal terms and clauses."
Section 771,"Content of Section 771, explaining legal terms and clauses."
Section 772,"Content of Section 772, explaining legal terms and clauses."
Section 773,"Content of Section 773, explaining legal terms and clauses."
Section 774,"Content of Section 774, explaining legal terms and clauses."
Section 775,"Content of Section 775, explaining legal terms and clauses."
Section 776,"Content of Section 776, explaining legal terms and clauses."
Section 777,"Content of Section 777, explaining legal terms and clauses."
Section 778,"Content of Section 778, explaining legal terms and clauses."
Section 779,"Content of Section 779, explaining legal terms and clauses."
Section 780,"Content of Section 780, explaining legal terms and clauses."
Section 781,"Content of Section 781, explaining legal terms and clauses."
Section 782,"Content of Section 782, explaining legal terms and clauses."
Section 783,"Content of Section 783, explaining legal terms and clauses."
Section 784,"Content of Section 784, explaining legal terms and clauses."
Section 785,"Content of Section 785, explaining legal terms and clauses."
Section 786,"Content of Section 786, explaining legal terms and clauses."
Section 787,"Content of Section 787, explaining legal terms and clauses."
Section 788,"Content of Section 788, explaining legal terms and clauses."
Section 789,"Content of Section 789, explaining legal terms and clauses."
Section 790,"Content of Section 790, explaining legal terms and clauses."
Section 791,"Content of Section 791, explaining legal terms and clauses."
Section 792,"Content of Section 792, explaining legal terms and clauses."
Section 793,"Content of Section 793, explaining legal terms and clauses."
Section 794,"Content of Section 794, explaining legal terms and clauses."
Section 795,"Content of Section 795, explaining legal terms and clauses."
Section 796,"Content of Section 796, explaining legal terms and clauses."
Section 797,"Content of Section 797, explaining legal terms and clauses."
Section 798,"Content of Section 798, explaining legal terms and clauses."
Section 799,"Content of Section 799, explaining legal terms and clauses."
Section 800,"Content of Section 800, explaining legal terms and clauses."
Section 801,"Content of Section 801, explaining legal terms and clauses."
Section 802,"Content of Section 802, explaining legal terms and clauses."
Section 803,"Content of Section 803, explaining legal terms and clauses."
Section 804,"Content of Section 804, explaining legal terms and clauses."
Section 805,"Content of Section 805, explaining legal terms and clauses."
Section 806,"Content of Section 806, explaining legal terms and clauses."
Section 807,"Content of Section 807, explaining legal terms and clauses."
Section 808,"Content of Section 808, explaining legal terms and clauses."
Section 809,"Content of Section 809, explaining legal terms and clauses."
Section 810,"Content of Section 810, explaining legal terms and clauses."
Section 811,"Content of Section 811, explaining legal terms and clauses."
Section 812,"Content of Section 812, explaining legal terms and clauses."
Section 813,"Content of Section 813, explaining legal terms and clauses."
Section 814,"Content of Section 814, explaining legal terms and clauses."
Section 815,"Content of Section 815, explaining legal terms and clauses."
Section 816,"Content of Section 816, explaining legal terms and clauses."
Section 817,"Content of Section 817, explaining legal terms and clauses."
Section 818,"Content of Section 818, explaining legal terms and clauses."
Section 819,"Content of Section 819, explaining legal terms and clauses."
Section 820,"Content of Section 820, explaining legal terms and clauses."
Section 821,"Content of Section 821, explaining legal terms and clauses."
Section 822,"Content of Section 822, explaining legal terms and clauses."
Section 823,"Content of Section 823, explaining legal terms and clauses."
Section 824,"Content of Section 824, explaining legal terms and clauses."
Section 825,"Content of Section 825, explaining legal terms and clauses."
Section 826,"Content of Section 826, explaining legal terms and clauses."
Section 827,"Content of Section 827, explaining legal terms and clauses."
Section 828,"Content of Section 828, explaining legal terms and clauses."
Section 829,"Content of Section 829, explaining legal terms and clauses."
Section 830,"Content of Section 830, explaining legal terms and clauses."
Section 831,"Content of Section 831, explaining legal terms and clauses."
Section 832,"Content of Section 832, explaining legal terms and clauses."
Section 833,"Content of Section 833, explaining legal terms and clauses."
Section 834,"Content of Section 834, explaining legal terms and clauses."
Section 835,"Content of Section 835, explaining legal terms and clauses."
Section 836,"Content of Section 836, explaining legal terms and clauses."
Section 837,"Content of Section 837, explaining legal terms and clauses."
Section 838,"Content of Section 838, explaining legal terms and clauses."
Section 839,"Content of Section 839, explaining legal terms and clauses."
Section 840,"Content of Section 840, explaining legal terms and clauses."
Section 841,"Content of Section 841, explaining legal terms and clauses."
Section 842,"Content of Section 842, explaining legal terms and clauses."
Section 843,"Content of Section 843, explaining legal terms and clauses."
Section 844,"Content of Section 844, explaining legal terms and clauses."
Section 845,"Content of Section 845, explaining legal terms and clauses."
Section 846,"Content of Section 846, explaining legal terms and clauses."
Section 847,"Content of Section 847, explaining legal terms and clauses."
Section 848,"Content of Section 848, explaining legal terms and clauses."
Section 849,"Content of Section 849, explaining legal terms and clauses."
Section 850,"Content of Section 850, explaining legal terms and clauses."
Section 851,"Content of Section 851, explaining legal terms and clauses."
Section 852,"Content of Section 852, explaining legal terms and clauses."
Section 853,"Content of Section 853, explaining legal terms and clauses."
Section 854,"Content of Section 854, explaining legal terms and clauses."
Section 855,"Content of Section 855, explaining legal terms and clauses."
Section 856,"Content of Section 856, explaining legal terms and clauses."
Section 857,"Content of Section 857, explaining legal terms and clauses."
Section 858,"Content of Section 858, explaining legal terms and clauses."
Section 859,"Content of Section 859, explaining legal terms and clauses."
Section 860,"Content of Section 860, explaining legal terms and clauses."
Section 861,"Content of Section 861, explaining legal terms and clauses."
Section 862,"Content of Section 862, explaining legal terms and clauses."
Section 863,"Content of Section 863, explaining legal terms and clauses."
Section 864,"Content of Section 864, explaining legal terms and clauses."
Section 865,"Content of Section 865, explaining legal terms and clauses."
Section 866,"Content of Section 866, explaining legal terms and clauses."
Section 867,"Content of Section 867, explaining legal terms and clauses."
Section 868,"Content of Section 868, explaining legal terms and clauses."
Section 869,"Content of Section 869, explaining legal terms and clauses."
Section 870,"Content of Section 870, explaining legal terms and clauses."
Section 871,"Content of Section 871, explaining legal terms and clauses."
Section 872,"Content of Section 872, explaining legal terms and clauses."
Section 873,"Content of Section 873, explaining legal terms and clauses."
Section 874,"Content of Section 874, explaining legal terms and clauses."
Section 875,"Content of Section 875, explaining legal terms and clauses."
Section 876,"Content of Section 876, explaining legal terms and clauses."
Section 877,"Content of Section 877, explaining legal terms and clauses."
Section 878,"Content of Section 878, explaining legal terms and clauses."
Section 879,"Content of Section 879, explaining legal terms and clauses."
Section 880,"Content of Section 880, explaining legal terms and clauses."
Section 881,"Content of Section 881, explaining legal terms and clauses."
Section 882,"Content of Section 882, explaining legal terms and clauses."
Section 883,"Content of Section 883, explaining legal terms and clauses."
Section 884,"Content of Section 884, explaining legal terms and clauses."
Section 885,"Content of Section 885, explaining legal terms and clauses."
Section 886,"Content of Section 886, explaining legal terms and clauses."
Section 887,"Content of Section 887, explaining legal terms and clauses."
Section 888,"Content of Section 888, explaining legal terms and clauses."
Section 889,"Content of Section 889, explaining legal terms and clauses."
Section 890,"Content of Section 890, explaining legal terms and clauses."
Section 891,"Content of Section 891, explaining legal terms and clauses."
Section 892,"Content of Section 892, explaining legal terms and clauses."
Section 893,"Content of Section 893, explaining legal terms and clauses."
Section 894,"Content of Section 894, explaining legal terms and clauses."
Section 895,"Content of Section 895, explaining legal terms and clauses."
Section 896,"Content of Section 896, explaining legal terms and clauses."
Section 897,"Content of Section 897, explaining legal terms and clauses."
Section 898,"Content of Section 898, explaining legal terms and clauses."
Section 899,"Content of Section 899, explaining legal terms and clauses."
Section 900,"Content of Section 900, explaining legal terms and clauses."
Section 901,"Content of Section 901, explaining legal terms and clauses."
Section 902,"Content of Section 902, explaining legal terms and clauses."
Section 903,"Content of Section 903, explaining legal terms and clauses."
Section 904,"Content of Section 904, explaining legal terms and clauses."
Section 905,"Content of Section 905, explaining legal terms and clauses."
Section 906,"Content of Section 906, explaining legal terms and clauses."
Section 907,"Content of Section 907, explaining legal terms and clauses."
Section 908,"Content of Section 908, explaining legal terms and clauses."
Section 909,"Content of Section 909, explaining legal terms and clauses."
Section 910,"Content of Section 910, explaining legal terms and clauses."
Section 911,"Content of Section 911, explaining legal terms and clauses."
Section 912,"Content of Section 912, explaining legal terms and clauses."
Section 913,"Content of Section 913, explaining legal terms and clauses."
Section 914,"Content of Section 914, explaining legal terms and clauses."
Section 915,"Content of Section 915, explaining legal terms and clauses."
Section 916,"Content of Section 916, explaining legal terms and clauses."
Section 917,"Content of Section 917, explaining legal terms and clauses."
Section 918,"Content of Section 918, explaining legal terms and clauses."
Section 919,"Content of Section 919, explaining legal terms and clauses."
Section 920,"Content of Section 920, explaining legal terms and clauses."
Section 921,"Content of Section 921, explaining legal terms and clauses."
Section 922,"Content of Section 922, explaining legal terms and clauses."
Section 923,"Content of Section 923, explaining legal terms and clauses."
Section 924,"Content of Section 924, explaining legal terms and clauses."
Section 925,"Content of Section 925, explaining legal terms and clauses."
Section 926,"Content of Section 926, explaining legal terms and clauses."
Section 927,"Content of Section 927, explaining legal terms and clauses."
Section 928,"Content of Section 928, explaining legal terms and clauses."
Section 929,"Content of Section 929, explaining legal terms and clauses."
Section 930,"Content of Section 930, explaining legal terms and clauses."
Section 931,"Content of Section 931, explaining legal terms and clauses."
Section 932,"Content of Section 932, explaining legal terms and clauses."
Section 933,"Content of Section 933, explaining legal terms and clauses."
Section 934,"Content of Section 934, explaining legal terms and clauses."
Section 935,"Content of Section 935, explaining legal terms and clauses."
Section 936,"Content of Section 936, explaining legal terms and clauses."
Section 937,"Content of Section 937, explaining legal terms and clauses."
Section 938,"Content of Section 938, explaining legal terms and clauses."
Section 939,"Content of Section 939, explaining legal terms and clauses."
Section 940,"Content of Section 940, explaining legal terms and clauses."
Section 941,"Content of Section 941, explaining legal terms and clauses."
Section 942,"Content of Section 942, explaining legal terms and clauses."
Section 943,"Content of Section 943, explaining legal terms and clauses."
Section 944,"Content of Section 944, explaining legal terms and clauses."
Section 945,"Content of Section 945, explaining legal terms and clauses."
Section 946,"Content of Section 946, explaining legal terms and clauses."
Section 947,"Content of Section 947, explaining legal terms and clauses."
Section 948,"Content of Section 948, explaining legal terms and clauses."
Section 949,"Content of Section 949, explaining legal terms and clauses."
Section 950,"Content of Section 950, explaining legal terms and clauses."
Section 951,"Content of Section 951, explaining legal terms and clauses."
Section 952,"Content of Section 952, explaining legal terms and clauses."
Section 953,"Content of Section 953, explaining legal terms and clauses."
Section 954,"Content of Section 954, explaining legal terms and clauses."
Section 955,"Content of Section 955, explaining legal terms and clauses."
Section 956,"Content of Section 956, explaining legal terms and clauses."
Section 957,"Content of Section 957, explaining legal terms and clauses."
Section 958,"Content of Section 958, explaining legal terms and clauses."
Section 959,"Content of Section 959, explaining legal terms and clauses."
Section 960,"Content of Section 960, explaining legal terms and clauses."
Section 961,"Content of Section 961, explaining legal terms and clauses."
Section 962,"Content of Section 962, explaining legal terms and clauses."
Section 963,"Content of Section 963, explaining legal terms and clauses."
Section 964,"Content of Section 964, explaining legal terms and clauses."
Section 965,"Content of Section 965, explaining legal terms and clauses."
Section 966,"Content of Section 966, explaining legal terms and clauses."
Section 967,"Content of Section 967, explaining legal terms and clauses."
Section 968,"Content of Section 968, explaining legal terms and clauses."
Section 969,"Content of Section 969, explaining legal terms and clauses."
Section 970,"Content of Section 970, explaining legal terms and clauses."
Section 971,"Content of Section 971, explaining legal terms and clauses."
Section 972,"Content of Section 972, explaining legal terms and clauses."
Section 973,"Content of Section 973, explaining legal terms and clauses."
Section 974,"Content of Section 974, explaining legal terms and clauses."
Section 975,"Content of Section 975, explaining legal terms and clauses."
Section 976,"Content of Section 976, explaining legal terms and clauses."
Section 977,"Content of Section 977, explaining legal terms and clauses."
Section 978,"Content of Section 978, explaining legal terms and clauses."
Section 979,"Content of Section 979, explaining legal terms and clauses."
Section 980,"Content of Section 980, explaining legal terms and clauses."
Section 981,"Content of Section 981, explaining legal terms and clauses."
Section 982,"Content of Section 982, explaining legal terms and clauses."
Section 983,"Content of Section 983, explaining legal terms and clauses."
Section 984,"Content of Section 984, explaining legal terms and clauses."
Section 985,"Content of Section 985, explaining legal terms and clauses."
Section 986,"Content of Section 986, explaining legal terms and clauses."
Section 987,"Content of Section 987, explaining legal terms and clauses."
Section 988,"Content of Section 988, explaining legal terms and clauses."
Section 989,"Content of Section 989, explaining legal terms and clauses."
Section 990,"Content of Section 990, explaining legal terms and clauses."
Section 991,"Content of Section 991, explaining legal terms and clauses."
Section 992,"Content of Section 992, explaining legal terms and clauses."
Section 993,"Content of Section 993, explaining legal terms and clauses."
Section 994,"Content of Section 994, explaining legal terms and clauses."
Section 995,"Content of Section 995, explaining legal terms and clauses."
Section 996,"Content of Section 996, explaining legal terms and clauses."
Section 997,"Content of Section 997, explaining legal terms and clauses."
Section 998,"Content of Section 998, explaining legal terms and clauses."
Section 999,"Content of Section 999, explaining legal terms and clauses."
Section 1000,"Content of Section 1000, explaining legal terms and clauses."
