Headline,Summary
News Headline 1,Summary for News Headline 1
News Headline 2,Summary for News Headline 2
News Headline 3,Summary for News Headline 3
News Headline 4,Summary for News Headline 4
News Headline 5,Summary for News Headline 5
News Headline 6,Summary for News Headline 6
News Headline 7,Summary for News Headline 7
News Headline 8,Summary for News Headline 8
News Headline 9,Summary for News Headline 9
News Headline 10,Summary for News Headline 10
News Headline 11,Summary for News Headline 11
News Headline 12,Summary for News Headline 12
News Headline 13,Summary for News Headline 13
News Headline 14,Summary for News Headline 14
News Headline 15,Summary for News Headline 15
News Headline 16,Summary for News Headline 16
News Headline 17,Summary for News Headline 17
News Headline 18,Summary for News Headline 18
News Headline 19,Summary for News Headline 19
News Headline 20,Summary for News Headline 20
News Headline 21,Summary for News Headline 21
News Headline 22,Summary for News Headline 22
News Headline 23,Summary for News Headline 23
News Headline 24,Summary for News Headline 24
News Headline 25,Summary for News Headline 25
News Headline 26,Summary for News Headline 26
News Headline 27,Summary for News Headline 27
News Headline 28,Summary for News Headline 28
News Headline 29,Summary for News Headline 29
News Headline 30,Summary for News Headline 30
News Headline 31,Summary for News Headline 31
News Headline 32,Summary for News Headline 32
News Headline 33,Summary for News Headline 33
News Headline 34,Summary for News Headline 34
News Headline 35,Summary for News Headline 35
News Headline 36,Summary for News Headline 36
News Headline 37,Summary for News Headline 37
News Headline 38,Summary for News Headline 38
News Headline 39,Summary for News Headline 39
News Headline 40,Summary for News Headline 40
News Headline 41,Summary for News Headline 41
News Headline 42,Summary for News Headline 42
News Headline 43,Summary for News Headline 43
News Headline 44,Summary for News Headline 44
News Headline 45,Summary for News Headline 45
News Headline 46,Summary for News Headline 46
News Headline 47,Summary for News Headline 47
News Headline 48,Summary for News Headline 48
News Headline 49,Summary for News Headline 49
News Headline 50,Summary for News Headline 50
News Headline 51,Summary for News Headline 51
News Headline 52,Summary for News Headline 52
News Headline 53,Summary for News Headline 53
News Headline 54,Summary for News Headline 54
News Headline 55,Summary for News Headline 55
News Headline 56,Summary for News Headline 56
News Headline 57,Summary for News Headline 57
News Headline 58,Summary for News Headline 58
News Headline 59,Summary for News Headline 59
News Headline 60,Summary for News Headline 60
News Headline 61,Summary for News Headline 61
News Headline 62,Summary for News Headline 62
News Headline 63,Summary for News Headline 63
News Headline 64,Summary for News Headline 64
News Headline 65,Summary for News Headline 65
News Headline 66,Summary for News Headline 66
News Headline 67,Summary for News Headline 67
News Headline 68,Summary for News Headline 68
News Headline 69,Summary for News Headline 69
News Headline 70,Summary for News Headline 70
News Headline 71,Summary for News Headline 71
News Headline 72,Summary for News Headline 72
News Headline 73,Summary for News Headline 73
News Headline 74,Summary for News Headline 74
News Headline 75,Summary for News Headline 75
News Headline 76,Summary for News Headline 76
News Headline 77,Summary for News Headline 77
News Headline 78,Summary for News Headline 78
News Headline 79,Summary for News Headline 79
News Headline 80,Summary for News Headline 80
News Headline 81,Summary for News Headline 81
News Headline 82,Summary for News Headline 82
News Headline 83,Summary for News Headline 83
News Headline 84,Summary for News Headline 84
News Headline 85,Summary for News Headline 85
News Headline 86,Summary for News Headline 86
News Headline 87,Summary for News Headline 87
News Headline 88,Summary for News Headline 88
News Headline 89,Summary for News Headline 89
News Headline 90,Summary for News Headline 90
News Headline 91,Summary for News Headline 91
News Headline 92,Summary for News Headline 92
News Headline 93,Summary for News Headline 93
News Headline 94,Summary for News Headline 94
News Headline 95,Summary for News Headline 95
News Headline 96,Summary for News Headline 96
News Headline 97,Summary for News Headline 97
News Headline 98,Summary for News Headline 98
News Headline 99,Summary for News Headline 99
News Headline 100,Summary for News Headline 100
News Headline 101,Summary for News Headline 101
News Headline 102,Summary for News Headline 102
News Headline 103,Summary for News Headline 103
News Headline 104,Summary for News Headline 104
News Headline 105,Summary for News Headline 105
News Headline 106,Summary for News Headline 106
News Headline 107,Summary for News Headline 107
News Headline 108,Summary for News Headline 108
News Headline 109,Summary for News Headline 109
News Headline 110,Summary for News Headline 110
News Headline 111,Summary for News Headline 111
News Headline 112,Summary for News Headline 112
News Headline 113,Summary for News Headline 113
News Headline 114,Summary for News Headline 114
News Headline 115,Summary for News Headline 115
News Headline 116,Summary for News Headline 116
News Headline 117,Summary for News Headline 117
News Headline 118,Summary for News Headline 118
News Headline 119,Summary for News Headline 119
News Headline 120,Summary for News Headline 120
News Headline 121,Summary for News Headline 121
News Headline 122,Summary for News Headline 122
News Headline 123,Summary for News Headline 123
News Headline 124,Summary for News Headline 124
News Headline 125,Summary for News Headline 125
News Headline 126,Summary for News Headline 126
News Headline 127,Summary for News Headline 127
News Headline 128,Summary for News Headline 128
News Headline 129,Summary for News Headline 129
News Headline 130,Summary for News Headline 130
News Headline 131,Summary for News Headline 131
News Headline 132,Summary for News Headline 132
News Headline 133,Summary for News Headline 133
News Headline 134,Summary for News Headline 134
News Headline 135,Summary for News Headline 135
News Headline 136,Summary for News Headline 136
News Headline 137,Summary for News Headline 137
News Headline 138,Summary for News Headline 138
News Headline 139,Summary for News Headline 139
News Headline 140,Summary for News Headline 140
News Headline 141,Summary for News Headline 141
News Headline 142,Summary for News Headline 142
News Headline 143,Summary for News Headline 143
News Headline 144,Summary for News Headline 144
News Headline 145,Summary for News Headline 145
News Headline 146,Summary for News Headline 146
News Headline 147,Summary for News Headline 147
News Headline 148,Summary for News Headline 148
News Headline 149,Summary for News Headline 149
News Headline 150,Summary for News Headline 150
News Headline 151,Summary for News Headline 151
News Headline 152,Summary for News Headline 152
News Headline 153,Summary for News Headline 153
News Headline 154,Summary for News Headline 154
News Headline 155,Summary for News Headline 155
News Headline 156,Summary for News Headline 156
News Headline 157,Summary for News Headline 157
News Headline 158,Summary for News Headline 158
News Headline 159,Summary for News Headline 159
News Headline 160,Summary for News Headline 160
News Headline 161,Summary for News Headline 161
News Headline 162,Summary for News Headline 162
News Headline 163,Summary for News Headline 163
News Headline 164,Summary for News Headline 164
News Headline 165,Summary for News Headline 165
News Headline 166,Summary for News Headline 166
News Headline 167,Summary for News Headline 167
News Headline 168,Summary for News Headline 168
News Headline 169,Summary for News Headline 169
News Headline 170,Summary for News Headline 170
News Headline 171,Summary for News Headline 171
News Headline 172,Summary for News Headline 172
News Headline 173,Summary for News Headline 173
News Headline 174,Summary for News Headline 174
News Headline 175,Summary for News Headline 175
News Headline 176,Summary for News Headline 176
News Headline 177,Summary for News Headline 177
News Headline 178,Summary for News Headline 178
News Headline 179,Summary for News Headline 179
News Headline 180,Summary for News Headline 180
News Headline 181,Summary for News Headline 181
News Headline 182,Summary for News Headline 182
News Headline 183,Summary for News Headline 183
News Headline 184,Summary for News Headline 184
News Headline 185,Summary for News Headline 185
News Headline 186,Summary for News Headline 186
News Headline 187,Summary for News Headline 187
News Headline 188,Summary for News Headline 188
News Headline 189,Summary for News Headline 189
News Headline 190,Summary for News Headline 190
News Headline 191,Summary for News Headline 191
News Headline 192,Summary for News Headline 192
News Headline 193,Summary for News Headline 193
News Headline 194,Summary for News Headline 194
News Headline 195,Summary for News Headline 195
News Headline 196,Summary for News Headline 196
News Headline 197,Summary for News Headline 197
News Headline 198,Summary for News Headline 198
News Headline 199,Summary for News Headline 199
News Headline 200,Summary for News Headline 200
News Headline 201,Summary for News Headline 201
News Headline 202,Summary for News Headline 202
News Headline 203,Summary for News Headline 203
News Headline 204,Summary for News Headline 204
News Headline 205,Summary for News Headline 205
News Headline 206,Summary for News Headline 206
News Headline 207,Summary for News Headline 207
News Headline 208,Summary for News Headline 208
News Headline 209,Summary for News Headline 209
News Headline 210,Summary for News Headline 210
News Headline 211,Summary for News Headline 211
News Headline 212,Summary for News Headline 212
News Headline 213,Summary for News Headline 213
News Headline 214,Summary for News Headline 214
News Headline 215,Summary for News Headline 215
News Headline 216,Summary for News Headline 216
News Headline 217,Summary for News Headline 217
News Headline 218,Summary for News Headline 218
News Headline 219,Summary for News Headline 219
News Headline 220,Summary for News Headline 220
News Headline 221,Summary for News Headline 221
News Headline 222,Summary for News Headline 222
News Headline 223,Summary for News Headline 223
News Headline 224,Summary for News Headline 224
News Headline 225,Summary for News Headline 225
News Headline 226,Summary for News Headline 226
News Headline 227,Summary for News Headline 227
News Headline 228,Summary for News Headline 228
News Headline 229,Summary for News Headline 229
News Headline 230,Summary for News Headline 230
News Headline 231,Summary for News Headline 231
News Headline 232,Summary for News Headline 232
News Headline 233,Summary for News Headline 233
News Headline 234,Summary for News Headline 234
News Headline 235,Summary for News Headline 235
News Headline 236,Summary for News Headline 236
News Headline 237,Summary for News Headline 237
News Headline 238,Summary for News Headline 238
News Headline 239,Summary for News Headline 239
News Headline 240,Summary for News Headline 240
News Headline 241,Summary for News Headline 241
News Headline 242,Summary for News Headline 242
News Headline 243,Summary for News Headline 243
News Headline 244,Summary for News Headline 244
News Headline 245,Summary for News Headline 245
News Headline 246,Summary for News Headline 246
News Headline 247,Summary for News Headline 247
News Headline 248,Summary for News Headline 248
News Headline 249,Summary for News Headline 249
News Headline 250,Summary for News Headline 250
News Headline 251,Summary for News Headline 251
News Headline 252,Summary for News Headline 252
News Headline 253,Summary for News Headline 253
News Headline 254,Summary for News Headline 254
News Headline 255,Summary for News Headline 255
News Headline 256,Summary for News Headline 256
News Headline 257,Summary for News Headline 257
News Headline 258,Summary for News Headline 258
News Headline 259,Summary for News Headline 259
News Headline 260,Summary for News Headline 260
News Headline 261,Summary for News Headline 261
News Headline 262,Summary for News Headline 262
News Headline 263,Summary for News Headline 263
News Headline 264,Summary for News Headline 264
News Headline 265,Summary for News Headline 265
News Headline 266,Summary for News Headline 266
News Headline 267,Summary for News Headline 267
News Headline 268,Summary for News Headline 268
News Headline 269,Summary for News Headline 269
News Headline 270,Summary for News Headline 270
News Headline 271,Summary for News Headline 271
News Headline 272,Summary for News Headline 272
News Headline 273,Summary for News Headline 273
News Headline 274,Summary for News Headline 274
News Headline 275,Summary for News Headline 275
News Headline 276,Summary for News Headline 276
News Headline 277,Summary for News Headline 277
News Headline 278,Summary for News Headline 278
News Headline 279,Summary for News Headline 279
News Headline 280,Summary for News Headline 280
News Headline 281,Summary for News Headline 281
News Headline 282,Summary for News Headline 282
News Headline 283,Summary for News Headline 283
News Headline 284,Summary for News Headline 284
News Headline 285,Summary for News Headline 285
News Headline 286,Summary for News Headline 286
News Headline 287,Summary for News Headline 287
News Headline 288,Summary for News Headline 288
News Headline 289,Summary for News Headline 289
News Headline 290,Summary for News Headline 290
News Headline 291,Summary for News Headline 291
News Headline 292,Summary for News Headline 292
News Headline 293,Summary for News Headline 293
News Headline 294,Summary for News Headline 294
News Headline 295,Summary for News Headline 295
News Headline 296,Summary for News Headline 296
News Headline 297,Summary for News Headline 297
News Headline 298,Summary for News Headline 298
News Headline 299,Summary for News Headline 299
News Headline 300,Summary for News Headline 300
News Headline 301,Summary for News Headline 301
News Headline 302,Summary for News Headline 302
News Headline 303,Summary for News Headline 303
News Headline 304,Summary for News Headline 304
News Headline 305,Summary for News Headline 305
News Headline 306,Summary for News Headline 306
News Headline 307,Summary for News Headline 307
News Headline 308,Summary for News Headline 308
News Headline 309,Summary for News Headline 309
News Headline 310,Summary for News Headline 310
News Headline 311,Summary for News Headline 311
News Headline 312,Summary for News Headline 312
News Headline 313,Summary for News Headline 313
News Headline 314,Summary for News Headline 314
News Headline 315,Summary for News Headline 315
News Headline 316,Summary for News Headline 316
News Headline 317,Summary for News Headline 317
News Headline 318,Summary for News Headline 318
News Headline 319,Summary for News Headline 319
News Headline 320,Summary for News Headline 320
News Headline 321,Summary for News Headline 321
News Headline 322,Summary for News Headline 322
News Headline 323,Summary for News Headline 323
News Headline 324,Summary for News Headline 324
News Headline 325,Summary for News Headline 325
News Headline 326,Summary for News Headline 326
News Headline 327,Summary for News Headline 327
News Headline 328,Summary for News Headline 328
News Headline 329,Summary for News Headline 329
News Headline 330,Summary for News Headline 330
News Headline 331,Summary for News Headline 331
News Headline 332,Summary for News Headline 332
News Headline 333,Summary for News Headline 333
News Headline 334,Summary for News Headline 334
News Headline 335,Summary for News Headline 335
News Headline 336,Summary for News Headline 336
News Headline 337,Summary for News Headline 337
News Headline 338,Summary for News Headline 338
News Headline 339,Summary for News Headline 339
News Headline 340,Summary for News Headline 340
News Headline 341,Summary for News Headline 341
News Headline 342,Summary for News Headline 342
News Headline 343,Summary for News Headline 343
News Headline 344,Summary for News Headline 344
News Headline 345,Summary for News Headline 345
News Headline 346,Summary for News Headline 346
News Headline 347,Summary for News Headline 347
News Headline 348,Summary for News Headline 348
News Headline 349,Summary for News Headline 349
News Headline 350,Summary for News Headline 350
News Headline 351,Summary for News Headline 351
News Headline 352,Summary for News Headline 352
News Headline 353,Summary for News Headline 353
News Headline 354,Summary for News Headline 354
News Headline 355,Summary for News Headline 355
News Headline 356,Summary for News Headline 356
News Headline 357,Summary for News Headline 357
News Headline 358,Summary for News Headline 358
News Headline 359,Summary for News Headline 359
News Headline 360,Summary for News Headline 360
News Headline 361,Summary for News Headline 361
News Headline 362,Summary for News Headline 362
News Headline 363,Summary for News Headline 363
News Headline 364,Summary for News Headline 364
News Headline 365,Summary for News Headline 365
News Headline 366,Summary for News Headline 366
News Headline 367,Summary for News Headline 367
News Headline 368,Summary for News Headline 368
News Headline 369,Summary for News Headline 369
News Headline 370,Summary for News Headline 370
News Headline 371,Summary for News Headline 371
News Headline 372,Summary for News Headline 372
News Headline 373,Summary for News Headline 373
News Headline 374,Summary for News Headline 374
News Headline 375,Summary for News Headline 375
News Headline 376,Summary for News Headline 376
News Headline 377,Summary for News Headline 377
News Headline 378,Summary for News Headline 378
News Headline 379,Summary for News Headline 379
News Headline 380,Summary for News Headline 380
News Headline 381,Summary for News Headline 381
News Headline 382,Summary for News Headline 382
News Headline 383,Summary for News Headline 383
News Headline 384,Summary for News Headline 384
News Headline 385,Summary for News Headline 385
News Headline 386,Summary for News Headline 386
News Headline 387,Summary for News Headline 387
News Headline 388,Summary for News Headline 388
News Headline 389,Summary for News Headline 389
News Headline 390,Summary for News Headline 390
News Headline 391,Summary for News Headline 391
News Headline 392,Summary for News Headline 392
News Headline 393,Summary for News Headline 393
News Headline 394,Summary for News Headline 394
News Headline 395,Summary for News Headline 395
News Headline 396,Summary for News Headline 396
News Headline 397,Summary for News Headline 397
News Headline 398,Summary for News Headline 398
News Headline 399,Summary for News Headline 399
News Headline 400,Summary for News Headline 400
News Headline 401,Summary for News Headline 401
News Headline 402,Summary for News Headline 402
News Headline 403,Summary for News Headline 403
News Headline 404,Summary for News Headline 404
News Headline 405,Summary for News Headline 405
News Headline 406,Summary for News Headline 406
News Headline 407,Summary for News Headline 407
News Headline 408,Summary for News Headline 408
News Headline 409,Summary for News Headline 409
News Headline 410,Summary for News Headline 410
News Headline 411,Summary for News Headline 411
News Headline 412,Summary for News Headline 412
News Headline 413,Summary for News Headline 413
News Headline 414,Summary for News Headline 414
News Headline 415,Summary for News Headline 415
News Headline 416,Summary for News Headline 416
News Headline 417,Summary for News Headline 417
News Headline 418,Summary for News Headline 418
News Headline 419,Summary for News Headline 419
News Headline 420,Summary for News Headline 420
News Headline 421,Summary for News Headline 421
News Headline 422,Summary for News Headline 422
News Headline 423,Summary for News Headline 423
News Headline 424,Summary for News Headline 424
News Headline 425,Summary for News Headline 425
News Headline 426,Summary for News Headline 426
News Headline 427,Summary for News Headline 427
News Headline 428,Summary for News Headline 428
News Headline 429,Summary for News Headline 429
News Headline 430,Summary for News Headline 430
News Headline 431,Summary for News Headline 431
News Headline 432,Summary for News Headline 432
News Headline 433,Summary for News Headline 433
News Headline 434,Summary for News Headline 434
News Headline 435,Summary for News Headline 435
News Headline 436,Summary for News Headline 436
News Headline 437,Summary for News Headline 437
News Headline 438,Summary for News Headline 438
News Headline 439,Summary for News Headline 439
News Headline 440,Summary for News Headline 440
News Headline 441,Summary for News Headline 441
News Headline 442,Summary for News Headline 442
News Headline 443,Summary for News Headline 443
News Headline 444,Summary for News Headline 444
News Headline 445,Summary for News Headline 445
News Headline 446,Summary for News Headline 446
News Headline 447,Summary for News Headline 447
News Headline 448,Summary for News Headline 448
News Headline 449,Summary for News Headline 449
News Headline 450,Summary for News Headline 450
News Headline 451,Summary for News Headline 451
News Headline 452,Summary for News Headline 452
News Headline 453,Summary for News Headline 453
News Headline 454,Summary for News Headline 454
News Headline 455,Summary for News Headline 455
News Headline 456,Summary for News Headline 456
News Headline 457,Summary for News Headline 457
News Headline 458,Summary for News Headline 458
News Headline 459,Summary for News Headline 459
News Headline 460,Summary for News Headline 460
News Headline 461,Summary for News Headline 461
News Headline 462,Summary for News Headline 462
News Headline 463,Summary for News Headline 463
News Headline 464,Summary for News Headline 464
News Headline 465,Summary for News Headline 465
News Headline 466,Summary for News Headline 466
News Headline 467,Summary for News Headline 467
News Headline 468,Summary for News Headline 468
News Headline 469,Summary for News Headline 469
News Headline 470,Summary for News Headline 470
News Headline 471,Summary for News Headline 471
News Headline 472,Summary for News Headline 472
News Headline 473,Summary for News Headline 473
News Headline 474,Summary for News Headline 474
News Headline 475,Summary for News Headline 475
News Headline 476,Summary for News Headline 476
News Headline 477,Summary for News Headline 477
News Headline 478,Summary for News Headline 478
News Headline 479,Summary for News Headline 479
News Headline 480,Summary for News Headline 480
News Headline 481,Summary for News Headline 481
News Headline 482,Summary for News Headline 482
News Headline 483,Summary for News Headline 483
News Headline 484,Summary for News Headline 484
News Headline 485,Summary for News Headline 485
News Headline 486,Summary for News Headline 486
News Headline 487,Summary for News Headline 487
News Headline 488,Summary for News Headline 488
News Headline 489,Summary for News Headline 489
News Headline 490,Summary for News Headline 490
News Headline 491,Summary for News Headline 491
News Headline 492,Summary for News Headline 492
News Headline 493,Summary for News Headline 493
News Headline 494,Summary for News Headline 494
News Headline 495,Summary for News Headline 495
News Headline 496,Summary for News Headline 496
News Headline 497,Summary for News Headline 497
News Headline 498,Summary for News Headline 498
News Headline 499,Summary for News Headline 499
News Headline 500,Summary for News Headline 500
News Headline 501,Summary for News Headline 501
News Headline 502,Summary for News Headline 502
News Headline 503,Summary for News Headline 503
News Headline 504,Summary for News Headline 504
News Headline 505,Summary for News Headline 505
News Headline 506,Summary for News Headline 506
News Headline 507,Summary for News Headline 507
News Headline 508,Summary for News Headline 508
News Headline 509,Summary for News Headline 509
News Headline 510,Summary for News Headline 510
News Headline 511,Summary for News Headline 511
News Headline 512,Summary for News Headline 512
News Headline 513,Summary for News Headline 513
News Headline 514,Summary for News Headline 514
News Headline 515,Summary for News Headline 515
News Headline 516,Summary for News Headline 516
News Headline 517,Summary for News Headline 517
News Headline 518,Summary for News Headline 518
News Headline 519,Summary for News Headline 519
News Headline 520,Summary for News Headline 520
News Headline 521,Summary for News Headline 521
News Headline 522,Summary for News Headline 522
News Headline 523,Summary for News Headline 523
News Headline 524,Summary for News Headline 524
News Headline 525,Summary for News Headline 525
News Headline 526,Summary for News Headline 526
News Headline 527,Summary for News Headline 527
News Headline 528,Summary for News Headline 528
News Headline 529,Summary for News Headline 529
News Headline 530,Summary for News Headline 530
News Headline 531,Summary for News Headline 531
News Headline 532,Summary for News Headline 532
News Headline 533,Summary for News Headline 533
News Headline 534,Summary for News Headline 534
News Headline 535,Summary for News Headline 535
News Headline 536,Summary for News Headline 536
News Headline 537,Summary for News Headline 537
News Headline 538,Summary for News Headline 538
News Headline 539,Summary for News Headline 539
News Headline 540,Summary for News Headline 540
News Headline 541,Summary for News Headline 541
News Headline 542,Summary for News Headline 542
News Headline 543,Summary for News Headline 543
News Headline 544,Summary for News Headline 544
News Headline 545,Summary for News Headline 545
News Headline 546,Summary for News Headline 546
News Headline 547,Summary for News Headline 547
News Headline 548,Summary for News Headline 548
News Headline 549,Summary for News Headline 549
News Headline 550,Summary for News Headline 550
News Headline 551,Summary for News Headline 551
News Headline 552,Summary for News Headline 552
News Headline 553,Summary for News Headline 553
News Headline 554,Summary for News Headline 554
News Headline 555,Summary for News Headline 555
News Headline 556,Summary for News Headline 556
News Headline 557,Summary for News Headline 557
News Headline 558,Summary for News Headline 558
News Headline 559,Summary for News Headline 559
News Headline 560,Summary for News Headline 560
News Headline 561,Summary for News Headline 561
News Headline 562,Summary for News Headline 562
News Headline 563,Summary for News Headline 563
News Headline 564,Summary for News Headline 564
News Headline 565,Summary for News Headline 565
News Headline 566,Summary for News Headline 566
News Headline 567,Summary for News Headline 567
News Headline 568,Summary for News Headline 568
News Headline 569,Summary for News Headline 569
News Headline 570,Summary for News Headline 570
News Headline 571,Summary for News Headline 571
News Headline 572,Summary for News Headline 572
News Headline 573,Summary for News Headline 573
News Headline 574,Summary for News Headline 574
News Headline 575,Summary for News Headline 575
News Headline 576,Summary for News Headline 576
News Headline 577,Summary for News Headline 577
News Headline 578,Summary for News Headline 578
News Headline 579,Summary for News Headline 579
News Headline 580,Summary for News Headline 580
News Headline 581,Summary for News Headline 581
News Headline 582,Summary for News Headline 582
News Headline 583,Summary for News Headline 583
News Headline 584,Summary for News Headline 584
News Headline 585,Summary for News Headline 585
News Headline 586,Summary for News Headline 586
News Headline 587,Summary for News Headline 587
News Headline 588,Summary for News Headline 588
News Headline 589,Summary for News Headline 589
News Headline 590,Summary for News Headline 590
News Headline 591,Summary for News Headline 591
News Headline 592,Summary for News Headline 592
News Headline 593,Summary for News Headline 593
News Headline 594,Summary for News Headline 594
News Headline 595,Summary for News Headline 595
News Headline 596,Summary for News Headline 596
News Headline 597,Summary for News Headline 597
News Headline 598,Summary for News Headline 598
News Headline 599,Summary for News Headline 599
News Headline 600,Summary for News Headline 600
News Headline 601,Summary for News Headline 601
News Headline 602,Summary for News Headline 602
News Headline 603,Summary for News Headline 603
News Headline 604,Summary for News Headline 604
News Headline 605,Summary for News Headline 605
News Headline 606,Summary for News Headline 606
News Headline 607,Summary for News Headline 607
News Headline 608,Summary for News Headline 608
News Headline 609,Summary for News Headline 609
News Headline 610,Summary for News Headline 610
News Headline 611,Summary for News Headline 611
News Headline 612,Summary for News Headline 612
News Headline 613,Summary for News Headline 613
News Headline 614,Summary for News Headline 614
News Headline 615,Summary for News Headline 615
News Headline 616,Summary for News Headline 616
News Headline 617,Summary for News Headline 617
News Headline 618,Summary for News Headline 618
News Headline 619,Summary for News Headline 619
News Headline 620,Summary for News Headline 620
News Headline 621,Summary for News Headline 621
News Headline 622,Summary for News Headline 622
News Headline 623,Summary for News Headline 623
News Headline 624,Summary for News Headline 624
News Headline 625,Summary for News Headline 625
News Headline 626,Summary for News Headline 626
News Headline 627,Summary for News Headline 627
News Headline 628,Summary for News Headline 628
News Headline 629,Summary for News Headline 629
News Headline 630,Summary for News Headline 630
News Headline 631,Summary for News Headline 631
News Headline 632,Summary for News Headline 632
News Headline 633,Summary for News Headline 633
News Headline 634,Summary for News Headline 634
News Headline 635,Summary for News Headline 635
News Headline 636,Summary for News Headline 636
News Headline 637,Summary for News Headline 637
News Headline 638,Summary for News Headline 638
News Headline 639,Summary for News Headline 639
News Headline 640,Summary for News Headline 640
News Headline 641,Summary for News Headline 641
News Headline 642,Summary for News Headline 642
News Headline 643,Summary for News Headline 643
News Headline 644,Summary for News Headline 644
News Headline 645,Summary for News Headline 645
News Headline 646,Summary for News Headline 646
News Headline 647,Summary for News Headline 647
News Headline 648,Summary for News Headline 648
News Headline 649,Summary for News Headline 649
News Headline 650,Summary for News Headline 650
News Headline 651,Summary for News Headline 651
News Headline 652,Summary for News Headline 652
News Headline 653,Summary for News Headline 653
News Headline 654,Summary for News Headline 654
News Headline 655,Summary for News Headline 655
News Headline 656,Summary for News Headline 656
News Headline 657,Summary for News Headline 657
News Headline 658,Summary for News Headline 658
News Headline 659,Summary for News Headline 659
News Headline 660,Summary for News Headline 660
News Headline 661,Summary for News Headline 661
News Headline 662,Summary for News Headline 662
News Headline 663,Summary for News Headline 663
News Headline 664,Summary for News Headline 664
News Headline 665,Summary for News Headline 665
News Headline 666,Summary for News Headline 666
News Headline 667,Summary for News Headline 667
News Headline 668,Summary for News Headline 668
News Headline 669,Summary for News Headline 669
News Headline 670,Summary for News Headline 670
News Headline 671,Summary for News Headline 671
News Headline 672,Summary for News Headline 672
News Headline 673,Summary for News Headline 673
News Headline 674,Summary for News Headline 674
News Headline 675,Summary for News Headline 675
News Headline 676,Summary for News Headline 676
News Headline 677,Summary for News Headline 677
News Headline 678,Summary for News Headline 678
News Headline 679,Summary for News Headline 679
News Headline 680,Summary for News Headline 680
News Headline 681,Summary for News Headline 681
News Headline 682,Summary for News Headline 682
News Headline 683,Summary for News Headline 683
News Headline 684,Summary for News Headline 684
News Headline 685,Summary for News Headline 685
News Headline 686,Summary for News Headline 686
News Headline 687,Summary for News Headline 687
News Headline 688,Summary for News Headline 688
News Headline 689,Summary for News Headline 689
News Headline 690,Summary for News Headline 690
News Headline 691,Summary for News Headline 691
News Headline 692,Summary for News Headline 692
News Headline 693,Summary for News Headline 693
News Headline 694,Summary for News Headline 694
News Headline 695,Summary for News Headline 695
News Headline 696,Summary for News Headline 696
News Headline 697,Summary for News Headline 697
News Headline 698,Summary for News Headline 698
News Headline 699,Summary for News Headline 699
News Headline 700,Summary for News Headline 700
News Headline 701,Summary for News Headline 701
News Headline 702,Summary for News Headline 702
News Headline 703,Summary for News Headline 703
News Headline 704,Summary for News Headline 704
News Headline 705,Summary for News Headline 705
News Headline 706,Summary for News Headline 706
News Headline 707,Summary for News Headline 707
News Headline 708,Summary for News Headline 708
News Headline 709,Summary for News Headline 709
News Headline 710,Summary for News Headline 710
News Headline 711,Summary for News Headline 711
News Headline 712,Summary for News Headline 712
News Headline 713,Summary for News Headline 713
News Headline 714,Summary for News Headline 714
News Headline 715,Summary for News Headline 715
News Headline 716,Summary for News Headline 716
News Headline 717,Summary for News Headline 717
News Headline 718,Summary for News Headline 718
News Headline 719,Summary for News Headline 719
News Headline 720,Summary for News Headline 720
News Headline 721,Summary for News Headline 721
News Headline 722,Summary for News Headline 722
News Headline 723,Summary for News Headline 723
News Headline 724,Summary for News Headline 724
News Headline 725,Summary for News Headline 725
News Headline 726,Summary for News Headline 726
News Headline 727,Summary for News Headline 727
News Headline 728,Summary for News Headline 728
News Headline 729,Summary for News Headline 729
News Headline 730,Summary for News Headline 730
News Headline 731,Summary for News Headline 731
News Headline 732,Summary for News Headline 732
News Headline 733,Summary for News Headline 733
News Headline 734,Summary for News Headline 734
News Headline 735,Summary for News Headline 735
News Headline 736,Summary for News Headline 736
News Headline 737,Summary for News Headline 737
News Headline 738,Summary for News Headline 738
News Headline 739,Summary for News Headline 739
News Headline 740,Summary for News Headline 740
News Headline 741,Summary for News Headline 741
News Headline 742,Summary for News Headline 742
News Headline 743,Summary for News Headline 743
News Headline 744,Summary for News Headline 744
News Headline 745,Summary for News Headline 745
News Headline 746,Summary for News Headline 746
News Headline 747,Summary for News Headline 747
News Headline 748,Summary for News Headline 748
News Headline 749,Summary for News Headline 749
News Headline 750,Summary for News Headline 750
News Headline 751,Summary for News Headline 751
News Headline 752,Summary for News Headline 752
News Headline 753,Summary for News Headline 753
News Headline 754,Summary for News Headline 754
News Headline 755,Summary for News Headline 755
News Headline 756,Summary for News Headline 756
News Headline 757,Summary for News Headline 757
News Headline 758,Summary for News Headline 758
News Headline 759,Summary for News Headline 759
News Headline 760,Summary for News Headline 760
News Headline 761,Summary for News Headline 761
News Headline 762,Summary for News Headline 762
News Headline 763,Summary for News Headline 763
News Headline 764,Summary for News Headline 764
News Headline 765,Summary for News Headline 765
News Headline 766,Summary for News Headline 766
News Headline 767,Summary for News Headline 767
News Headline 768,Summary for News Headline 768
News Headline 769,Summary for News Headline 769
News Headline 770,Summary for News Headline 770
News Headline 771,Summary for News Headline 771
News Headline 772,Summary for News Headline 772
News Headline 773,Summary for News Headline 773
News Headline 774,Summary for News Headline 774
News Headline 775,Summary for News Headline 775
News Headline 776,Summary for News Headline 776
News Headline 777,Summary for News Headline 777
News Headline 778,Summary for News Headline 778
News Headline 779,Summary for News Headline 779
News Headline 780,Summary for News Headline 780
News Headline 781,Summary for News Headline 781
News Headline 782,Summary for News Headline 782
News Headline 783,Summary for News Headline 783
News Headline 784,Summary for News Headline 784
News Headline 785,Summary for News Headline 785
News Headline 786,Summary for News Headline 786
News Headline 787,Summary for News Headline 787
News Headline 788,Summary for News Headline 788
News Headline 789,Summary for News Headline 789
News Headline 790,Summary for News Headline 790
News Headline 791,Summary for News Headline 791
News Headline 792,Summary for News Headline 792
News Headline 793,Summary for News Headline 793
News Headline 794,Summary for News Headline 794
News Headline 795,Summary for News Headline 795
News Headline 796,Summary for News Headline 796
News Headline 797,Summary for News Headline 797
News Headline 798,Summary for News Headline 798
News Headline 799,Summary for News Headline 799
News Headline 800,Summary for News Headline 800
News Headline 801,Summary for News Headline 801
News Headline 802,Summary for News Headline 802
News Headline 803,Summary for News Headline 803
News Headline 804,Summary for News Headline 804
News Headline 805,Summary for News Headline 805
News Headline 806,Summary for News Headline 806
News Headline 807,Summary for News Headline 807
News Headline 808,Summary for News Headline 808
News Headline 809,Summary for News Headline 809
News Headline 810,Summary for News Headline 810
News Headline 811,Summary for News Headline 811
News Headline 812,Summary for News Headline 812
News Headline 813,Summary for News Headline 813
News Headline 814,Summary for News Headline 814
News Headline 815,Summary for News Headline 815
News Headline 816,Summary for News Headline 816
News Headline 817,Summary for News Headline 817
News Headline 818,Summary for News Headline 818
News Headline 819,Summary for News Headline 819
News Headline 820,Summary for News Headline 820
News Headline 821,Summary for News Headline 821
News Headline 822,Summary for News Headline 822
News Headline 823,Summary for News Headline 823
News Headline 824,Summary for News Headline 824
News Headline 825,Summary for News Headline 825
News Headline 826,Summary for News Headline 826
News Headline 827,Summary for News Headline 827
News Headline 828,Summary for News Headline 828
News Headline 829,Summary for News Headline 829
News Headline 830,Summary for News Headline 830
News Headline 831,Summary for News Headline 831
News Headline 832,Summary for News Headline 832
News Headline 833,Summary for News Headline 833
News Headline 834,Summary for News Headline 834
News Headline 835,Summary for News Headline 835
News Headline 836,Summary for News Headline 836
News Headline 837,Summary for News Headline 837
News Headline 838,Summary for News Headline 838
News Headline 839,Summary for News Headline 839
News Headline 840,Summary for News Headline 840
News Headline 841,Summary for News Headline 841
News Headline 842,Summary for News Headline 842
News Headline 843,Summary for News Headline 843
News Headline 844,Summary for News Headline 844
News Headline 845,Summary for News Headline 845
News Headline 846,Summary for News Headline 846
News Headline 847,Summary for News Headline 847
News Headline 848,Summary for News Headline 848
News Headline 849,Summary for News Headline 849
News Headline 850,Summary for News Headline 850
News Headline 851,Summary for News Headline 851
News Headline 852,Summary for News Headline 852
News Headline 853,Summary for News Headline 853
News Headline 854,Summary for News Headline 854
News Headline 855,Summary for News Headline 855
News Headline 856,Summary for News Headline 856
News Headline 857,Summary for News Headline 857
News Headline 858,Summary for News Headline 858
News Headline 859,Summary for News Headline 859
News Headline 860,Summary for News Headline 860
News Headline 861,Summary for News Headline 861
News Headline 862,Summary for News Headline 862
News Headline 863,Summary for News Headline 863
News Headline 864,Summary for News Headline 864
News Headline 865,Summary for News Headline 865
News Headline 866,Summary for News Headline 866
News Headline 867,Summary for News Headline 867
News Headline 868,Summary for News Headline 868
News Headline 869,Summary for News Headline 869
News Headline 870,Summary for News Headline 870
News Headline 871,Summary for News Headline 871
News Headline 872,Summary for News Headline 872
News Headline 873,Summary for News Headline 873
News Headline 874,Summary for News Headline 874
News Headline 875,Summary for News Headline 875
News Headline 876,Summary for News Headline 876
News Headline 877,Summary for News Headline 877
News Headline 878,Summary for News Headline 878
News Headline 879,Summary for News Headline 879
News Headline 880,Summary for News Headline 880
News Headline 881,Summary for News Headline 881
News Headline 882,Summary for News Headline 882
News Headline 883,Summary for News Headline 883
News Headline 884,Summary for News Headline 884
News Headline 885,Summary for News Headline 885
News Headline 886,Summary for News Headline 886
News Headline 887,Summary for News Headline 887
News Headline 888,Summary for News Headline 888
News Headline 889,Summary for News Headline 889
News Headline 890,Summary for News Headline 890
News Headline 891,Summary for News Headline 891
News Headline 892,Summary for News Headline 892
News Headline 893,Summary for News Headline 893
News Headline 894,Summary for News Headline 894
News Headline 895,Summary for News Headline 895
News Headline 896,Summary for News Headline 896
News Headline 897,Summary for News Headline 897
News Headline 898,Summary for News Headline 898
News Headline 899,Summary for News Headline 899
News Headline 900,Summary for News Headline 900
News Headline 901,Summary for News Headline 901
News Headline 902,Summary for News Headline 902
News Headline 903,Summary for News Headline 903
News Headline 904,Summary for News Headline 904
News Headline 905,Summary for News Headline 905
News Headline 906,Summary for News Headline 906
News Headline 907,Summary for News Headline 907
News Headline 908,Summary for News Headline 908
News Headline 909,Summary for News Headline 909
News Headline 910,Summary for News Headline 910
News Headline 911,Summary for News Headline 911
News Headline 912,Summary for News Headline 912
News Headline 913,Summary for News Headline 913
News Headline 914,Summary for News Headline 914
News Headline 915,Summary for News Headline 915
News Headline 916,Summary for News Headline 916
News Headline 917,Summary for News Headline 917
News Headline 918,Summary for News Headline 918
News Headline 919,Summary for News Headline 919
News Headline 920,Summary for News Headline 920
News Headline 921,Summary for News Headline 921
News Headline 922,Summary for News Headline 922
News Headline 923,Summary for News Headline 923
News Headline 924,Summary for News Headline 924
News Headline 925,Summary for News Headline 925
News Headline 926,Summary for News Headline 926
News Headline 927,Summary for News Headline 927
News Headline 928,Summary for News Headline 928
News Headline 929,Summary for News Headline 929
News Headline 930,Summary for News Headline 930
News Headline 931,Summary for News Headline 931
News Headline 932,Summary for News Headline 932
News Headline 933,Summary for News Headline 933
News Headline 934,Summary for News Headline 934
News Headline 935,Summary for News Headline 935
News Headline 936,Summary for News Headline 936
News Headline 937,Summary for News Headline 937
News Headline 938,Summary for News Headline 938
News Headline 939,Summary for News Headline 939
News Headline 940,Summary for News Headline 940
News Headline 941,Summary for News Headline 941
News Headline 942,Summary for News Headline 942
News Headline 943,Summary for News Headline 943
News Headline 944,Summary for News Headline 944
News Headline 945,Summary for News Headline 945
News Headline 946,Summary for News Headline 946
News Headline 947,Summary for News Headline 947
News Headline 948,Summary for News Headline 948
News Headline 949,Summary for News Headline 949
News Headline 950,Summary for News Headline 950
News Headline 951,Summary for News Headline 951
News Headline 952,Summary for News Headline 952
News Headline 953,Summary for News Headline 953
News Headline 954,Summary for News Headline 954
News Headline 955,Summary for News Headline 955
News Headline 956,Summary for News Headline 956
News Headline 957,Summary for News Headline 957
News Headline 958,Summary for News Headline 958
News Headline 959,Summary for News Headline 959
News Headline 960,Summary for News Headline 960
News Headline 961,Summary for News Headline 961
News Headline 962,Summary for News Headline 962
News Headline 963,Summary for News Headline 963
News Headline 964,Summary for News Headline 964
News Headline 965,Summary for News Headline 965
News Headline 966,Summary for News Headline 966
News Headline 967,Summary for News Headline 967
News Headline 968,Summary for News Headline 968
News Headline 969,Summary for News Headline 969
News Headline 970,Summary for News Headline 970
News Headline 971,Summary for News Headline 971
News Headline 972,Summary for News Headline 972
News Headline 973,Summary for News Headline 973
News Headline 974,Summary for News Headline 974
News Headline 975,Summary for News Headline 975
News Headline 976,Summary for News Headline 976
News Headline 977,Summary for News Headline 977
News Headline 978,Summary for News Headline 978
News Headline 979,Summary for News Headline 979
News Headline 980,Summary for News Headline 980
News Headline 981,Summary for News Headline 981
News Headline 982,Summary for News Headline 982
News Headline 983,Summary for News Headline 983
News Headline 984,Summary for News Headline 984
News Headline 985,Summary for News Headline 985
News Headline 986,Summary for News Headline 986
News Headline 987,Summary for News Headline 987
News Headline 988,Summary for News Headline 988
News Headline 989,Summary for News Headline 989
News Headline 990,Summary for News Headline 990
News Headline 991,Summary for News Headline 991
News Headline 992,Summary for News Headline 992
News Headline 993,Summary for News Headline 993
News Headline 994,Summary for News Headline 994
News Headline 995,Summary for News Headline 995
News Headline 996,Summary for News Headline 996
News Headline 997,Summary for News Headline 997
News Headline 998,Summary for News Headline 998
News Headline 999,Summary for News Headline 999
News Headline 1000,Summary for News Headline 1000
