Query,Advice
How can I save money on groceries?,"Create a budget, track your expenses, and look for discounts."
How can I save money on rent?,"Create a budget, track your expenses, and look for discounts."
How can I save money on utilities?,"Create a budget, track your expenses, and look for discounts."
How can I save money on entertainment?,"Create a budget, track your expenses, and look for discounts."
How can I save money on travel?,"Create a budget, track your expenses, and look for discounts."
How can I save money on groceries?,"Create a budget, track your expenses, and look for discounts."
How can I save money on rent?,"Create a budget, track your expenses, and look for discounts."
How can I save money on utilities?,"Create a budget, track your expenses, and look for discounts."
How can I save money on entertainment?,"Create a budget, track your expenses, and look for discounts."
How can I save money on travel?,"Create a budget, track your expenses, and look for discounts."
How can I save money on groceries?,"Create a budget, track your expenses, and look for discounts."
How can I save money on rent?,"Create a budget, track your expenses, and look for discounts."
How can I save money on utilities?,"Create a budget, track your expenses, and look for discounts."
How can I save money on entertainment?,"Create a budget, track your expenses, and look for discounts."
How can I save money on travel?,"Create a budget, track your expenses, and look for discounts."
How can I save money on groceries?,"Create a budget, track your expenses, and look for discounts."
How can I save money on rent?,"Create a budget, track your expenses, and look for discounts."
How can I save money on utilities?,"Create a budget, track your expenses, and look for discounts."
How can I save money on entertainment?,"Create a budget, track your expenses, and look for discounts."
How can I save money on travel?,"Create a budget, track your expenses, and look for discounts."
How can I save money on groceries?,"Create a budget, track your expenses, and look for discounts."
How can I save money on rent?,"Create a budget, track your expenses, and look for discounts."
How can I save money on utilities?,"Create a budget, track your expenses, and look for discounts."
How can I save money on entertainment?,"Create a budget, track your expenses, and look for discounts."
How can I save money on travel?,"Create a budget, track your expenses, and look for discounts."
How can I save money on groceries?,"Create a budget, track your expenses, and look for discounts."
How can I save money on rent?,"Create a budget, track your expenses, and look for discounts."
How can I save money on utilities?,"Create a budget, track your expenses, and look for discounts."
How can I save money on entertainment?,"Create a budget, track your expenses, and look for discounts."
How can I save money on travel?,"Create a budget, track your expenses, and look for discounts."
How can I save money on groceries?,"Create a budget, track your expenses, and look for discounts."
How can I save money on rent?,"Create a budget, track your expenses, and look for discounts."
How can I save money on utilities?,"Create a budget, track your expenses, and look for discounts."
How can I save money on entertainment?,"Create a budget, track your expenses, and look for discounts."
How can I save money on travel?,"Create a budget, track your expenses, and look for discounts."
How can I save money on groceries?,"Create a budget, track your expenses, and look for discounts."
How can I save money on rent?,"Create a budget, track your expenses, and look for discounts."
How can I save money on utilities?,"Create a budget, track your expenses, and look for discounts."
How can I save money on entertainment?,"Create a budget, track your expenses, and look for discounts."
How can I save money on travel?,"Create a budget, track your expenses, and look for discounts."
How can I save money on groceries?,"Create a budget, track your expenses, and look for discounts."
How can I save money on rent?,"Create a budget, track your expenses, and look for discounts."
How can I save money on utilities?,"Create a budget, track your expenses, and look for discounts."
How can I save money on entertainment?,"Create a budget, track your expenses, and look for discounts."
How can I save money on travel?,"Create a budget, track your expenses, and look for discounts."
How can I save money on groceries?,"Create a budget, track your expenses, and look for discounts."
How can I save money on rent?,"Create a budget, track your expenses, and look for discounts."
How can I save money on utilities?,"Create a budget, track your expenses, and look for discounts."
How can I save money on entertainment?,"Create a budget, track your expenses, and look for discounts."
How can I save money on travel?,"Create a budget, track your expenses, and look for discounts."
How can I save money on groceries?,"Create a budget, track your expenses, and look for discounts."
How can I save money on rent?,"Create a budget, track your expenses, and look for discounts."
How can I save money on utilities?,"Create a budget, track your expenses, and look for discounts."
How can I save money on entertainment?,"Create a budget, track your expenses, and look for discounts."
How can I save money on travel?,"Create a budget, track your expenses, and look for discounts."
How can I save money on groceries?,"Create a budget, track your expenses, and look for discounts."
How can I save money on rent?,"Create a budget, track your expenses, and look for discounts."
How can I save money on utilities?,"Create a budget, track your expenses, and look for discounts."
How can I save money on entertainment?,"Create a budget, track your expenses, and look for discounts."
How can I save money on travel?,"Create a budget, track your expenses, and look for discounts."
How can I save money on groceries?,"Create a budget, track your expenses, and look for discounts."
How can I save money on rent?,"Create a budget, track your expenses, and look for discounts."
How can I save money on utilities?,"Create a budget, track your expenses, and look for discounts."
How can I save money on entertainment?,"Create a budget, track your expenses, and look for discounts."
How can I save money on travel?,"Create a budget, track your expenses, and look for discounts."
How can I save money on groceries?,"Create a budget, track your expenses, and look for discounts."
How can I save money on rent?,"Create a budget, track your expenses, and look for discounts."
How can I save money on utilities?,"Create a budget, track your expenses, and look for discounts."
How can I save money on entertainment?,"Create a budget, track your expenses, and look for discounts."
How can I save money on travel?,"Create a budget, track your expenses, and look for discounts."
How can I save money on groceries?,"Create a budget, track your expenses, and look for discounts."
How can I save money on rent?,"Create a budget, track your expenses, and look for discounts."
How can I save money on utilities?,"Create a budget, track your expenses, and look for discounts."
How can I save money on entertainment?,"Create a budget, track your expenses, and look for discounts."
How can I save money on travel?,"Create a budget, track your expenses, and look for discounts."
How can I save money on groceries?,"Create a budget, track your expenses, and look for discounts."
How can I save money on rent?,"Create a budget, track your expenses, and look for discounts."
How can I save money on utilities?,"Create a budget, track your expenses, and look for discounts."
How can I save money on entertainment?,"Create a budget, track your expenses, and look for discounts."
How can I save money on travel?,"Create a budget, track your expenses, and look for discounts."
How can I save money on groceries?,"Create a budget, track your expenses, and look for discounts."
How can I save money on rent?,"Create a budget, track your expenses, and look for discounts."
How can I save money on utilities?,"Create a budget, track your expenses, and look for discounts."
How can I save money on entertainment?,"Create a budget, track your expenses, and look for discounts."
How can I save money on travel?,"Create a budget, track your expenses, and look for discounts."
How can I save money on groceries?,"Create a budget, track your expenses, and look for discounts."
How can I save money on rent?,"Create a budget, track your expenses, and look for discounts."
How can I save money on utilities?,"Create a budget, track your expenses, and look for discounts."
How can I save money on entertainment?,"Create a budget, track your expenses, and look for discounts."
How can I save money on travel?,"Create a budget, track your expenses, and look for discounts."
How can I save money on groceries?,"Create a budget, track your expenses, and look for discounts."
How can I save money on rent?,"Create a budget, track your expenses, and look for discounts."
How can I save money on utilities?,"Create a budget, track your expenses, and look for discounts."
How can I save money on entertainment?,"Create a budget, track your expenses, and look for discounts."
How can I save money on travel?,"Create a budget, track your expenses, and look for discounts."
How can I save money on groceries?,"Create a budget, track your expenses, and look for discounts."
How can I save money on rent?,"Create a budget, track your expenses, and look for discounts."
How can I save money on utilities?,"Create a budget, track your expenses, and look for discounts."
How can I save money on entertainment?,"Create a budget, track your expenses, and look for discounts."
How can I save money on travel?,"Create a budget, track your expenses, and look for discounts."
How can I save money on groceries?,"Create a budget, track your expenses, and look for discounts."
How can I save money on rent?,"Create a budget, track your expenses, and look for discounts."
How can I save money on utilities?,"Create a budget, track your expenses, and look for discounts."
How can I save money on entertainment?,"Create a budget, track your expenses, and look for discounts."
How can I save money on travel?,"Create a budget, track your expenses, and look for discounts."
How can I save money on groceries?,"Create a budget, track your expenses, and look for discounts."
How can I save money on rent?,"Create a budget, track your expenses, and look for discounts."
How can I save money on utilities?,"Create a budget, track your expenses, and look for discounts."
How can I save money on entertainment?,"Create a budget, track your expenses, and look for discounts."
How can I save money on travel?,"Create a budget, track your expenses, and look for discounts."
How can I save money on groceries?,"Create a budget, track your expenses, and look for discounts."
How can I save money on rent?,"Create a budget, track your expenses, and look for discounts."
How can I save money on utilities?,"Create a budget, track your expenses, and look for discounts."
How can I save money on entertainment?,"Create a budget, track your expenses, and look for discounts."
How can I save money on travel?,"Create a budget, track your expenses, and look for discounts."
How can I save money on groceries?,"Create a budget, track your expenses, and look for discounts."
How can I save money on rent?,"Create a budget, track your expenses, and look for discounts."
How can I save money on utilities?,"Create a budget, track your expenses, and look for discounts."
How can I save money on entertainment?,"Create a budget, track your expenses, and look for discounts."
How can I save money on travel?,"Create a budget, track your expenses, and look for discounts."
How can I save money on groceries?,"Create a budget, track your expenses, and look for discounts."
How can I save money on rent?,"Create a budget, track your expenses, and look for discounts."
How can I save money on utilities?,"Create a budget, track your expenses, and look for discounts."
How can I save money on entertainment?,"Create a budget, track your expenses, and look for discounts."
How can I save money on travel?,"Create a budget, track your expenses, and look for discounts."
How can I save money on groceries?,"Create a budget, track your expenses, and look for discounts."
How can I save money on rent?,"Create a budget, track your expenses, and look for discounts."
How can I save money on utilities?,"Create a budget, track your expenses, and look for discounts."
How can I save money on entertainment?,"Create a budget, track your expenses, and look for discounts."
How can I save money on travel?,"Create a budget, track your expenses, and look for discounts."
How can I save money on groceries?,"Create a budget, track your expenses, and look for discounts."
How can I save money on rent?,"Create a budget, track your expenses, and look for discounts."
How can I save money on utilities?,"Create a budget, track your expenses, and look for discounts."
How can I save money on entertainment?,"Create a budget, track your expenses, and look for discounts."
How can I save money on travel?,"Create a budget, track your expenses, and look for discounts."
How can I save money on groceries?,"Create a budget, track your expenses, and look for discounts."
How can I save money on rent?,"Create a budget, track your expenses, and look for discounts."
How can I save money on utilities?,"Create a budget, track your expenses, and look for discounts."
How can I save money on entertainment?,"Create a budget, track your expenses, and look for discounts."
How can I save money on travel?,"Create a budget, track your expenses, and look for discounts."
How can I save money on groceries?,"Create a budget, track your expenses, and look for discounts."
How can I save money on rent?,"Create a budget, track your expenses, and look for discounts."
How can I save money on utilities?,"Create a budget, track your expenses, and look for discounts."
How can I save money on entertainment?,"Create a budget, track your expenses, and look for discounts."
How can I save money on travel?,"Create a budget, track your expenses, and look for discounts."
How can I save money on groceries?,"Create a budget, track your expenses, and look for discounts."
How can I save money on rent?,"Create a budget, track your expenses, and look for discounts."
How can I save money on utilities?,"Create a budget, track your expenses, and look for discounts."
How can I save money on entertainment?,"Create a budget, track your expenses, and look for discounts."
How can I save money on travel?,"Create a budget, track your expenses, and look for discounts."
How can I save money on groceries?,"Create a budget, track your expenses, and look for discounts."
How can I save money on rent?,"Create a budget, track your expenses, and look for discounts."
How can I save money on utilities?,"Create a budget, track your expenses, and look for discounts."
How can I save money on entertainment?,"Create a budget, track your expenses, and look for discounts."
How can I save money on travel?,"Create a budget, track your expenses, and look for discounts."
How can I save money on groceries?,"Create a budget, track your expenses, and look for discounts."
How can I save money on rent?,"Create a budget, track your expenses, and look for discounts."
How can I save money on utilities?,"Create a budget, track your expenses, and look for discounts."
How can I save money on entertainment?,"Create a budget, track your expenses, and look for discounts."
How can I save money on travel?,"Create a budget, track your expenses, and look for discounts."
How can I save money on groceries?,"Create a budget, track your expenses, and look for discounts."
How can I save money on rent?,"Create a budget, track your expenses, and look for discounts."
How can I save money on utilities?,"Create a budget, track your expenses, and look for discounts."
How can I save money on entertainment?,"Create a budget, track your expenses, and look for discounts."
How can I save money on travel?,"Create a budget, track your expenses, and look for discounts."
How can I save money on groceries?,"Create a budget, track your expenses, and look for discounts."
How can I save money on rent?,"Create a budget, track your expenses, and look for discounts."
How can I save money on utilities?,"Create a budget, track your expenses, and look for discounts."
How can I save money on entertainment?,"Create a budget, track your expenses, and look for discounts."
How can I save money on travel?,"Create a budget, track your expenses, and look for discounts."
How can I save money on groceries?,"Create a budget, track your expenses, and look for discounts."
How can I save money on rent?,"Create a budget, track your expenses, and look for discounts."
How can I save money on utilities?,"Create a budget, track your expenses, and look for discounts."
How can I save money on entertainment?,"Create a budget, track your expenses, and look for discounts."
How can I save money on travel?,"Create a budget, track your expenses, and look for discounts."
How can I save money on groceries?,"Create a budget, track your expenses, and look for discounts."
How can I save money on rent?,"Create a budget, track your expenses, and look for discounts."
How can I save money on utilities?,"Create a budget, track your expenses, and look for discounts."
How can I save money on entertainment?,"Create a budget, track your expenses, and look for discounts."
How can I save money on travel?,"Create a budget, track your expenses, and look for discounts."
How can I save money on groceries?,"Create a budget, track your expenses, and look for discounts."
How can I save money on rent?,"Create a budget, track your expenses, and look for discounts."
How can I save money on utilities?,"Create a budget, track your expenses, and look for discounts."
How can I save money on entertainment?,"Create a budget, track your expenses, and look for discounts."
How can I save money on travel?,"Create a budget, track your expenses, and look for discounts."
How can I save money on groceries?,"Create a budget, track your expenses, and look for discounts."
How can I save money on rent?,"Create a budget, track your expenses, and look for discounts."
How can I save money on utilities?,"Create a budget, track your expenses, and look for discounts."
How can I save money on entertainment?,"Create a budget, track your expenses, and look for discounts."
How can I save money on travel?,"Create a budget, track your expenses, and look for discounts."
How can I save money on groceries?,"Create a budget, track your expenses, and look for discounts."
How can I save money on rent?,"Create a budget, track your expenses, and look for discounts."
How can I save money on utilities?,"Create a budget, track your expenses, and look for discounts."
How can I save money on entertainment?,"Create a budget, track your expenses, and look for discounts."
How can I save money on travel?,"Create a budget, track your expenses, and look for discounts."
How can I save money on groceries?,"Create a budget, track your expenses, and look for discounts."
How can I save money on rent?,"Create a budget, track your expenses, and look for discounts."
How can I save money on utilities?,"Create a budget, track your expenses, and look for discounts."
How can I save money on entertainment?,"Create a budget, track your expenses, and look for discounts."
How can I save money on travel?,"Create a budget, track your expenses, and look for discounts."
How can I save money on groceries?,"Create a budget, track your expenses, and look for discounts."
How can I save money on rent?,"Create a budget, track your expenses, and look for discounts."
How can I save money on utilities?,"Create a budget, track your expenses, and look for discounts."
How can I save money on entertainment?,"Create a budget, track your expenses, and look for discounts."
How can I save money on travel?,"Create a budget, track your expenses, and look for discounts."
How can I save money on groceries?,"Create a budget, track your expenses, and look for discounts."
How can I save money on rent?,"Create a budget, track your expenses, and look for discounts."
How can I save money on utilities?,"Create a budget, track your expenses, and look for discounts."
How can I save money on entertainment?,"Create a budget, track your expenses, and look for discounts."
How can I save money on travel?,"Create a budget, track your expenses, and look for discounts."
How can I save money on groceries?,"Create a budget, track your expenses, and look for discounts."
How can I save money on rent?,"Create a budget, track your expenses, and look for discounts."
How can I save money on utilities?,"Create a budget, track your expenses, and look for discounts."
How can I save money on entertainment?,"Create a budget, track your expenses, and look for discounts."
How can I save money on travel?,"Create a budget, track your expenses, and look for discounts."
How can I save money on groceries?,"Create a budget, track your expenses, and look for discounts."
How can I save money on rent?,"Create a budget, track your expenses, and look for discounts."
How can I save money on utilities?,"Create a budget, track your expenses, and look for discounts."
How can I save money on entertainment?,"Create a budget, track your expenses, and look for discounts."
How can I save money on travel?,"Create a budget, track your expenses, and look for discounts."
How can I save money on groceries?,"Create a budget, track your expenses, and look for discounts."
How can I save money on rent?,"Create a budget, track your expenses, and look for discounts."
How can I save money on utilities?,"Create a budget, track your expenses, and look for discounts."
How can I save money on entertainment?,"Create a budget, track your expenses, and look for discounts."
How can I save money on travel?,"Create a budget, track your expenses, and look for discounts."
How can I save money on groceries?,"Create a budget, track your expenses, and look for discounts."
How can I save money on rent?,"Create a budget, track your expenses, and look for discounts."
How can I save money on utilities?,"Create a budget, track your expenses, and look for discounts."
How can I save money on entertainment?,"Create a budget, track your expenses, and look for discounts."
How can I save money on travel?,"Create a budget, track your expenses, and look for discounts."
How can I save money on groceries?,"Create a budget, track your expenses, and look for discounts."
How can I save money on rent?,"Create a budget, track your expenses, and look for discounts."
How can I save money on utilities?,"Create a budget, track your expenses, and look for discounts."
How can I save money on entertainment?,"Create a budget, track your expenses, and look for discounts."
How can I save money on travel?,"Create a budget, track your expenses, and look for discounts."
How can I save money on groceries?,"Create a budget, track your expenses, and look for discounts."
How can I save money on rent?,"Create a budget, track your expenses, and look for discounts."
How can I save money on utilities?,"Create a budget, track your expenses, and look for discounts."
How can I save money on entertainment?,"Create a budget, track your expenses, and look for discounts."
How can I save money on travel?,"Create a budget, track your expenses, and look for discounts."
How can I save money on groceries?,"Create a budget, track your expenses, and look for discounts."
How can I save money on rent?,"Create a budget, track your expenses, and look for discounts."
How can I save money on utilities?,"Create a budget, track your expenses, and look for discounts."
How can I save money on entertainment?,"Create a budget, track your expenses, and look for discounts."
How can I save money on travel?,"Create a budget, track your expenses, and look for discounts."
How can I save money on groceries?,"Create a budget, track your expenses, and look for discounts."
How can I save money on rent?,"Create a budget, track your expenses, and look for discounts."
How can I save money on utilities?,"Create a budget, track your expenses, and look for discounts."
How can I save money on entertainment?,"Create a budget, track your expenses, and look for discounts."
How can I save money on travel?,"Create a budget, track your expenses, and look for discounts."
How can I save money on groceries?,"Create a budget, track your expenses, and look for discounts."
How can I save money on rent?,"Create a budget, track your expenses, and look for discounts."
How can I save money on utilities?,"Create a budget, track your expenses, and look for discounts."
How can I save money on entertainment?,"Create a budget, track your expenses, and look for discounts."
How can I save money on travel?,"Create a budget, track your expenses, and look for discounts."
How can I save money on groceries?,"Create a budget, track your expenses, and look for discounts."
How can I save money on rent?,"Create a budget, track your expenses, and look for discounts."
How can I save money on utilities?,"Create a budget, track your expenses, and look for discounts."
How can I save money on entertainment?,"Create a budget, track your expenses, and look for discounts."
How can I save money on travel?,"Create a budget, track your expenses, and look for discounts."
How can I save money on groceries?,"Create a budget, track your expenses, and look for discounts."
How can I save money on rent?,"Create a budget, track your expenses, and look for discounts."
How can I save money on utilities?,"Create a budget, track your expenses, and look for discounts."
How can I save money on entertainment?,"Create a budget, track your expenses, and look for discounts."
How can I save money on travel?,"Create a budget, track your expenses, and look for discounts."
How can I save money on groceries?,"Create a budget, track your expenses, and look for discounts."
How can I save money on rent?,"Create a budget, track your expenses, and look for discounts."
How can I save money on utilities?,"Create a budget, track your expenses, and look for discounts."
How can I save money on entertainment?,"Create a budget, track your expenses, and look for discounts."
How can I save money on travel?,"Create a budget, track your expenses, and look for discounts."
How can I save money on groceries?,"Create a budget, track your expenses, and look for discounts."
How can I save money on rent?,"Create a budget, track your expenses, and look for discounts."
How can I save money on utilities?,"Create a budget, track your expenses, and look for discounts."
How can I save money on entertainment?,"Create a budget, track your expenses, and look for discounts."
How can I save money on travel?,"Create a budget, track your expenses, and look for discounts."
How can I save money on groceries?,"Create a budget, track your expenses, and look for discounts."
How can I save money on rent?,"Create a budget, track your expenses, and look for discounts."
How can I save money on utilities?,"Create a budget, track your expenses, and look for discounts."
How can I save money on entertainment?,"Create a budget, track your expenses, and look for discounts."
How can I save money on travel?,"Create a budget, track your expenses, and look for discounts."
How can I save money on groceries?,"Create a budget, track your expenses, and look for discounts."
How can I save money on rent?,"Create a budget, track your expenses, and look for discounts."
How can I save money on utilities?,"Create a budget, track your expenses, and look for discounts."
How can I save money on entertainment?,"Create a budget, track your expenses, and look for discounts."
How can I save money on travel?,"Create a budget, track your expenses, and look for discounts."
How can I save money on groceries?,"Create a budget, track your expenses, and look for discounts."
How can I save money on rent?,"Create a budget, track your expenses, and look for discounts."
How can I save money on utilities?,"Create a budget, track your expenses, and look for discounts."
How can I save money on entertainment?,"Create a budget, track your expenses, and look for discounts."
How can I save money on travel?,"Create a budget, track your expenses, and look for discounts."
How can I save money on groceries?,"Create a budget, track your expenses, and look for discounts."
How can I save money on rent?,"Create a budget, track your expenses, and look for discounts."
How can I save money on utilities?,"Create a budget, track your expenses, and look for discounts."
How can I save money on entertainment?,"Create a budget, track your expenses, and look for discounts."
How can I save money on travel?,"Create a budget, track your expenses, and look for discounts."
How can I save money on groceries?,"Create a budget, track your expenses, and look for discounts."
How can I save money on rent?,"Create a budget, track your expenses, and look for discounts."
How can I save money on utilities?,"Create a budget, track your expenses, and look for discounts."
How can I save money on entertainment?,"Create a budget, track your expenses, and look for discounts."
How can I save money on travel?,"Create a budget, track your expenses, and look for discounts."
How can I save money on groceries?,"Create a budget, track your expenses, and look for discounts."
How can I save money on rent?,"Create a budget, track your expenses, and look for discounts."
How can I save money on utilities?,"Create a budget, track your expenses, and look for discounts."
How can I save money on entertainment?,"Create a budget, track your expenses, and look for discounts."
How can I save money on travel?,"Create a budget, track your expenses, and look for discounts."
How can I save money on groceries?,"Create a budget, track your expenses, and look for discounts."
How can I save money on rent?,"Create a budget, track your expenses, and look for discounts."
How can I save money on utilities?,"Create a budget, track your expenses, and look for discounts."
How can I save money on entertainment?,"Create a budget, track your expenses, and look for discounts."
How can I save money on travel?,"Create a budget, track your expenses, and look for discounts."
How can I save money on groceries?,"Create a budget, track your expenses, and look for discounts."
How can I save money on rent?,"Create a budget, track your expenses, and look for discounts."
How can I save money on utilities?,"Create a budget, track your expenses, and look for discounts."
How can I save money on entertainment?,"Create a budget, track your expenses, and look for discounts."
How can I save money on travel?,"Create a budget, track your expenses, and look for discounts."
How can I save money on groceries?,"Create a budget, track your expenses, and look for discounts."
How can I save money on rent?,"Create a budget, track your expenses, and look for discounts."
How can I save money on utilities?,"Create a budget, track your expenses, and look for discounts."
How can I save money on entertainment?,"Create a budget, track your expenses, and look for discounts."
How can I save money on travel?,"Create a budget, track your expenses, and look for discounts."
How can I save money on groceries?,"Create a budget, track your expenses, and look for discounts."
How can I save money on rent?,"Create a budget, track your expenses, and look for discounts."
How can I save money on utilities?,"Create a budget, track your expenses, and look for discounts."
How can I save money on entertainment?,"Create a budget, track your expenses, and look for discounts."
How can I save money on travel?,"Create a budget, track your expenses, and look for discounts."
How can I save money on groceries?,"Create a budget, track your expenses, and look for discounts."
How can I save money on rent?,"Create a budget, track your expenses, and look for discounts."
How can I save money on utilities?,"Create a budget, track your expenses, and look for discounts."
How can I save money on entertainment?,"Create a budget, track your expenses, and look for discounts."
How can I save money on travel?,"Create a budget, track your expenses, and look for discounts."
How can I save money on groceries?,"Create a budget, track your expenses, and look for discounts."
How can I save money on rent?,"Create a budget, track your expenses, and look for discounts."
How can I save money on utilities?,"Create a budget, track your expenses, and look for discounts."
How can I save money on entertainment?,"Create a budget, track your expenses, and look for discounts."
How can I save money on travel?,"Create a budget, track your expenses, and look for discounts."
How can I save money on groceries?,"Create a budget, track your expenses, and look for discounts."
How can I save money on rent?,"Create a budget, track your expenses, and look for discounts."
How can I save money on utilities?,"Create a budget, track your expenses, and look for discounts."
How can I save money on entertainment?,"Create a budget, track your expenses, and look for discounts."
How can I save money on travel?,"Create a budget, track your expenses, and look for discounts."
How can I save money on groceries?,"Create a budget, track your expenses, and look for discounts."
How can I save money on rent?,"Create a budget, track your expenses, and look for discounts."
How can I save money on utilities?,"Create a budget, track your expenses, and look for discounts."
How can I save money on entertainment?,"Create a budget, track your expenses, and look for discounts."
How can I save money on travel?,"Create a budget, track your expenses, and look for discounts."
How can I save money on groceries?,"Create a budget, track your expenses, and look for discounts."
How can I save money on rent?,"Create a budget, track your expenses, and look for discounts."
How can I save money on utilities?,"Create a budget, track your expenses, and look for discounts."
How can I save money on entertainment?,"Create a budget, track your expenses, and look for discounts."
How can I save money on travel?,"Create a budget, track your expenses, and look for discounts."
How can I save money on groceries?,"Create a budget, track your expenses, and look for discounts."
How can I save money on rent?,"Create a budget, track your expenses, and look for discounts."
How can I save money on utilities?,"Create a budget, track your expenses, and look for discounts."
How can I save money on entertainment?,"Create a budget, track your expenses, and look for discounts."
How can I save money on travel?,"Create a budget, track your expenses, and look for discounts."
How can I save money on groceries?,"Create a budget, track your expenses, and look for discounts."
How can I save money on rent?,"Create a budget, track your expenses, and look for discounts."
How can I save money on utilities?,"Create a budget, track your expenses, and look for discounts."
How can I save money on entertainment?,"Create a budget, track your expenses, and look for discounts."
How can I save money on travel?,"Create a budget, track your expenses, and look for discounts."
How can I save money on groceries?,"Create a budget, track your expenses, and look for discounts."
How can I save money on rent?,"Create a budget, track your expenses, and look for discounts."
How can I save money on utilities?,"Create a budget, track your expenses, and look for discounts."
How can I save money on entertainment?,"Create a budget, track your expenses, and look for discounts."
How can I save money on travel?,"Create a budget, track your expenses, and look for discounts."
How can I save money on groceries?,"Create a budget, track your expenses, and look for discounts."
How can I save money on rent?,"Create a budget, track your expenses, and look for discounts."
How can I save money on utilities?,"Create a budget, track your expenses, and look for discounts."
How can I save money on entertainment?,"Create a budget, track your expenses, and look for discounts."
How can I save money on travel?,"Create a budget, track your expenses, and look for discounts."
How can I save money on groceries?,"Create a budget, track your expenses, and look for discounts."
How can I save money on rent?,"Create a budget, track your expenses, and look for discounts."
How can I save money on utilities?,"Create a budget, track your expenses, and look for discounts."
How can I save money on entertainment?,"Create a budget, track your expenses, and look for discounts."
How can I save money on travel?,"Create a budget, track your expenses, and look for discounts."
How can I save money on groceries?,"Create a budget, track your expenses, and look for discounts."
How can I save money on rent?,"Create a budget, track your expenses, and look for discounts."
How can I save money on utilities?,"Create a budget, track your expenses, and look for discounts."
How can I save money on entertainment?,"Create a budget, track your expenses, and look for discounts."
How can I save money on travel?,"Create a budget, track your expenses, and look for discounts."
How can I save money on groceries?,"Create a budget, track your expenses, and look for discounts."
How can I save money on rent?,"Create a budget, track your expenses, and look for discounts."
How can I save money on utilities?,"Create a budget, track your expenses, and look for discounts."
How can I save money on entertainment?,"Create a budget, track your expenses, and look for discounts."
How can I save money on travel?,"Create a budget, track your expenses, and look for discounts."
How can I save money on groceries?,"Create a budget, track your expenses, and look for discounts."
How can I save money on rent?,"Create a budget, track your expenses, and look for discounts."
How can I save money on utilities?,"Create a budget, track your expenses, and look for discounts."
How can I save money on entertainment?,"Create a budget, track your expenses, and look for discounts."
How can I save money on travel?,"Create a budget, track your expenses, and look for discounts."
How can I save money on groceries?,"Create a budget, track your expenses, and look for discounts."
How can I save money on rent?,"Create a budget, track your expenses, and look for discounts."
How can I save money on utilities?,"Create a budget, track your expenses, and look for discounts."
How can I save money on entertainment?,"Create a budget, track your expenses, and look for discounts."
How can I save money on travel?,"Create a budget, track your expenses, and look for discounts."
How can I save money on groceries?,"Create a budget, track your expenses, and look for discounts."
How can I save money on rent?,"Create a budget, track your expenses, and look for discounts."
How can I save money on utilities?,"Create a budget, track your expenses, and look for discounts."
How can I save money on entertainment?,"Create a budget, track your expenses, and look for discounts."
How can I save money on travel?,"Create a budget, track your expenses, and look for discounts."
How can I save money on groceries?,"Create a budget, track your expenses, and look for discounts."
How can I save money on rent?,"Create a budget, track your expenses, and look for discounts."
How can I save money on utilities?,"Create a budget, track your expenses, and look for discounts."
How can I save money on entertainment?,"Create a budget, track your expenses, and look for discounts."
How can I save money on travel?,"Create a budget, track your expenses, and look for discounts."
How can I save money on groceries?,"Create a budget, track your expenses, and look for discounts."
How can I save money on rent?,"Create a budget, track your expenses, and look for discounts."
How can I save money on utilities?,"Create a budget, track your expenses, and look for discounts."
How can I save money on entertainment?,"Create a budget, track your expenses, and look for discounts."
How can I save money on travel?,"Create a budget, track your expenses, and look for discounts."
How can I save money on groceries?,"Create a budget, track your expenses, and look for discounts."
How can I save money on rent?,"Create a budget, track your expenses, and look for discounts."
How can I save money on utilities?,"Create a budget, track your expenses, and look for discounts."
How can I save money on entertainment?,"Create a budget, track your expenses, and look for discounts."
How can I save money on travel?,"Create a budget, track your expenses, and look for discounts."
How can I save money on groceries?,"Create a budget, track your expenses, and look for discounts."
How can I save money on rent?,"Create a budget, track your expenses, and look for discounts."
How can I save money on utilities?,"Create a budget, track your expenses, and look for discounts."
How can I save money on entertainment?,"Create a budget, track your expenses, and look for discounts."
How can I save money on travel?,"Create a budget, track your expenses, and look for discounts."
How can I save money on groceries?,"Create a budget, track your expenses, and look for discounts."
How can I save money on rent?,"Create a budget, track your expenses, and look for discounts."
How can I save money on utilities?,"Create a budget, track your expenses, and look for discounts."
How can I save money on entertainment?,"Create a budget, track your expenses, and look for discounts."
How can I save money on travel?,"Create a budget, track your expenses, and look for discounts."
How can I save money on groceries?,"Create a budget, track your expenses, and look for discounts."
How can I save money on rent?,"Create a budget, track your expenses, and look for discounts."
How can I save money on utilities?,"Create a budget, track your expenses, and look for discounts."
How can I save money on entertainment?,"Create a budget, track your expenses, and look for discounts."
How can I save money on travel?,"Create a budget, track your expenses, and look for discounts."
How can I save money on groceries?,"Create a budget, track your expenses, and look for discounts."
How can I save money on rent?,"Create a budget, track your expenses, and look for discounts."
How can I save money on utilities?,"Create a budget, track your expenses, and look for discounts."
How can I save money on entertainment?,"Create a budget, track your expenses, and look for discounts."
How can I save money on travel?,"Create a budget, track your expenses, and look for discounts."
How can I save money on groceries?,"Create a budget, track your expenses, and look for discounts."
How can I save money on rent?,"Create a budget, track your expenses, and look for discounts."
How can I save money on utilities?,"Create a budget, track your expenses, and look for discounts."
How can I save money on entertainment?,"Create a budget, track your expenses, and look for discounts."
How can I save money on travel?,"Create a budget, track your expenses, and look for discounts."
How can I save money on groceries?,"Create a budget, track your expenses, and look for discounts."
How can I save money on rent?,"Create a budget, track your expenses, and look for discounts."
How can I save money on utilities?,"Create a budget, track your expenses, and look for discounts."
How can I save money on entertainment?,"Create a budget, track your expenses, and look for discounts."
How can I save money on travel?,"Create a budget, track your expenses, and look for discounts."
How can I save money on groceries?,"Create a budget, track your expenses, and look for discounts."
How can I save money on rent?,"Create a budget, track your expenses, and look for discounts."
How can I save money on utilities?,"Create a budget, track your expenses, and look for discounts."
How can I save money on entertainment?,"Create a budget, track your expenses, and look for discounts."
How can I save money on travel?,"Create a budget, track your expenses, and look for discounts."
How can I save money on groceries?,"Create a budget, track your expenses, and look for discounts."
How can I save money on rent?,"Create a budget, track your expenses, and look for discounts."
How can I save money on utilities?,"Create a budget, track your expenses, and look for discounts."
How can I save money on entertainment?,"Create a budget, track your expenses, and look for discounts."
How can I save money on travel?,"Create a budget, track your expenses, and look for discounts."
How can I save money on groceries?,"Create a budget, track your expenses, and look for discounts."
How can I save money on rent?,"Create a budget, track your expenses, and look for discounts."
How can I save money on utilities?,"Create a budget, track your expenses, and look for discounts."
How can I save money on entertainment?,"Create a budget, track your expenses, and look for discounts."
How can I save money on travel?,"Create a budget, track your expenses, and look for discounts."
How can I save money on groceries?,"Create a budget, track your expenses, and look for discounts."
How can I save money on rent?,"Create a budget, track your expenses, and look for discounts."
How can I save money on utilities?,"Create a budget, track your expenses, and look for discounts."
How can I save money on entertainment?,"Create a budget, track your expenses, and look for discounts."
How can I save money on travel?,"Create a budget, track your expenses, and look for discounts."
How can I save money on groceries?,"Create a budget, track your expenses, and look for discounts."
How can I save money on rent?,"Create a budget, track your expenses, and look for discounts."
How can I save money on utilities?,"Create a budget, track your expenses, and look for discounts."
How can I save money on entertainment?,"Create a budget, track your expenses, and look for discounts."
How can I save money on travel?,"Create a budget, track your expenses, and look for discounts."
How can I save money on groceries?,"Create a budget, track your expenses, and look for discounts."
How can I save money on rent?,"Create a budget, track your expenses, and look for discounts."
How can I save money on utilities?,"Create a budget, track your expenses, and look for discounts."
How can I save money on entertainment?,"Create a budget, track your expenses, and look for discounts."
How can I save money on travel?,"Create a budget, track your expenses, and look for discounts."
How can I save money on groceries?,"Create a budget, track your expenses, and look for discounts."
How can I save money on rent?,"Create a budget, track your expenses, and look for discounts."
How can I save money on utilities?,"Create a budget, track your expenses, and look for discounts."
How can I save money on entertainment?,"Create a budget, track your expenses, and look for discounts."
How can I save money on travel?,"Create a budget, track your expenses, and look for discounts."
How can I save money on groceries?,"Create a budget, track your expenses, and look for discounts."
How can I save money on rent?,"Create a budget, track your expenses, and look for discounts."
How can I save money on utilities?,"Create a budget, track your expenses, and look for discounts."
How can I save money on entertainment?,"Create a budget, track your expenses, and look for discounts."
How can I save money on travel?,"Create a budget, track your expenses, and look for discounts."
How can I save money on groceries?,"Create a budget, track your expenses, and look for discounts."
How can I save money on rent?,"Create a budget, track your expenses, and look for discounts."
How can I save money on utilities?,"Create a budget, track your expenses, and look for discounts."
How can I save money on entertainment?,"Create a budget, track your expenses, and look for discounts."
How can I save money on travel?,"Create a budget, track your expenses, and look for discounts."
How can I save money on groceries?,"Create a budget, track your expenses, and look for discounts."
How can I save money on rent?,"Create a budget, track your expenses, and look for discounts."
How can I save money on utilities?,"Create a budget, track your expenses, and look for discounts."
How can I save money on entertainment?,"Create a budget, track your expenses, and look for discounts."
How can I save money on travel?,"Create a budget, track your expenses, and look for discounts."
How can I save money on groceries?,"Create a budget, track your expenses, and look for discounts."
How can I save money on rent?,"Create a budget, track your expenses, and look for discounts."
How can I save money on utilities?,"Create a budget, track your expenses, and look for discounts."
How can I save money on entertainment?,"Create a budget, track your expenses, and look for discounts."
How can I save money on travel?,"Create a budget, track your expenses, and look for discounts."
How can I save money on groceries?,"Create a budget, track your expenses, and look for discounts."
How can I save money on rent?,"Create a budget, track your expenses, and look for discounts."
How can I save money on utilities?,"Create a budget, track your expenses, and look for discounts."
How can I save money on entertainment?,"Create a budget, track your expenses, and look for discounts."
How can I save money on travel?,"Create a budget, track your expenses, and look for discounts."
How can I save money on groceries?,"Create a budget, track your expenses, and look for discounts."
How can I save money on rent?,"Create a budget, track your expenses, and look for discounts."
How can I save money on utilities?,"Create a budget, track your expenses, and look for discounts."
How can I save money on entertainment?,"Create a budget, track your expenses, and look for discounts."
How can I save money on travel?,"Create a budget, track your expenses, and look for discounts."
How can I save money on groceries?,"Create a budget, track your expenses, and look for discounts."
How can I save money on rent?,"Create a budget, track your expenses, and look for discounts."
How can I save money on utilities?,"Create a budget, track your expenses, and look for discounts."
How can I save money on entertainment?,"Create a budget, track your expenses, and look for discounts."
How can I save money on travel?,"Create a budget, track your expenses, and look for discounts."
How can I save money on groceries?,"Create a budget, track your expenses, and look for discounts."
How can I save money on rent?,"Create a budget, track your expenses, and look for discounts."
How can I save money on utilities?,"Create a budget, track your expenses, and look for discounts."
How can I save money on entertainment?,"Create a budget, track your expenses, and look for discounts."
How can I save money on travel?,"Create a budget, track your expenses, and look for discounts."
How can I save money on groceries?,"Create a budget, track your expenses, and look for discounts."
How can I save money on rent?,"Create a budget, track your expenses, and look for discounts."
How can I save money on utilities?,"Create a budget, track your expenses, and look for discounts."
How can I save money on entertainment?,"Create a budget, track your expenses, and look for discounts."
How can I save money on travel?,"Create a budget, track your expenses, and look for discounts."
How can I save money on groceries?,"Create a budget, track your expenses, and look for discounts."
How can I save money on rent?,"Create a budget, track your expenses, and look for discounts."
How can I save money on utilities?,"Create a budget, track your expenses, and look for discounts."
How can I save money on entertainment?,"Create a budget, track your expenses, and look for discounts."
How can I save money on travel?,"Create a budget, track your expenses, and look for discounts."
How can I save money on groceries?,"Create a budget, track your expenses, and look for discounts."
How can I save money on rent?,"Create a budget, track your expenses, and look for discounts."
How can I save money on utilities?,"Create a budget, track your expenses, and look for discounts."
How can I save money on entertainment?,"Create a budget, track your expenses, and look for discounts."
How can I save money on travel?,"Create a budget, track your expenses, and look for discounts."
How can I save money on groceries?,"Create a budget, track your expenses, and look for discounts."
How can I save money on rent?,"Create a budget, track your expenses, and look for discounts."
How can I save money on utilities?,"Create a budget, track your expenses, and look for discounts."
How can I save money on entertainment?,"Create a budget, track your expenses, and look for discounts."
How can I save money on travel?,"Create a budget, track your expenses, and look for discounts."
How can I save money on groceries?,"Create a budget, track your expenses, and look for discounts."
How can I save money on rent?,"Create a budget, track your expenses, and look for discounts."
How can I save money on utilities?,"Create a budget, track your expenses, and look for discounts."
How can I save money on entertainment?,"Create a budget, track your expenses, and look for discounts."
How can I save money on travel?,"Create a budget, track your expenses, and look for discounts."
How can I save money on groceries?,"Create a budget, track your expenses, and look for discounts."
How can I save money on rent?,"Create a budget, track your expenses, and look for discounts."
How can I save money on utilities?,"Create a budget, track your expenses, and look for discounts."
How can I save money on entertainment?,"Create a budget, track your expenses, and look for discounts."
How can I save money on travel?,"Create a budget, track your expenses, and look for discounts."
How can I save money on groceries?,"Create a budget, track your expenses, and look for discounts."
How can I save money on rent?,"Create a budget, track your expenses, and look for discounts."
How can I save money on utilities?,"Create a budget, track your expenses, and look for discounts."
How can I save money on entertainment?,"Create a budget, track your expenses, and look for discounts."
How can I save money on travel?,"Create a budget, track your expenses, and look for discounts."
How can I save money on groceries?,"Create a budget, track your expenses, and look for discounts."
How can I save money on rent?,"Create a budget, track your expenses, and look for discounts."
How can I save money on utilities?,"Create a budget, track your expenses, and look for discounts."
How can I save money on entertainment?,"Create a budget, track your expenses, and look for discounts."
How can I save money on travel?,"Create a budget, track your expenses, and look for discounts."
How can I save money on groceries?,"Create a budget, track your expenses, and look for discounts."
How can I save money on rent?,"Create a budget, track your expenses, and look for discounts."
How can I save money on utilities?,"Create a budget, track your expenses, and look for discounts."
How can I save money on entertainment?,"Create a budget, track your expenses, and look for discounts."
How can I save money on travel?,"Create a budget, track your expenses, and look for discounts."
How can I save money on groceries?,"Create a budget, track your expenses, and look for discounts."
How can I save money on rent?,"Create a budget, track your expenses, and look for discounts."
How can I save money on utilities?,"Create a budget, track your expenses, and look for discounts."
How can I save money on entertainment?,"Create a budget, track your expenses, and look for discounts."
How can I save money on travel?,"Create a budget, track your expenses, and look for discounts."
How can I save money on groceries?,"Create a budget, track your expenses, and look for discounts."
How can I save money on rent?,"Create a budget, track your expenses, and look for discounts."
How can I save money on utilities?,"Create a budget, track your expenses, and look for discounts."
How can I save money on entertainment?,"Create a budget, track your expenses, and look for discounts."
How can I save money on travel?,"Create a budget, track your expenses, and look for discounts."
How can I save money on groceries?,"Create a budget, track your expenses, and look for discounts."
How can I save money on rent?,"Create a budget, track your expenses, and look for discounts."
How can I save money on utilities?,"Create a budget, track your expenses, and look for discounts."
How can I save money on entertainment?,"Create a budget, track your expenses, and look for discounts."
How can I save money on travel?,"Create a budget, track your expenses, and look for discounts."
How can I save money on groceries?,"Create a budget, track your expenses, and look for discounts."
How can I save money on rent?,"Create a budget, track your expenses, and look for discounts."
How can I save money on utilities?,"Create a budget, track your expenses, and look for discounts."
How can I save money on entertainment?,"Create a budget, track your expenses, and look for discounts."
How can I save money on travel?,"Create a budget, track your expenses, and look for discounts."
How can I save money on groceries?,"Create a budget, track your expenses, and look for discounts."
How can I save money on rent?,"Create a budget, track your expenses, and look for discounts."
How can I save money on utilities?,"Create a budget, track your expenses, and look for discounts."
How can I save money on entertainment?,"Create a budget, track your expenses, and look for discounts."
How can I save money on travel?,"Create a budget, track your expenses, and look for discounts."
How can I save money on groceries?,"Create a budget, track your expenses, and look for discounts."
How can I save money on rent?,"Create a budget, track your expenses, and look for discounts."
How can I save money on utilities?,"Create a budget, track your expenses, and look for discounts."
How can I save money on entertainment?,"Create a budget, track your expenses, and look for discounts."
How can I save money on travel?,"Create a budget, track your expenses, and look for discounts."
How can I save money on groceries?,"Create a budget, track your expenses, and look for discounts."
How can I save money on rent?,"Create a budget, track your expenses, and look for discounts."
How can I save money on utilities?,"Create a budget, track your expenses, and look for discounts."
How can I save money on entertainment?,"Create a budget, track your expenses, and look for discounts."
How can I save money on travel?,"Create a budget, track your expenses, and look for discounts."
How can I save money on groceries?,"Create a budget, track your expenses, and look for discounts."
How can I save money on rent?,"Create a budget, track your expenses, and look for discounts."
How can I save money on utilities?,"Create a budget, track your expenses, and look for discounts."
How can I save money on entertainment?,"Create a budget, track your expenses, and look for discounts."
How can I save money on travel?,"Create a budget, track your expenses, and look for discounts."
How can I save money on groceries?,"Create a budget, track your expenses, and look for discounts."
How can I save money on rent?,"Create a budget, track your expenses, and look for discounts."
How can I save money on utilities?,"Create a budget, track your expenses, and look for discounts."
How can I save money on entertainment?,"Create a budget, track your expenses, and look for discounts."
How can I save money on travel?,"Create a budget, track your expenses, and look for discounts."
How can I save money on groceries?,"Create a budget, track your expenses, and look for discounts."
How can I save money on rent?,"Create a budget, track your expenses, and look for discounts."
How can I save money on utilities?,"Create a budget, track your expenses, and look for discounts."
How can I save money on entertainment?,"Create a budget, track your expenses, and look for discounts."
How can I save money on travel?,"Create a budget, track your expenses, and look for discounts."
How can I save money on groceries?,"Create a budget, track your expenses, and look for discounts."
How can I save money on rent?,"Create a budget, track your expenses, and look for discounts."
How can I save money on utilities?,"Create a budget, track your expenses, and look for discounts."
How can I save money on entertainment?,"Create a budget, track your expenses, and look for discounts."
How can I save money on travel?,"Create a budget, track your expenses, and look for discounts."
How can I save money on groceries?,"Create a budget, track your expenses, and look for discounts."
How can I save money on rent?,"Create a budget, track your expenses, and look for discounts."
How can I save money on utilities?,"Create a budget, track your expenses, and look for discounts."
How can I save money on entertainment?,"Create a budget, track your expenses, and look for discounts."
How can I save money on travel?,"Create a budget, track your expenses, and look for discounts."
How can I save money on groceries?,"Create a budget, track your expenses, and look for discounts."
How can I save money on rent?,"Create a budget, track your expenses, and look for discounts."
How can I save money on utilities?,"Create a budget, track your expenses, and look for discounts."
How can I save money on entertainment?,"Create a budget, track your expenses, and look for discounts."
How can I save money on travel?,"Create a budget, track your expenses, and look for discounts."
How can I save money on groceries?,"Create a budget, track your expenses, and look for discounts."
How can I save money on rent?,"Create a budget, track your expenses, and look for discounts."
How can I save money on utilities?,"Create a budget, track your expenses, and look for discounts."
How can I save money on entertainment?,"Create a budget, track your expenses, and look for discounts."
How can I save money on travel?,"Create a budget, track your expenses, and look for discounts."
How can I save money on groceries?,"Create a budget, track your expenses, and look for discounts."
How can I save money on rent?,"Create a budget, track your expenses, and look for discounts."
How can I save money on utilities?,"Create a budget, track your expenses, and look for discounts."
How can I save money on entertainment?,"Create a budget, track your expenses, and look for discounts."
How can I save money on travel?,"Create a budget, track your expenses, and look for discounts."
How can I save money on groceries?,"Create a budget, track your expenses, and look for discounts."
How can I save money on rent?,"Create a budget, track your expenses, and look for discounts."
How can I save money on utilities?,"Create a budget, track your expenses, and look for discounts."
How can I save money on entertainment?,"Create a budget, track your expenses, and look for discounts."
How can I save money on travel?,"Create a budget, track your expenses, and look for discounts."
How can I save money on groceries?,"Create a budget, track your expenses, and look for discounts."
How can I save money on rent?,"Create a budget, track your expenses, and look for discounts."
How can I save money on utilities?,"Create a budget, track your expenses, and look for discounts."
How can I save money on entertainment?,"Create a budget, track your expenses, and look for discounts."
How can I save money on travel?,"Create a budget, track your expenses, and look for discounts."
How can I save money on groceries?,"Create a budget, track your expenses, and look for discounts."
How can I save money on rent?,"Create a budget, track your expenses, and look for discounts."
How can I save money on utilities?,"Create a budget, track your expenses, and look for discounts."
How can I save money on entertainment?,"Create a budget, track your expenses, and look for discounts."
How can I save money on travel?,"Create a budget, track your expenses, and look for discounts."
How can I save money on groceries?,"Create a budget, track your expenses, and look for discounts."
How can I save money on rent?,"Create a budget, track your expenses, and look for discounts."
How can I save money on utilities?,"Create a budget, track your expenses, and look for discounts."
How can I save money on entertainment?,"Create a budget, track your expenses, and look for discounts."
How can I save money on travel?,"Create a budget, track your expenses, and look for discounts."
How can I save money on groceries?,"Create a budget, track your expenses, and look for discounts."
How can I save money on rent?,"Create a budget, track your expenses, and look for discounts."
How can I save money on utilities?,"Create a budget, track your expenses, and look for discounts."
How can I save money on entertainment?,"Create a budget, track your expenses, and look for discounts."
How can I save money on travel?,"Create a budget, track your expenses, and look for discounts."
How can I save money on groceries?,"Create a budget, track your expenses, and look for discounts."
How can I save money on rent?,"Create a budget, track your expenses, and look for discounts."
How can I save money on utilities?,"Create a budget, track your expenses, and look for discounts."
How can I save money on entertainment?,"Create a budget, track your expenses, and look for discounts."
How can I save money on travel?,"Create a budget, track your expenses, and look for discounts."
How can I save money on groceries?,"Create a budget, track your expenses, and look for discounts."
How can I save money on rent?,"Create a budget, track your expenses, and look for discounts."
How can I save money on utilities?,"Create a budget, track your expenses, and look for discounts."
How can I save money on entertainment?,"Create a budget, track your expenses, and look for discounts."
How can I save money on travel?,"Create a budget, track your expenses, and look for discounts."
How can I save money on groceries?,"Create a budget, track your expenses, and look for discounts."
How can I save money on rent?,"Create a budget, track your expenses, and look for discounts."
How can I save money on utilities?,"Create a budget, track your expenses, and look for discounts."
How can I save money on entertainment?,"Create a budget, track your expenses, and look for discounts."
How can I save money on travel?,"Create a budget, track your expenses, and look for discounts."
How can I save money on groceries?,"Create a budget, track your expenses, and look for discounts."
How can I save money on rent?,"Create a budget, track your expenses, and look for discounts."
How can I save money on utilities?,"Create a budget, track your expenses, and look for discounts."
How can I save money on entertainment?,"Create a budget, track your expenses, and look for discounts."
How can I save money on travel?,"Create a budget, track your expenses, and look for discounts."
How can I save money on groceries?,"Create a budget, track your expenses, and look for discounts."
How can I save money on rent?,"Create a budget, track your expenses, and look for discounts."
How can I save money on utilities?,"Create a budget, track your expenses, and look for discounts."
How can I save money on entertainment?,"Create a budget, track your expenses, and look for discounts."
How can I save money on travel?,"Create a budget, track your expenses, and look for discounts."
How can I save money on groceries?,"Create a budget, track your expenses, and look for discounts."
How can I save money on rent?,"Create a budget, track your expenses, and look for discounts."
How can I save money on utilities?,"Create a budget, track your expenses, and look for discounts."
How can I save money on entertainment?,"Create a budget, track your expenses, and look for discounts."
How can I save money on travel?,"Create a budget, track your expenses, and look for discounts."
How can I save money on groceries?,"Create a budget, track your expenses, and look for discounts."
How can I save money on rent?,"Create a budget, track your expenses, and look for discounts."
How can I save money on utilities?,"Create a budget, track your expenses, and look for discounts."
How can I save money on entertainment?,"Create a budget, track your expenses, and look for discounts."
How can I save money on travel?,"Create a budget, track your expenses, and look for discounts."
How can I save money on groceries?,"Create a budget, track your expenses, and look for discounts."
How can I save money on rent?,"Create a budget, track your expenses, and look for discounts."
How can I save money on utilities?,"Create a budget, track your expenses, and look for discounts."
How can I save money on entertainment?,"Create a budget, track your expenses, and look for discounts."
How can I save money on travel?,"Create a budget, track your expenses, and look for discounts."
How can I save money on groceries?,"Create a budget, track your expenses, and look for discounts."
How can I save money on rent?,"Create a budget, track your expenses, and look for discounts."
How can I save money on utilities?,"Create a budget, track your expenses, and look for discounts."
How can I save money on entertainment?,"Create a budget, track your expenses, and look for discounts."
How can I save money on travel?,"Create a budget, track your expenses, and look for discounts."
How can I save money on groceries?,"Create a budget, track your expenses, and look for discounts."
How can I save money on rent?,"Create a budget, track your expenses, and look for discounts."
How can I save money on utilities?,"Create a budget, track your expenses, and look for discounts."
How can I save money on entertainment?,"Create a budget, track your expenses, and look for discounts."
How can I save money on travel?,"Create a budget, track your expenses, and look for discounts."
How can I save money on groceries?,"Create a budget, track your expenses, and look for discounts."
How can I save money on rent?,"Create a budget, track your expenses, and look for discounts."
How can I save money on utilities?,"Create a budget, track your expenses, and look for discounts."
How can I save money on entertainment?,"Create a budget, track your expenses, and look for discounts."
How can I save money on travel?,"Create a budget, track your expenses, and look for discounts."
How can I save money on groceries?,"Create a budget, track your expenses, and look for discounts."
How can I save money on rent?,"Create a budget, track your expenses, and look for discounts."
How can I save money on utilities?,"Create a budget, track your expenses, and look for discounts."
How can I save money on entertainment?,"Create a budget, track your expenses, and look for discounts."
How can I save money on travel?,"Create a budget, track your expenses, and look for discounts."
How can I save money on groceries?,"Create a budget, track your expenses, and look for discounts."
How can I save money on rent?,"Create a budget, track your expenses, and look for discounts."
How can I save money on utilities?,"Create a budget, track your expenses, and look for discounts."
How can I save money on entertainment?,"Create a budget, track your expenses, and look for discounts."
How can I save money on travel?,"Create a budget, track your expenses, and look for discounts."
How can I save money on groceries?,"Create a budget, track your expenses, and look for discounts."
How can I save money on rent?,"Create a budget, track your expenses, and look for discounts."
How can I save money on utilities?,"Create a budget, track your expenses, and look for discounts."
How can I save money on entertainment?,"Create a budget, track your expenses, and look for discounts."
How can I save money on travel?,"Create a budget, track your expenses, and look for discounts."
How can I save money on groceries?,"Create a budget, track your expenses, and look for discounts."
How can I save money on rent?,"Create a budget, track your expenses, and look for discounts."
How can I save money on utilities?,"Create a budget, track your expenses, and look for discounts."
How can I save money on entertainment?,"Create a budget, track your expenses, and look for discounts."
How can I save money on travel?,"Create a budget, track your expenses, and look for discounts."
How can I save money on groceries?,"Create a budget, track your expenses, and look for discounts."
How can I save money on rent?,"Create a budget, track your expenses, and look for discounts."
How can I save money on utilities?,"Create a budget, track your expenses, and look for discounts."
How can I save money on entertainment?,"Create a budget, track your expenses, and look for discounts."
How can I save money on travel?,"Create a budget, track your expenses, and look for discounts."
How can I save money on groceries?,"Create a budget, track your expenses, and look for discounts."
How can I save money on rent?,"Create a budget, track your expenses, and look for discounts."
How can I save money on utilities?,"Create a budget, track your expenses, and look for discounts."
How can I save money on entertainment?,"Create a budget, track your expenses, and look for discounts."
How can I save money on travel?,"Create a budget, track your expenses, and look for discounts."
How can I save money on groceries?,"Create a budget, track your expenses, and look for discounts."
How can I save money on rent?,"Create a budget, track your expenses, and look for discounts."
How can I save money on utilities?,"Create a budget, track your expenses, and look for discounts."
How can I save money on entertainment?,"Create a budget, track your expenses, and look for discounts."
How can I save money on travel?,"Create a budget, track your expenses, and look for discounts."
How can I save money on groceries?,"Create a budget, track your expenses, and look for discounts."
How can I save money on rent?,"Create a budget, track your expenses, and look for discounts."
How can I save money on utilities?,"Create a budget, track your expenses, and look for discounts."
How can I save money on entertainment?,"Create a budget, track your expenses, and look for discounts."
How can I save money on travel?,"Create a budget, track your expenses, and look for discounts."
How can I save money on groceries?,"Create a budget, track your expenses, and look for discounts."
How can I save money on rent?,"Create a budget, track your expenses, and look for discounts."
How can I save money on utilities?,"Create a budget, track your expenses, and look for discounts."
How can I save money on entertainment?,"Create a budget, track your expenses, and look for discounts."
How can I save money on travel?,"Create a budget, track your expenses, and look for discounts."
How can I save money on groceries?,"Create a budget, track your expenses, and look for discounts."
How can I save money on rent?,"Create a budget, track your expenses, and look for discounts."
How can I save money on utilities?,"Create a budget, track your expenses, and look for discounts."
How can I save money on entertainment?,"Create a budget, track your expenses, and look for discounts."
How can I save money on travel?,"Create a budget, track your expenses, and look for discounts."
How can I save money on groceries?,"Create a budget, track your expenses, and look for discounts."
How can I save money on rent?,"Create a budget, track your expenses, and look for discounts."
How can I save money on utilities?,"Create a budget, track your expenses, and look for discounts."
How can I save money on entertainment?,"Create a budget, track your expenses, and look for discounts."
How can I save money on travel?,"Create a budget, track your expenses, and look for discounts."
How can I save money on groceries?,"Create a budget, track your expenses, and look for discounts."
How can I save money on rent?,"Create a budget, track your expenses, and look for discounts."
How can I save money on utilities?,"Create a budget, track your expenses, and look for discounts."
How can I save money on entertainment?,"Create a budget, track your expenses, and look for discounts."
How can I save money on travel?,"Create a budget, track your expenses, and look for discounts."
How can I save money on groceries?,"Create a budget, track your expenses, and look for discounts."
How can I save money on rent?,"Create a budget, track your expenses, and look for discounts."
How can I save money on utilities?,"Create a budget, track your expenses, and look for discounts."
How can I save money on entertainment?,"Create a budget, track your expenses, and look for discounts."
How can I save money on travel?,"Create a budget, track your expenses, and look for discounts."
How can I save money on groceries?,"Create a budget, track your expenses, and look for discounts."
How can I save money on rent?,"Create a budget, track your expenses, and look for discounts."
How can I save money on utilities?,"Create a budget, track your expenses, and look for discounts."
How can I save money on entertainment?,"Create a budget, track your expenses, and look for discounts."
How can I save money on travel?,"Create a budget, track your expenses, and look for discounts."
How can I save money on groceries?,"Create a budget, track your expenses, and look for discounts."
How can I save money on rent?,"Create a budget, track your expenses, and look for discounts."
How can I save money on utilities?,"Create a budget, track your expenses, and look for discounts."
How can I save money on entertainment?,"Create a budget, track your expenses, and look for discounts."
How can I save money on travel?,"Create a budget, track your expenses, and look for discounts."
How can I save money on groceries?,"Create a budget, track your expenses, and look for discounts."
How can I save money on rent?,"Create a budget, track your expenses, and look for discounts."
How can I save money on utilities?,"Create a budget, track your expenses, and look for discounts."
How can I save money on entertainment?,"Create a budget, track your expenses, and look for discounts."
How can I save money on travel?,"Create a budget, track your expenses, and look for discounts."
How can I save money on groceries?,"Create a budget, track your expenses, and look for discounts."
How can I save money on rent?,"Create a budget, track your expenses, and look for discounts."
How can I save money on utilities?,"Create a budget, track your expenses, and look for discounts."
How can I save money on entertainment?,"Create a budget, track your expenses, and look for discounts."
How can I save money on travel?,"Create a budget, track your expenses, and look for discounts."
How can I save money on groceries?,"Create a budget, track your expenses, and look for discounts."
How can I save money on rent?,"Create a budget, track your expenses, and look for discounts."
How can I save money on utilities?,"Create a budget, track your expenses, and look for discounts."
How can I save money on entertainment?,"Create a budget, track your expenses, and look for discounts."
How can I save money on travel?,"Create a budget, track your expenses, and look for discounts."
How can I save money on groceries?,"Create a budget, track your expenses, and look for discounts."
How can I save money on rent?,"Create a budget, track your expenses, and look for discounts."
How can I save money on utilities?,"Create a budget, track your expenses, and look for discounts."
How can I save money on entertainment?,"Create a budget, track your expenses, and look for discounts."
How can I save money on travel?,"Create a budget, track your expenses, and look for discounts."
How can I save money on groceries?,"Create a budget, track your expenses, and look for discounts."
How can I save money on rent?,"Create a budget, track your expenses, and look for discounts."
How can I save money on utilities?,"Create a budget, track your expenses, and look for discounts."
How can I save money on entertainment?,"Create a budget, track your expenses, and look for discounts."
How can I save money on travel?,"Create a budget, track your expenses, and look for discounts."
How can I save money on groceries?,"Create a budget, track your expenses, and look for discounts."
How can I save money on rent?,"Create a budget, track your expenses, and look for discounts."
How can I save money on utilities?,"Create a budget, track your expenses, and look for discounts."
How can I save money on entertainment?,"Create a budget, track your expenses, and look for discounts."
How can I save money on travel?,"Create a budget, track your expenses, and look for discounts."
How can I save money on groceries?,"Create a budget, track your expenses, and look for discounts."
How can I save money on rent?,"Create a budget, track your expenses, and look for discounts."
How can I save money on utilities?,"Create a budget, track your expenses, and look for discounts."
How can I save money on entertainment?,"Create a budget, track your expenses, and look for discounts."
How can I save money on travel?,"Create a budget, track your expenses, and look for discounts."
How can I save money on groceries?,"Create a budget, track your expenses, and look for discounts."
How can I save money on rent?,"Create a budget, track your expenses, and look for discounts."
How can I save money on utilities?,"Create a budget, track your expenses, and look for discounts."
How can I save money on entertainment?,"Create a budget, track your expenses, and look for discounts."
How can I save money on travel?,"Create a budget, track your expenses, and look for discounts."
How can I save money on groceries?,"Create a budget, track your expenses, and look for discounts."
How can I save money on rent?,"Create a budget, track your expenses, and look for discounts."
How can I save money on utilities?,"Create a budget, track your expenses, and look for discounts."
How can I save money on entertainment?,"Create a budget, track your expenses, and look for discounts."
How can I save money on travel?,"Create a budget, track your expenses, and look for discounts."
How can I save money on groceries?,"Create a budget, track your expenses, and look for discounts."
How can I save money on rent?,"Create a budget, track your expenses, and look for discounts."
How can I save money on utilities?,"Create a budget, track your expenses, and look for discounts."
How can I save money on entertainment?,"Create a budget, track your expenses, and look for discounts."
How can I save money on travel?,"Create a budget, track your expenses, and look for discounts."
How can I save money on groceries?,"Create a budget, track your expenses, and look for discounts."
How can I save money on rent?,"Create a budget, track your expenses, and look for discounts."
How can I save money on utilities?,"Create a budget, track your expenses, and look for discounts."
How can I save money on entertainment?,"Create a budget, track your expenses, and look for discounts."
How can I save money on travel?,"Create a budget, track your expenses, and look for discounts."
How can I save money on groceries?,"Create a budget, track your expenses, and look for discounts."
How can I save money on rent?,"Create a budget, track your expenses, and look for discounts."
How can I save money on utilities?,"Create a budget, track your expenses, and look for discounts."
How can I save money on entertainment?,"Create a budget, track your expenses, and look for discounts."
How can I save money on travel?,"Create a budget, track your expenses, and look for discounts."
How can I save money on groceries?,"Create a budget, track your expenses, and look for discounts."
How can I save money on rent?,"Create a budget, track your expenses, and look for discounts."
How can I save money on utilities?,"Create a budget, track your expenses, and look for discounts."
How can I save money on entertainment?,"Create a budget, track your expenses, and look for discounts."
How can I save money on travel?,"Create a budget, track your expenses, and look for discounts."
How can I save money on groceries?,"Create a budget, track your expenses, and look for discounts."
How can I save money on rent?,"Create a budget, track your expenses, and look for discounts."
How can I save money on utilities?,"Create a budget, track your expenses, and look for discounts."
How can I save money on entertainment?,"Create a budget, track your expenses, and look for discounts."
How can I save money on travel?,"Create a budget, track your expenses, and look for discounts."
How can I save money on groceries?,"Create a budget, track your expenses, and look for discounts."
How can I save money on rent?,"Create a budget, track your expenses, and look for discounts."
How can I save money on utilities?,"Create a budget, track your expenses, and look for discounts."
How can I save money on entertainment?,"Create a budget, track your expenses, and look for discounts."
How can I save money on travel?,"Create a budget, track your expenses, and look for discounts."
How can I save money on groceries?,"Create a budget, track your expenses, and look for discounts."
How can I save money on rent?,"Create a budget, track your expenses, and look for discounts."
How can I save money on utilities?,"Create a budget, track your expenses, and look for discounts."
How can I save money on entertainment?,"Create a budget, track your expenses, and look for discounts."
How can I save money on travel?,"Create a budget, track your expenses, and look for discounts."
How can I save money on groceries?,"Create a budget, track your expenses, and look for discounts."
How can I save money on rent?,"Create a budget, track your expenses, and look for discounts."
How can I save money on utilities?,"Create a budget, track your expenses, and look for discounts."
How can I save money on entertainment?,"Create a budget, track your expenses, and look for discounts."
How can I save money on travel?,"Create a budget, track your expenses, and look for discounts."
How can I save money on groceries?,"Create a budget, track your expenses, and look for discounts."
How can I save money on rent?,"Create a budget, track your expenses, and look for discounts."
How can I save money on utilities?,"Create a budget, track your expenses, and look for discounts."
How can I save money on entertainment?,"Create a budget, track your expenses, and look for discounts."
How can I save money on travel?,"Create a budget, track your expenses, and look for discounts."
How can I save money on groceries?,"Create a budget, track your expenses, and look for discounts."
How can I save money on rent?,"Create a budget, track your expenses, and look for discounts."
How can I save money on utilities?,"Create a budget, track your expenses, and look for discounts."
How can I save money on entertainment?,"Create a budget, track your expenses, and look for discounts."
How can I save money on travel?,"Create a budget, track your expenses, and look for discounts."
How can I save money on groceries?,"Create a budget, track your expenses, and look for discounts."
How can I save money on rent?,"Create a budget, track your expenses, and look for discounts."
How can I save money on utilities?,"Create a budget, track your expenses, and look for discounts."
How can I save money on entertainment?,"Create a budget, track your expenses, and look for discounts."
How can I save money on travel?,"Create a budget, track your expenses, and look for discounts."
How can I save money on groceries?,"Create a budget, track your expenses, and look for discounts."
How can I save money on rent?,"Create a budget, track your expenses, and look for discounts."
How can I save money on utilities?,"Create a budget, track your expenses, and look for discounts."
How can I save money on entertainment?,"Create a budget, track your expenses, and look for discounts."
How can I save money on travel?,"Create a budget, track your expenses, and look for discounts."
How can I save money on groceries?,"Create a budget, track your expenses, and look for discounts."
How can I save money on rent?,"Create a budget, track your expenses, and look for discounts."
How can I save money on utilities?,"Create a budget, track your expenses, and look for discounts."
How can I save money on entertainment?,"Create a budget, track your expenses, and look for discounts."
How can I save money on travel?,"Create a budget, track your expenses, and look for discounts."
How can I save money on groceries?,"Create a budget, track your expenses, and look for discounts."
How can I save money on rent?,"Create a budget, track your expenses, and look for discounts."
How can I save money on utilities?,"Create a budget, track your expenses, and look for discounts."
How can I save money on entertainment?,"Create a budget, track your expenses, and look for discounts."
How can I save money on travel?,"Create a budget, track your expenses, and look for discounts."
How can I save money on groceries?,"Create a budget, track your expenses, and look for discounts."
How can I save money on rent?,"Create a budget, track your expenses, and look for discounts."
How can I save money on utilities?,"Create a budget, track your expenses, and look for discounts."
How can I save money on entertainment?,"Create a budget, track your expenses, and look for discounts."
How can I save money on travel?,"Create a budget, track your expenses, and look for discounts."
How can I save money on groceries?,"Create a budget, track your expenses, and look for discounts."
How can I save money on rent?,"Create a budget, track your expenses, and look for discounts."
How can I save money on utilities?,"Create a budget, track your expenses, and look for discounts."
How can I save money on entertainment?,"Create a budget, track your expenses, and look for discounts."
How can I save money on travel?,"Create a budget, track your expenses, and look for discounts."
How can I save money on groceries?,"Create a budget, track your expenses, and look for discounts."
How can I save money on rent?,"Create a budget, track your expenses, and look for discounts."
How can I save money on utilities?,"Create a budget, track your expenses, and look for discounts."
How can I save money on entertainment?,"Create a budget, track your expenses, and look for discounts."
How can I save money on travel?,"Create a budget, track your expenses, and look for discounts."
How can I save money on groceries?,"Create a budget, track your expenses, and look for discounts."
How can I save money on rent?,"Create a budget, track your expenses, and look for discounts."
How can I save money on utilities?,"Create a budget, track your expenses, and look for discounts."
How can I save money on entertainment?,"Create a budget, track your expenses, and look for discounts."
How can I save money on travel?,"Create a budget, track your expenses, and look for discounts."
How can I save money on groceries?,"Create a budget, track your expenses, and look for discounts."
How can I save money on rent?,"Create a budget, track your expenses, and look for discounts."
How can I save money on utilities?,"Create a budget, track your expenses, and look for discounts."
How can I save money on entertainment?,"Create a budget, track your expenses, and look for discounts."
How can I save money on travel?,"Create a budget, track your expenses, and look for discounts."
How can I save money on groceries?,"Create a budget, track your expenses, and look for discounts."
How can I save money on rent?,"Create a budget, track your expenses, and look for discounts."
How can I save money on utilities?,"Create a budget, track your expenses, and look for discounts."
How can I save money on entertainment?,"Create a budget, track your expenses, and look for discounts."
How can I save money on travel?,"Create a budget, track your expenses, and look for discounts."
How can I save money on groceries?,"Create a budget, track your expenses, and look for discounts."
How can I save money on rent?,"Create a budget, track your expenses, and look for discounts."
How can I save money on utilities?,"Create a budget, track your expenses, and look for discounts."
How can I save money on entertainment?,"Create a budget, track your expenses, and look for discounts."
How can I save money on travel?,"Create a budget, track your expenses, and look for discounts."
How can I save money on groceries?,"Create a budget, track your expenses, and look for discounts."
How can I save money on rent?,"Create a budget, track your expenses, and look for discounts."
How can I save money on utilities?,"Create a budget, track your expenses, and look for discounts."
How can I save money on entertainment?,"Create a budget, track your expenses, and look for discounts."
How can I save money on travel?,"Create a budget, track your expenses, and look for discounts."
How can I save money on groceries?,"Create a budget, track your expenses, and look for discounts."
How can I save money on rent?,"Create a budget, track your expenses, and look for discounts."
How can I save money on utilities?,"Create a budget, track your expenses, and look for discounts."
How can I save money on entertainment?,"Create a budget, track your expenses, and look for discounts."
How can I save money on travel?,"Create a budget, track your expenses, and look for discounts."
How can I save money on groceries?,"Create a budget, track your expenses, and look for discounts."
How can I save money on rent?,"Create a budget, track your expenses, and look for discounts."
How can I save money on utilities?,"Create a budget, track your expenses, and look for discounts."
How can I save money on entertainment?,"Create a budget, track your expenses, and look for discounts."
How can I save money on travel?,"Create a budget, track your expenses, and look for discounts."
How can I save money on groceries?,"Create a budget, track your expenses, and look for discounts."
How can I save money on rent?,"Create a budget, track your expenses, and look for discounts."
How can I save money on utilities?,"Create a budget, track your expenses, and look for discounts."
How can I save money on entertainment?,"Create a budget, track your expenses, and look for discounts."
How can I save money on travel?,"Create a budget, track your expenses, and look for discounts."
How can I save money on groceries?,"Create a budget, track your expenses, and look for discounts."
How can I save money on rent?,"Create a budget, track your expenses, and look for discounts."
How can I save money on utilities?,"Create a budget, track your expenses, and look for discounts."
How can I save money on entertainment?,"Create a budget, track your expenses, and look for discounts."
How can I save money on travel?,"Create a budget, track your expenses, and look for discounts."
How can I save money on groceries?,"Create a budget, track your expenses, and look for discounts."
How can I save money on rent?,"Create a budget, track your expenses, and look for discounts."
How can I save money on utilities?,"Create a budget, track your expenses, and look for discounts."
How can I save money on entertainment?,"Create a budget, track your expenses, and look for discounts."
How can I save money on travel?,"Create a budget, track your expenses, and look for discounts."
How can I save money on groceries?,"Create a budget, track your expenses, and look for discounts."
How can I save money on rent?,"Create a budget, track your expenses, and look for discounts."
How can I save money on utilities?,"Create a budget, track your expenses, and look for discounts."
How can I save money on entertainment?,"Create a budget, track your expenses, and look for discounts."
How can I save money on travel?,"Create a budget, track your expenses, and look for discounts."
How can I save money on groceries?,"Create a budget, track your expenses, and look for discounts."
How can I save money on rent?,"Create a budget, track your expenses, and look for discounts."
How can I save money on utilities?,"Create a budget, track your expenses, and look for discounts."
How can I save money on entertainment?,"Create a budget, track your expenses, and look for discounts."
How can I save money on travel?,"Create a budget, track your expenses, and look for discounts."
How can I save money on groceries?,"Create a budget, track your expenses, and look for discounts."
How can I save money on rent?,"Create a budget, track your expenses, and look for discounts."
How can I save money on utilities?,"Create a budget, track your expenses, and look for discounts."
How can I save money on entertainment?,"Create a budget, track your expenses, and look for discounts."
How can I save money on travel?,"Create a budget, track your expenses, and look for discounts."
How can I save money on groceries?,"Create a budget, track your expenses, and look for discounts."
How can I save money on rent?,"Create a budget, track your expenses, and look for discounts."
How can I save money on utilities?,"Create a budget, track your expenses, and look for discounts."
How can I save money on entertainment?,"Create a budget, track your expenses, and look for discounts."
How can I save money on travel?,"Create a budget, track your expenses, and look for discounts."
How can I save money on groceries?,"Create a budget, track your expenses, and look for discounts."
How can I save money on rent?,"Create a budget, track your expenses, and look for discounts."
How can I save money on utilities?,"Create a budget, track your expenses, and look for discounts."
How can I save money on entertainment?,"Create a budget, track your expenses, and look for discounts."
How can I save money on travel?,"Create a budget, track your expenses, and look for discounts."
