Recipe Name,Ingredients,Steps
Recipe 1,"Ingredient 1, Ingredient 2, Ingredient 3",Steps for Recipe 1
Recipe 2,"Ingredient 2, Ingredient 3, Ingredient 4",Steps for Recipe 2
Recipe 3,"Ingredient 3, Ingredient 4, Ingredient 5",Steps for Recipe 3
Recipe 4,"Ingredient 4, Ingredient 5, Ingredient 6",Steps for Recipe 4
Recipe 5,"Ingredient 5, Ingredient 6, Ingredient 7",Steps for Recipe 5
Recipe 6,"Ingredient 6, Ingredient 7, Ingredient 8",Steps for Recipe 6
Recipe 7,"Ingredient 7, Ingredient 8, Ingredient 9",Steps for Recipe 7
Recipe 8,"Ingredient 8, Ingredient 9, Ingredient 10",Steps for Recipe 8
Recipe 9,"Ingredient 9, Ingredient 10, Ingredient 11",Steps for Recipe 9
Recipe 10,"Ingredient 10, Ingredient 11, Ingredient 12",Steps for Recipe 10
Recipe 11,"Ingredient 11, Ingredient 12, Ingredient 13",Steps for Recipe 11
Recipe 12,"Ingredient 12, Ingredient 13, Ingredient 14",Steps for Recipe 12
Recipe 13,"Ingredient 13, Ingredient 14, Ingredient 15",Steps for Recipe 13
Recipe 14,"Ingredient 14, Ingredient 15, Ingredient 16",Steps for Recipe 14
Recipe 15,"Ingredient 15, Ingredient 16, Ingredient 17",Steps for Recipe 15
Recipe 16,"Ingredient 16, Ingredient 17, Ingredient 18",Steps for Recipe 16
Recipe 17,"Ingredient 17, Ingredient 18, Ingredient 19",Steps for Recipe 17
Recipe 18,"Ingredient 18, Ingredient 19, Ingredient 20",Steps for Recipe 18
Recipe 19,"Ingredient 19, Ingredient 20, Ingredient 21",Steps for Recipe 19
Recipe 20,"Ingredient 20, Ingredient 21, Ingredient 22",Steps for Recipe 20
Recipe 21,"Ingredient 21, Ingredient 22, Ingredient 23",Steps for Recipe 21
Recipe 22,"Ingredient 22, Ingredient 23, Ingredient 24",Steps for Recipe 22
Recipe 23,"Ingredient 23, Ingredient 24, Ingredient 25",Steps for Recipe 23
Recipe 24,"Ingredient 24, Ingredient 25, Ingredient 26",Steps for Recipe 24
Recipe 25,"Ingredient 25, Ingredient 26, Ingredient 27",Steps for Recipe 25
Recipe 26,"Ingredient 26, Ingredient 27, Ingredient 28",Steps for Recipe 26
Recipe 27,"Ingredient 27, Ingredient 28, Ingredient 29",Steps for Recipe 27
Recipe 28,"Ingredient 28, Ingredient 29, Ingredient 30",Steps for Recipe 28
Recipe 29,"Ingredient 29, Ingredient 30, Ingredient 31",Steps for Recipe 29
Recipe 30,"Ingredient 30, Ingredient 31, Ingredient 32",Steps for Recipe 30
Recipe 31,"Ingredient 31, Ingredient 32, Ingredient 33",Steps for Recipe 31
Recipe 32,"Ingredient 32, Ingredient 33, Ingredient 34",Steps for Recipe 32
Recipe 33,"Ingredient 33, Ingredient 34, Ingredient 35",Steps for Recipe 33
Recipe 34,"Ingredient 34, Ingredient 35, Ingredient 36",Steps for Recipe 34
Recipe 35,"Ingredient 35, Ingredient 36, Ingredient 37",Steps for Recipe 35
Recipe 36,"Ingredient 36, Ingredient 37, Ingredient 38",Steps for Recipe 36
Recipe 37,"Ingredient 37, Ingredient 38, Ingredient 39",Steps for Recipe 37
Recipe 38,"Ingredient 38, Ingredient 39, Ingredient 40",Steps for Recipe 38
Recipe 39,"Ingredient 39, Ingredient 40, Ingredient 41",Steps for Recipe 39
Recipe 40,"Ingredient 40, Ingredient 41, Ingredient 42",Steps for Recipe 40
Recipe 41,"Ingredient 41, Ingredient 42, Ingredient 43",Steps for Recipe 41
Recipe 42,"Ingredient 42, Ingredient 43, Ingredient 44",Steps for Recipe 42
Recipe 43,"Ingredient 43, Ingredient 44, Ingredient 45",Steps for Recipe 43
Recipe 44,"Ingredient 44, Ingredient 45, Ingredient 46",Steps for Recipe 44
Recipe 45,"Ingredient 45, Ingredient 46, Ingredient 47",Steps for Recipe 45
Recipe 46,"Ingredient 46, Ingredient 47, Ingredient 48",Steps for Recipe 46
Recipe 47,"Ingredient 47, Ingredient 48, Ingredient 49",Steps for Recipe 47
Recipe 48,"Ingredient 48, Ingredient 49, Ingredient 50",Steps for Recipe 48
Recipe 49,"Ingredient 49, Ingredient 50, Ingredient 51",Steps for Recipe 49
Recipe 50,"Ingredient 50, Ingredient 51, Ingredient 52",Steps for Recipe 50
Recipe 51,"Ingredient 51, Ingredient 52, Ingredient 53",Steps for Recipe 51
Recipe 52,"Ingredient 52, Ingredient 53, Ingredient 54",Steps for Recipe 52
Recipe 53,"Ingredient 53, Ingredient 54, Ingredient 55",Steps for Recipe 53
Recipe 54,"Ingredient 54, Ingredient 55, Ingredient 56",Steps for Recipe 54
Recipe 55,"Ingredient 55, Ingredient 56, Ingredient 57",Steps for Recipe 55
Recipe 56,"Ingredient 56, Ingredient 57, Ingredient 58",Steps for Recipe 56
Recipe 57,"Ingredient 57, Ingredient 58, Ingredient 59",Steps for Recipe 57
Recipe 58,"Ingredient 58, Ingredient 59, Ingredient 60",Steps for Recipe 58
Recipe 59,"Ingredient 59, Ingredient 60, Ingredient 61",Steps for Recipe 59
Recipe 60,"Ingredient 60, Ingredient 61, Ingredient 62",Steps for Recipe 60
Recipe 61,"Ingredient 61, Ingredient 62, Ingredient 63",Steps for Recipe 61
Recipe 62,"Ingredient 62, Ingredient 63, Ingredient 64",Steps for Recipe 62
Recipe 63,"Ingredient 63, Ingredient 64, Ingredient 65",Steps for Recipe 63
Recipe 64,"Ingredient 64, Ingredient 65, Ingredient 66",Steps for Recipe 64
Recipe 65,"Ingredient 65, Ingredient 66, Ingredient 67",Steps for Recipe 65
Recipe 66,"Ingredient 66, Ingredient 67, Ingredient 68",Steps for Recipe 66
Recipe 67,"Ingredient 67, Ingredient 68, Ingredient 69",Steps for Recipe 67
Recipe 68,"Ingredient 68, Ingredient 69, Ingredient 70",Steps for Recipe 68
Recipe 69,"Ingredient 69, Ingredient 70, Ingredient 71",Steps for Recipe 69
Recipe 70,"Ingredient 70, Ingredient 71, Ingredient 72",Steps for Recipe 70
Recipe 71,"Ingredient 71, Ingredient 72, Ingredient 73",Steps for Recipe 71
Recipe 72,"Ingredient 72, Ingredient 73, Ingredient 74",Steps for Recipe 72
Recipe 73,"Ingredient 73, Ingredient 74, Ingredient 75",Steps for Recipe 73
Recipe 74,"Ingredient 74, Ingredient 75, Ingredient 76",Steps for Recipe 74
Recipe 75,"Ingredient 75, Ingredient 76, Ingredient 77",Steps for Recipe 75
Recipe 76,"Ingredient 76, Ingredient 77, Ingredient 78",Steps for Recipe 76
Recipe 77,"Ingredient 77, Ingredient 78, Ingredient 79",Steps for Recipe 77
Recipe 78,"Ingredient 78, Ingredient 79, Ingredient 80",Steps for Recipe 78
Recipe 79,"Ingredient 79, Ingredient 80, Ingredient 81",Steps for Recipe 79
Recipe 80,"Ingredient 80, Ingredient 81, Ingredient 82",Steps for Recipe 80
Recipe 81,"Ingredient 81, Ingredient 82, Ingredient 83",Steps for Recipe 81
Recipe 82,"Ingredient 82, Ingredient 83, Ingredient 84",Steps for Recipe 82
Recipe 83,"Ingredient 83, Ingredient 84, Ingredient 85",Steps for Recipe 83
Recipe 84,"Ingredient 84, Ingredient 85, Ingredient 86",Steps for Recipe 84
Recipe 85,"Ingredient 85, Ingredient 86, Ingredient 87",Steps for Recipe 85
Recipe 86,"Ingredient 86, Ingredient 87, Ingredient 88",Steps for Recipe 86
Recipe 87,"Ingredient 87, Ingredient 88, Ingredient 89",Steps for Recipe 87
Recipe 88,"Ingredient 88, Ingredient 89, Ingredient 90",Steps for Recipe 88
Recipe 89,"Ingredient 89, Ingredient 90, Ingredient 91",Steps for Recipe 89
Recipe 90,"Ingredient 90, Ingredient 91, Ingredient 92",Steps for Recipe 90
Recipe 91,"Ingredient 91, Ingredient 92, Ingredient 93",Steps for Recipe 91
Recipe 92,"Ingredient 92, Ingredient 93, Ingredient 94",Steps for Recipe 92
Recipe 93,"Ingredient 93, Ingredient 94, Ingredient 95",Steps for Recipe 93
Recipe 94,"Ingredient 94, Ingredient 95, Ingredient 96",Steps for Recipe 94
Recipe 95,"Ingredient 95, Ingredient 96, Ingredient 97",Steps for Recipe 95
Recipe 96,"Ingredient 96, Ingredient 97, Ingredient 98",Steps for Recipe 96
Recipe 97,"Ingredient 97, Ingredient 98, Ingredient 99",Steps for Recipe 97
Recipe 98,"Ingredient 98, Ingredient 99, Ingredient 100",Steps for Recipe 98
Recipe 99,"Ingredient 99, Ingredient 100, Ingredient 101",Steps for Recipe 99
Recipe 100,"Ingredient 100, Ingredient 101, Ingredient 102",Steps for Recipe 100
Recipe 101,"Ingredient 101, Ingredient 102, Ingredient 103",Steps for Recipe 101
Recipe 102,"Ingredient 102, Ingredient 103, Ingredient 104",Steps for Recipe 102
Recipe 103,"Ingredient 103, Ingredient 104, Ingredient 105",Steps for Recipe 103
Recipe 104,"Ingredient 104, Ingredient 105, Ingredient 106",Steps for Recipe 104
Recipe 105,"Ingredient 105, Ingredient 106, Ingredient 107",Steps for Recipe 105
Recipe 106,"Ingredient 106, Ingredient 107, Ingredient 108",Steps for Recipe 106
Recipe 107,"Ingredient 107, Ingredient 108, Ingredient 109",Steps for Recipe 107
Recipe 108,"Ingredient 108, Ingredient 109, Ingredient 110",Steps for Recipe 108
Recipe 109,"Ingredient 109, Ingredient 110, Ingredient 111",Steps for Recipe 109
Recipe 110,"Ingredient 110, Ingredient 111, Ingredient 112",Steps for Recipe 110
Recipe 111,"Ingredient 111, Ingredient 112, Ingredient 113",Steps for Recipe 111
Recipe 112,"Ingredient 112, Ingredient 113, Ingredient 114",Steps for Recipe 112
Recipe 113,"Ingredient 113, Ingredient 114, Ingredient 115",Steps for Recipe 113
Recipe 114,"Ingredient 114, Ingredient 115, Ingredient 116",Steps for Recipe 114
Recipe 115,"Ingredient 115, Ingredient 116, Ingredient 117",Steps for Recipe 115
Recipe 116,"Ingredient 116, Ingredient 117, Ingredient 118",Steps for Recipe 116
Recipe 117,"Ingredient 117, Ingredient 118, Ingredient 119",Steps for Recipe 117
Recipe 118,"Ingredient 118, Ingredient 119, Ingredient 120",Steps for Recipe 118
Recipe 119,"Ingredient 119, Ingredient 120, Ingredient 121",Steps for Recipe 119
Recipe 120,"Ingredient 120, Ingredient 121, Ingredient 122",Steps for Recipe 120
Recipe 121,"Ingredient 121, Ingredient 122, Ingredient 123",Steps for Recipe 121
Recipe 122,"Ingredient 122, Ingredient 123, Ingredient 124",Steps for Recipe 122
Recipe 123,"Ingredient 123, Ingredient 124, Ingredient 125",Steps for Recipe 123
Recipe 124,"Ingredient 124, Ingredient 125, Ingredient 126",Steps for Recipe 124
Recipe 125,"Ingredient 125, Ingredient 126, Ingredient 127",Steps for Recipe 125
Recipe 126,"Ingredient 126, Ingredient 127, Ingredient 128",Steps for Recipe 126
Recipe 127,"Ingredient 127, Ingredient 128, Ingredient 129",Steps for Recipe 127
Recipe 128,"Ingredient 128, Ingredient 129, Ingredient 130",Steps for Recipe 128
Recipe 129,"Ingredient 129, Ingredient 130, Ingredient 131",Steps for Recipe 129
Recipe 130,"Ingredient 130, Ingredient 131, Ingredient 132",Steps for Recipe 130
Recipe 131,"Ingredient 131, Ingredient 132, Ingredient 133",Steps for Recipe 131
Recipe 132,"Ingredient 132, Ingredient 133, Ingredient 134",Steps for Recipe 132
Recipe 133,"Ingredient 133, Ingredient 134, Ingredient 135",Steps for Recipe 133
Recipe 134,"Ingredient 134, Ingredient 135, Ingredient 136",Steps for Recipe 134
Recipe 135,"Ingredient 135, Ingredient 136, Ingredient 137",Steps for Recipe 135
Recipe 136,"Ingredient 136, Ingredient 137, Ingredient 138",Steps for Recipe 136
Recipe 137,"Ingredient 137, Ingredient 138, Ingredient 139",Steps for Recipe 137
Recipe 138,"Ingredient 138, Ingredient 139, Ingredient 140",Steps for Recipe 138
Recipe 139,"Ingredient 139, Ingredient 140, Ingredient 141",Steps for Recipe 139
Recipe 140,"Ingredient 140, Ingredient 141, Ingredient 142",Steps for Recipe 140
Recipe 141,"Ingredient 141, Ingredient 142, Ingredient 143",Steps for Recipe 141
Recipe 142,"Ingredient 142, Ingredient 143, Ingredient 144",Steps for Recipe 142
Recipe 143,"Ingredient 143, Ingredient 144, Ingredient 145",Steps for Recipe 143
Recipe 144,"Ingredient 144, Ingredient 145, Ingredient 146",Steps for Recipe 144
Recipe 145,"Ingredient 145, Ingredient 146, Ingredient 147",Steps for Recipe 145
Recipe 146,"Ingredient 146, Ingredient 147, Ingredient 148",Steps for Recipe 146
Recipe 147,"Ingredient 147, Ingredient 148, Ingredient 149",Steps for Recipe 147
Recipe 148,"Ingredient 148, Ingredient 149, Ingredient 150",Steps for Recipe 148
Recipe 149,"Ingredient 149, Ingredient 150, Ingredient 151",Steps for Recipe 149
Recipe 150,"Ingredient 150, Ingredient 151, Ingredient 152",Steps for Recipe 150
Recipe 151,"Ingredient 151, Ingredient 152, Ingredient 153",Steps for Recipe 151
Recipe 152,"Ingredient 152, Ingredient 153, Ingredient 154",Steps for Recipe 152
Recipe 153,"Ingredient 153, Ingredient 154, Ingredient 155",Steps for Recipe 153
Recipe 154,"Ingredient 154, Ingredient 155, Ingredient 156",Steps for Recipe 154
Recipe 155,"Ingredient 155, Ingredient 156, Ingredient 157",Steps for Recipe 155
Recipe 156,"Ingredient 156, Ingredient 157, Ingredient 158",Steps for Recipe 156
Recipe 157,"Ingredient 157, Ingredient 158, Ingredient 159",Steps for Recipe 157
Recipe 158,"Ingredient 158, Ingredient 159, Ingredient 160",Steps for Recipe 158
Recipe 159,"Ingredient 159, Ingredient 160, Ingredient 161",Steps for Recipe 159
Recipe 160,"Ingredient 160, Ingredient 161, Ingredient 162",Steps for Recipe 160
Recipe 161,"Ingredient 161, Ingredient 162, Ingredient 163",Steps for Recipe 161
Recipe 162,"Ingredient 162, Ingredient 163, Ingredient 164",Steps for Recipe 162
Recipe 163,"Ingredient 163, Ingredient 164, Ingredient 165",Steps for Recipe 163
Recipe 164,"Ingredient 164, Ingredient 165, Ingredient 166",Steps for Recipe 164
Recipe 165,"Ingredient 165, Ingredient 166, Ingredient 167",Steps for Recipe 165
Recipe 166,"Ingredient 166, Ingredient 167, Ingredient 168",Steps for Recipe 166
Recipe 167,"Ingredient 167, Ingredient 168, Ingredient 169",Steps for Recipe 167
Recipe 168,"Ingredient 168, Ingredient 169, Ingredient 170",Steps for Recipe 168
Recipe 169,"Ingredient 169, Ingredient 170, Ingredient 171",Steps for Recipe 169
Recipe 170,"Ingredient 170, Ingredient 171, Ingredient 172",Steps for Recipe 170
Recipe 171,"Ingredient 171, Ingredient 172, Ingredient 173",Steps for Recipe 171
Recipe 172,"Ingredient 172, Ingredient 173, Ingredient 174",Steps for Recipe 172
Recipe 173,"Ingredient 173, Ingredient 174, Ingredient 175",Steps for Recipe 173
Recipe 174,"Ingredient 174, Ingredient 175, Ingredient 176",Steps for Recipe 174
Recipe 175,"Ingredient 175, Ingredient 176, Ingredient 177",Steps for Recipe 175
Recipe 176,"Ingredient 176, Ingredient 177, Ingredient 178",Steps for Recipe 176
Recipe 177,"Ingredient 177, Ingredient 178, Ingredient 179",Steps for Recipe 177
Recipe 178,"Ingredient 178, Ingredient 179, Ingredient 180",Steps for Recipe 178
Recipe 179,"Ingredient 179, Ingredient 180, Ingredient 181",Steps for Recipe 179
Recipe 180,"Ingredient 180, Ingredient 181, Ingredient 182",Steps for Recipe 180
Recipe 181,"Ingredient 181, Ingredient 182, Ingredient 183",Steps for Recipe 181
Recipe 182,"Ingredient 182, Ingredient 183, Ingredient 184",Steps for Recipe 182
Recipe 183,"Ingredient 183, Ingredient 184, Ingredient 185",Steps for Recipe 183
Recipe 184,"Ingredient 184, Ingredient 185, Ingredient 186",Steps for Recipe 184
Recipe 185,"Ingredient 185, Ingredient 186, Ingredient 187",Steps for Recipe 185
Recipe 186,"Ingredient 186, Ingredient 187, Ingredient 188",Steps for Recipe 186
Recipe 187,"Ingredient 187, Ingredient 188, Ingredient 189",Steps for Recipe 187
Recipe 188,"Ingredient 188, Ingredient 189, Ingredient 190",Steps for Recipe 188
Recipe 189,"Ingredient 189, Ingredient 190, Ingredient 191",Steps for Recipe 189
Recipe 190,"Ingredient 190, Ingredient 191, Ingredient 192",Steps for Recipe 190
Recipe 191,"Ingredient 191, Ingredient 192, Ingredient 193",Steps for Recipe 191
Recipe 192,"Ingredient 192, Ingredient 193, Ingredient 194",Steps for Recipe 192
Recipe 193,"Ingredient 193, Ingredient 194, Ingredient 195",Steps for Recipe 193
Recipe 194,"Ingredient 194, Ingredient 195, Ingredient 196",Steps for Recipe 194
Recipe 195,"Ingredient 195, Ingredient 196, Ingredient 197",Steps for Recipe 195
Recipe 196,"Ingredient 196, Ingredient 197, Ingredient 198",Steps for Recipe 196
Recipe 197,"Ingredient 197, Ingredient 198, Ingredient 199",Steps for Recipe 197
Recipe 198,"Ingredient 198, Ingredient 199, Ingredient 200",Steps for Recipe 198
Recipe 199,"Ingredient 199, Ingredient 200, Ingredient 201",Steps for Recipe 199
Recipe 200,"Ingredient 200, Ingredient 201, Ingredient 202",Steps for Recipe 200
Recipe 201,"Ingredient 201, Ingredient 202, Ingredient 203",Steps for Recipe 201
Recipe 202,"Ingredient 202, Ingredient 203, Ingredient 204",Steps for Recipe 202
Recipe 203,"Ingredient 203, Ingredient 204, Ingredient 205",Steps for Recipe 203
Recipe 204,"Ingredient 204, Ingredient 205, Ingredient 206",Steps for Recipe 204
Recipe 205,"Ingredient 205, Ingredient 206, Ingredient 207",Steps for Recipe 205
Recipe 206,"Ingredient 206, Ingredient 207, Ingredient 208",Steps for Recipe 206
Recipe 207,"Ingredient 207, Ingredient 208, Ingredient 209",Steps for Recipe 207
Recipe 208,"Ingredient 208, Ingredient 209, Ingredient 210",Steps for Recipe 208
Recipe 209,"Ingredient 209, Ingredient 210, Ingredient 211",Steps for Recipe 209
Recipe 210,"Ingredient 210, Ingredient 211, Ingredient 212",Steps for Recipe 210
Recipe 211,"Ingredient 211, Ingredient 212, Ingredient 213",Steps for Recipe 211
Recipe 212,"Ingredient 212, Ingredient 213, Ingredient 214",Steps for Recipe 212
Recipe 213,"Ingredient 213, Ingredient 214, Ingredient 215",Steps for Recipe 213
Recipe 214,"Ingredient 214, Ingredient 215, Ingredient 216",Steps for Recipe 214
Recipe 215,"Ingredient 215, Ingredient 216, Ingredient 217",Steps for Recipe 215
Recipe 216,"Ingredient 216, Ingredient 217, Ingredient 218",Steps for Recipe 216
Recipe 217,"Ingredient 217, Ingredient 218, Ingredient 219",Steps for Recipe 217
Recipe 218,"Ingredient 218, Ingredient 219, Ingredient 220",Steps for Recipe 218
Recipe 219,"Ingredient 219, Ingredient 220, Ingredient 221",Steps for Recipe 219
Recipe 220,"Ingredient 220, Ingredient 221, Ingredient 222",Steps for Recipe 220
Recipe 221,"Ingredient 221, Ingredient 222, Ingredient 223",Steps for Recipe 221
Recipe 222,"Ingredient 222, Ingredient 223, Ingredient 224",Steps for Recipe 222
Recipe 223,"Ingredient 223, Ingredient 224, Ingredient 225",Steps for Recipe 223
Recipe 224,"Ingredient 224, Ingredient 225, Ingredient 226",Steps for Recipe 224
Recipe 225,"Ingredient 225, Ingredient 226, Ingredient 227",Steps for Recipe 225
Recipe 226,"Ingredient 226, Ingredient 227, Ingredient 228",Steps for Recipe 226
Recipe 227,"Ingredient 227, Ingredient 228, Ingredient 229",Steps for Recipe 227
Recipe 228,"Ingredient 228, Ingredient 229, Ingredient 230",Steps for Recipe 228
Recipe 229,"Ingredient 229, Ingredient 230, Ingredient 231",Steps for Recipe 229
Recipe 230,"Ingredient 230, Ingredient 231, Ingredient 232",Steps for Recipe 230
Recipe 231,"Ingredient 231, Ingredient 232, Ingredient 233",Steps for Recipe 231
Recipe 232,"Ingredient 232, Ingredient 233, Ingredient 234",Steps for Recipe 232
Recipe 233,"Ingredient 233, Ingredient 234, Ingredient 235",Steps for Recipe 233
Recipe 234,"Ingredient 234, Ingredient 235, Ingredient 236",Steps for Recipe 234
Recipe 235,"Ingredient 235, Ingredient 236, Ingredient 237",Steps for Recipe 235
Recipe 236,"Ingredient 236, Ingredient 237, Ingredient 238",Steps for Recipe 236
Recipe 237,"Ingredient 237, Ingredient 238, Ingredient 239",Steps for Recipe 237
Recipe 238,"Ingredient 238, Ingredient 239, Ingredient 240",Steps for Recipe 238
Recipe 239,"Ingredient 239, Ingredient 240, Ingredient 241",Steps for Recipe 239
Recipe 240,"Ingredient 240, Ingredient 241, Ingredient 242",Steps for Recipe 240
Recipe 241,"Ingredient 241, Ingredient 242, Ingredient 243",Steps for Recipe 241
Recipe 242,"Ingredient 242, Ingredient 243, Ingredient 244",Steps for Recipe 242
Recipe 243,"Ingredient 243, Ingredient 244, Ingredient 245",Steps for Recipe 243
Recipe 244,"Ingredient 244, Ingredient 245, Ingredient 246",Steps for Recipe 244
Recipe 245,"Ingredient 245, Ingredient 246, Ingredient 247",Steps for Recipe 245
Recipe 246,"Ingredient 246, Ingredient 247, Ingredient 248",Steps for Recipe 246
Recipe 247,"Ingredient 247, Ingredient 248, Ingredient 249",Steps for Recipe 247
Recipe 248,"Ingredient 248, Ingredient 249, Ingredient 250",Steps for Recipe 248
Recipe 249,"Ingredient 249, Ingredient 250, Ingredient 251",Steps for Recipe 249
Recipe 250,"Ingredient 250, Ingredient 251, Ingredient 252",Steps for Recipe 250
Recipe 251,"Ingredient 251, Ingredient 252, Ingredient 253",Steps for Recipe 251
Recipe 252,"Ingredient 252, Ingredient 253, Ingredient 254",Steps for Recipe 252
Recipe 253,"Ingredient 253, Ingredient 254, Ingredient 255",Steps for Recipe 253
Recipe 254,"Ingredient 254, Ingredient 255, Ingredient 256",Steps for Recipe 254
Recipe 255,"Ingredient 255, Ingredient 256, Ingredient 257",Steps for Recipe 255
Recipe 256,"Ingredient 256, Ingredient 257, Ingredient 258",Steps for Recipe 256
Recipe 257,"Ingredient 257, Ingredient 258, Ingredient 259",Steps for Recipe 257
Recipe 258,"Ingredient 258, Ingredient 259, Ingredient 260",Steps for Recipe 258
Recipe 259,"Ingredient 259, Ingredient 260, Ingredient 261",Steps for Recipe 259
Recipe 260,"Ingredient 260, Ingredient 261, Ingredient 262",Steps for Recipe 260
Recipe 261,"Ingredient 261, Ingredient 262, Ingredient 263",Steps for Recipe 261
Recipe 262,"Ingredient 262, Ingredient 263, Ingredient 264",Steps for Recipe 262
Recipe 263,"Ingredient 263, Ingredient 264, Ingredient 265",Steps for Recipe 263
Recipe 264,"Ingredient 264, Ingredient 265, Ingredient 266",Steps for Recipe 264
Recipe 265,"Ingredient 265, Ingredient 266, Ingredient 267",Steps for Recipe 265
Recipe 266,"Ingredient 266, Ingredient 267, Ingredient 268",Steps for Recipe 266
Recipe 267,"Ingredient 267, Ingredient 268, Ingredient 269",Steps for Recipe 267
Recipe 268,"Ingredient 268, Ingredient 269, Ingredient 270",Steps for Recipe 268
Recipe 269,"Ingredient 269, Ingredient 270, Ingredient 271",Steps for Recipe 269
Recipe 270,"Ingredient 270, Ingredient 271, Ingredient 272",Steps for Recipe 270
Recipe 271,"Ingredient 271, Ingredient 272, Ingredient 273",Steps for Recipe 271
Recipe 272,"Ingredient 272, Ingredient 273, Ingredient 274",Steps for Recipe 272
Recipe 273,"Ingredient 273, Ingredient 274, Ingredient 275",Steps for Recipe 273
Recipe 274,"Ingredient 274, Ingredient 275, Ingredient 276",Steps for Recipe 274
Recipe 275,"Ingredient 275, Ingredient 276, Ingredient 277",Steps for Recipe 275
Recipe 276,"Ingredient 276, Ingredient 277, Ingredient 278",Steps for Recipe 276
Recipe 277,"Ingredient 277, Ingredient 278, Ingredient 279",Steps for Recipe 277
Recipe 278,"Ingredient 278, Ingredient 279, Ingredient 280",Steps for Recipe 278
Recipe 279,"Ingredient 279, Ingredient 280, Ingredient 281",Steps for Recipe 279
Recipe 280,"Ingredient 280, Ingredient 281, Ingredient 282",Steps for Recipe 280
Recipe 281,"Ingredient 281, Ingredient 282, Ingredient 283",Steps for Recipe 281
Recipe 282,"Ingredient 282, Ingredient 283, Ingredient 284",Steps for Recipe 282
Recipe 283,"Ingredient 283, Ingredient 284, Ingredient 285",Steps for Recipe 283
Recipe 284,"Ingredient 284, Ingredient 285, Ingredient 286",Steps for Recipe 284
Recipe 285,"Ingredient 285, Ingredient 286, Ingredient 287",Steps for Recipe 285
Recipe 286,"Ingredient 286, Ingredient 287, Ingredient 288",Steps for Recipe 286
Recipe 287,"Ingredient 287, Ingredient 288, Ingredient 289",Steps for Recipe 287
Recipe 288,"Ingredient 288, Ingredient 289, Ingredient 290",Steps for Recipe 288
Recipe 289,"Ingredient 289, Ingredient 290, Ingredient 291",Steps for Recipe 289
Recipe 290,"Ingredient 290, Ingredient 291, Ingredient 292",Steps for Recipe 290
Recipe 291,"Ingredient 291, Ingredient 292, Ingredient 293",Steps for Recipe 291
Recipe 292,"Ingredient 292, Ingredient 293, Ingredient 294",Steps for Recipe 292
Recipe 293,"Ingredient 293, Ingredient 294, Ingredient 295",Steps for Recipe 293
Recipe 294,"Ingredient 294, Ingredient 295, Ingredient 296",Steps for Recipe 294
Recipe 295,"Ingredient 295, Ingredient 296, Ingredient 297",Steps for Recipe 295
Recipe 296,"Ingredient 296, Ingredient 297, Ingredient 298",Steps for Recipe 296
Recipe 297,"Ingredient 297, Ingredient 298, Ingredient 299",Steps for Recipe 297
Recipe 298,"Ingredient 298, Ingredient 299, Ingredient 300",Steps for Recipe 298
Recipe 299,"Ingredient 299, Ingredient 300, Ingredient 301",Steps for Recipe 299
Recipe 300,"Ingredient 300, Ingredient 301, Ingredient 302",Steps for Recipe 300
Recipe 301,"Ingredient 301, Ingredient 302, Ingredient 303",Steps for Recipe 301
Recipe 302,"Ingredient 302, Ingredient 303, Ingredient 304",Steps for Recipe 302
Recipe 303,"Ingredient 303, Ingredient 304, Ingredient 305",Steps for Recipe 303
Recipe 304,"Ingredient 304, Ingredient 305, Ingredient 306",Steps for Recipe 304
Recipe 305,"Ingredient 305, Ingredient 306, Ingredient 307",Steps for Recipe 305
Recipe 306,"Ingredient 306, Ingredient 307, Ingredient 308",Steps for Recipe 306
Recipe 307,"Ingredient 307, Ingredient 308, Ingredient 309",Steps for Recipe 307
Recipe 308,"Ingredient 308, Ingredient 309, Ingredient 310",Steps for Recipe 308
Recipe 309,"Ingredient 309, Ingredient 310, Ingredient 311",Steps for Recipe 309
Recipe 310,"Ingredient 310, Ingredient 311, Ingredient 312",Steps for Recipe 310
Recipe 311,"Ingredient 311, Ingredient 312, Ingredient 313",Steps for Recipe 311
Recipe 312,"Ingredient 312, Ingredient 313, Ingredient 314",Steps for Recipe 312
Recipe 313,"Ingredient 313, Ingredient 314, Ingredient 315",Steps for Recipe 313
Recipe 314,"Ingredient 314, Ingredient 315, Ingredient 316",Steps for Recipe 314
Recipe 315,"Ingredient 315, Ingredient 316, Ingredient 317",Steps for Recipe 315
Recipe 316,"Ingredient 316, Ingredient 317, Ingredient 318",Steps for Recipe 316
Recipe 317,"Ingredient 317, Ingredient 318, Ingredient 319",Steps for Recipe 317
Recipe 318,"Ingredient 318, Ingredient 319, Ingredient 320",Steps for Recipe 318
Recipe 319,"Ingredient 319, Ingredient 320, Ingredient 321",Steps for Recipe 319
Recipe 320,"Ingredient 320, Ingredient 321, Ingredient 322",Steps for Recipe 320
Recipe 321,"Ingredient 321, Ingredient 322, Ingredient 323",Steps for Recipe 321
Recipe 322,"Ingredient 322, Ingredient 323, Ingredient 324",Steps for Recipe 322
Recipe 323,"Ingredient 323, Ingredient 324, Ingredient 325",Steps for Recipe 323
Recipe 324,"Ingredient 324, Ingredient 325, Ingredient 326",Steps for Recipe 324
Recipe 325,"Ingredient 325, Ingredient 326, Ingredient 327",Steps for Recipe 325
Recipe 326,"Ingredient 326, Ingredient 327, Ingredient 328",Steps for Recipe 326
Recipe 327,"Ingredient 327, Ingredient 328, Ingredient 329",Steps for Recipe 327
Recipe 328,"Ingredient 328, Ingredient 329, Ingredient 330",Steps for Recipe 328
Recipe 329,"Ingredient 329, Ingredient 330, Ingredient 331",Steps for Recipe 329
Recipe 330,"Ingredient 330, Ingredient 331, Ingredient 332",Steps for Recipe 330
Recipe 331,"Ingredient 331, Ingredient 332, Ingredient 333",Steps for Recipe 331
Recipe 332,"Ingredient 332, Ingredient 333, Ingredient 334",Steps for Recipe 332
Recipe 333,"Ingredient 333, Ingredient 334, Ingredient 335",Steps for Recipe 333
Recipe 334,"Ingredient 334, Ingredient 335, Ingredient 336",Steps for Recipe 334
Recipe 335,"Ingredient 335, Ingredient 336, Ingredient 337",Steps for Recipe 335
Recipe 336,"Ingredient 336, Ingredient 337, Ingredient 338",Steps for Recipe 336
Recipe 337,"Ingredient 337, Ingredient 338, Ingredient 339",Steps for Recipe 337
Recipe 338,"Ingredient 338, Ingredient 339, Ingredient 340",Steps for Recipe 338
Recipe 339,"Ingredient 339, Ingredient 340, Ingredient 341",Steps for Recipe 339
Recipe 340,"Ingredient 340, Ingredient 341, Ingredient 342",Steps for Recipe 340
Recipe 341,"Ingredient 341, Ingredient 342, Ingredient 343",Steps for Recipe 341
Recipe 342,"Ingredient 342, Ingredient 343, Ingredient 344",Steps for Recipe 342
Recipe 343,"Ingredient 343, Ingredient 344, Ingredient 345",Steps for Recipe 343
Recipe 344,"Ingredient 344, Ingredient 345, Ingredient 346",Steps for Recipe 344
Recipe 345,"Ingredient 345, Ingredient 346, Ingredient 347",Steps for Recipe 345
Recipe 346,"Ingredient 346, Ingredient 347, Ingredient 348",Steps for Recipe 346
Recipe 347,"Ingredient 347, Ingredient 348, Ingredient 349",Steps for Recipe 347
Recipe 348,"Ingredient 348, Ingredient 349, Ingredient 350",Steps for Recipe 348
Recipe 349,"Ingredient 349, Ingredient 350, Ingredient 351",Steps for Recipe 349
Recipe 350,"Ingredient 350, Ingredient 351, Ingredient 352",Steps for Recipe 350
Recipe 351,"Ingredient 351, Ingredient 352, Ingredient 353",Steps for Recipe 351
Recipe 352,"Ingredient 352, Ingredient 353, Ingredient 354",Steps for Recipe 352
Recipe 353,"Ingredient 353, Ingredient 354, Ingredient 355",Steps for Recipe 353
Recipe 354,"Ingredient 354, Ingredient 355, Ingredient 356",Steps for Recipe 354
Recipe 355,"Ingredient 355, Ingredient 356, Ingredient 357",Steps for Recipe 355
Recipe 356,"Ingredient 356, Ingredient 357, Ingredient 358",Steps for Recipe 356
Recipe 357,"Ingredient 357, Ingredient 358, Ingredient 359",Steps for Recipe 357
Recipe 358,"Ingredient 358, Ingredient 359, Ingredient 360",Steps for Recipe 358
Recipe 359,"Ingredient 359, Ingredient 360, Ingredient 361",Steps for Recipe 359
Recipe 360,"Ingredient 360, Ingredient 361, Ingredient 362",Steps for Recipe 360
Recipe 361,"Ingredient 361, Ingredient 362, Ingredient 363",Steps for Recipe 361
Recipe 362,"Ingredient 362, Ingredient 363, Ingredient 364",Steps for Recipe 362
Recipe 363,"Ingredient 363, Ingredient 364, Ingredient 365",Steps for Recipe 363
Recipe 364,"Ingredient 364, Ingredient 365, Ingredient 366",Steps for Recipe 364
Recipe 365,"Ingredient 365, Ingredient 366, Ingredient 367",Steps for Recipe 365
Recipe 366,"Ingredient 366, Ingredient 367, Ingredient 368",Steps for Recipe 366
Recipe 367,"Ingredient 367, Ingredient 368, Ingredient 369",Steps for Recipe 367
Recipe 368,"Ingredient 368, Ingredient 369, Ingredient 370",Steps for Recipe 368
Recipe 369,"Ingredient 369, Ingredient 370, Ingredient 371",Steps for Recipe 369
Recipe 370,"Ingredient 370, Ingredient 371, Ingredient 372",Steps for Recipe 370
Recipe 371,"Ingredient 371, Ingredient 372, Ingredient 373",Steps for Recipe 371
Recipe 372,"Ingredient 372, Ingredient 373, Ingredient 374",Steps for Recipe 372
Recipe 373,"Ingredient 373, Ingredient 374, Ingredient 375",Steps for Recipe 373
Recipe 374,"Ingredient 374, Ingredient 375, Ingredient 376",Steps for Recipe 374
Recipe 375,"Ingredient 375, Ingredient 376, Ingredient 377",Steps for Recipe 375
Recipe 376,"Ingredient 376, Ingredient 377, Ingredient 378",Steps for Recipe 376
Recipe 377,"Ingredient 377, Ingredient 378, Ingredient 379",Steps for Recipe 377
Recipe 378,"Ingredient 378, Ingredient 379, Ingredient 380",Steps for Recipe 378
Recipe 379,"Ingredient 379, Ingredient 380, Ingredient 381",Steps for Recipe 379
Recipe 380,"Ingredient 380, Ingredient 381, Ingredient 382",Steps for Recipe 380
Recipe 381,"Ingredient 381, Ingredient 382, Ingredient 383",Steps for Recipe 381
Recipe 382,"Ingredient 382, Ingredient 383, Ingredient 384",Steps for Recipe 382
Recipe 383,"Ingredient 383, Ingredient 384, Ingredient 385",Steps for Recipe 383
Recipe 384,"Ingredient 384, Ingredient 385, Ingredient 386",Steps for Recipe 384
Recipe 385,"Ingredient 385, Ingredient 386, Ingredient 387",Steps for Recipe 385
Recipe 386,"Ingredient 386, Ingredient 387, Ingredient 388",Steps for Recipe 386
Recipe 387,"Ingredient 387, Ingredient 388, Ingredient 389",Steps for Recipe 387
Recipe 388,"Ingredient 388, Ingredient 389, Ingredient 390",Steps for Recipe 388
Recipe 389,"Ingredient 389, Ingredient 390, Ingredient 391",Steps for Recipe 389
Recipe 390,"Ingredient 390, Ingredient 391, Ingredient 392",Steps for Recipe 390
Recipe 391,"Ingredient 391, Ingredient 392, Ingredient 393",Steps for Recipe 391
Recipe 392,"Ingredient 392, Ingredient 393, Ingredient 394",Steps for Recipe 392
Recipe 393,"Ingredient 393, Ingredient 394, Ingredient 395",Steps for Recipe 393
Recipe 394,"Ingredient 394, Ingredient 395, Ingredient 396",Steps for Recipe 394
Recipe 395,"Ingredient 395, Ingredient 396, Ingredient 397",Steps for Recipe 395
Recipe 396,"Ingredient 396, Ingredient 397, Ingredient 398",Steps for Recipe 396
Recipe 397,"Ingredient 397, Ingredient 398, Ingredient 399",Steps for Recipe 397
Recipe 398,"Ingredient 398, Ingredient 399, Ingredient 400",Steps for Recipe 398
Recipe 399,"Ingredient 399, Ingredient 400, Ingredient 401",Steps for Recipe 399
Recipe 400,"Ingredient 400, Ingredient 401, Ingredient 402",Steps for Recipe 400
Recipe 401,"Ingredient 401, Ingredient 402, Ingredient 403",Steps for Recipe 401
Recipe 402,"Ingredient 402, Ingredient 403, Ingredient 404",Steps for Recipe 402
Recipe 403,"Ingredient 403, Ingredient 404, Ingredient 405",Steps for Recipe 403
Recipe 404,"Ingredient 404, Ingredient 405, Ingredient 406",Steps for Recipe 404
Recipe 405,"Ingredient 405, Ingredient 406, Ingredient 407",Steps for Recipe 405
Recipe 406,"Ingredient 406, Ingredient 407, Ingredient 408",Steps for Recipe 406
Recipe 407,"Ingredient 407, Ingredient 408, Ingredient 409",Steps for Recipe 407
Recipe 408,"Ingredient 408, Ingredient 409, Ingredient 410",Steps for Recipe 408
Recipe 409,"Ingredient 409, Ingredient 410, Ingredient 411",Steps for Recipe 409
Recipe 410,"Ingredient 410, Ingredient 411, Ingredient 412",Steps for Recipe 410
Recipe 411,"Ingredient 411, Ingredient 412, Ingredient 413",Steps for Recipe 411
Recipe 412,"Ingredient 412, Ingredient 413, Ingredient 414",Steps for Recipe 412
Recipe 413,"Ingredient 413, Ingredient 414, Ingredient 415",Steps for Recipe 413
Recipe 414,"Ingredient 414, Ingredient 415, Ingredient 416",Steps for Recipe 414
Recipe 415,"Ingredient 415, Ingredient 416, Ingredient 417",Steps for Recipe 415
Recipe 416,"Ingredient 416, Ingredient 417, Ingredient 418",Steps for Recipe 416
Recipe 417,"Ingredient 417, Ingredient 418, Ingredient 419",Steps for Recipe 417
Recipe 418,"Ingredient 418, Ingredient 419, Ingredient 420",Steps for Recipe 418
Recipe 419,"Ingredient 419, Ingredient 420, Ingredient 421",Steps for Recipe 419
Recipe 420,"Ingredient 420, Ingredient 421, Ingredient 422",Steps for Recipe 420
Recipe 421,"Ingredient 421, Ingredient 422, Ingredient 423",Steps for Recipe 421
Recipe 422,"Ingredient 422, Ingredient 423, Ingredient 424",Steps for Recipe 422
Recipe 423,"Ingredient 423, Ingredient 424, Ingredient 425",Steps for Recipe 423
Recipe 424,"Ingredient 424, Ingredient 425, Ingredient 426",Steps for Recipe 424
Recipe 425,"Ingredient 425, Ingredient 426, Ingredient 427",Steps for Recipe 425
Recipe 426,"Ingredient 426, Ingredient 427, Ingredient 428",Steps for Recipe 426
Recipe 427,"Ingredient 427, Ingredient 428, Ingredient 429",Steps for Recipe 427
Recipe 428,"Ingredient 428, Ingredient 429, Ingredient 430",Steps for Recipe 428
Recipe 429,"Ingredient 429, Ingredient 430, Ingredient 431",Steps for Recipe 429
Recipe 430,"Ingredient 430, Ingredient 431, Ingredient 432",Steps for Recipe 430
Recipe 431,"Ingredient 431, Ingredient 432, Ingredient 433",Steps for Recipe 431
Recipe 432,"Ingredient 432, Ingredient 433, Ingredient 434",Steps for Recipe 432
Recipe 433,"Ingredient 433, Ingredient 434, Ingredient 435",Steps for Recipe 433
Recipe 434,"Ingredient 434, Ingredient 435, Ingredient 436",Steps for Recipe 434
Recipe 435,"Ingredient 435, Ingredient 436, Ingredient 437",Steps for Recipe 435
Recipe 436,"Ingredient 436, Ingredient 437, Ingredient 438",Steps for Recipe 436
Recipe 437,"Ingredient 437, Ingredient 438, Ingredient 439",Steps for Recipe 437
Recipe 438,"Ingredient 438, Ingredient 439, Ingredient 440",Steps for Recipe 438
Recipe 439,"Ingredient 439, Ingredient 440, Ingredient 441",Steps for Recipe 439
Recipe 440,"Ingredient 440, Ingredient 441, Ingredient 442",Steps for Recipe 440
Recipe 441,"Ingredient 441, Ingredient 442, Ingredient 443",Steps for Recipe 441
Recipe 442,"Ingredient 442, Ingredient 443, Ingredient 444",Steps for Recipe 442
Recipe 443,"Ingredient 443, Ingredient 444, Ingredient 445",Steps for Recipe 443
Recipe 444,"Ingredient 444, Ingredient 445, Ingredient 446",Steps for Recipe 444
Recipe 445,"Ingredient 445, Ingredient 446, Ingredient 447",Steps for Recipe 445
Recipe 446,"Ingredient 446, Ingredient 447, Ingredient 448",Steps for Recipe 446
Recipe 447,"Ingredient 447, Ingredient 448, Ingredient 449",Steps for Recipe 447
Recipe 448,"Ingredient 448, Ingredient 449, Ingredient 450",Steps for Recipe 448
Recipe 449,"Ingredient 449, Ingredient 450, Ingredient 451",Steps for Recipe 449
Recipe 450,"Ingredient 450, Ingredient 451, Ingredient 452",Steps for Recipe 450
Recipe 451,"Ingredient 451, Ingredient 452, Ingredient 453",Steps for Recipe 451
Recipe 452,"Ingredient 452, Ingredient 453, Ingredient 454",Steps for Recipe 452
Recipe 453,"Ingredient 453, Ingredient 454, Ingredient 455",Steps for Recipe 453
Recipe 454,"Ingredient 454, Ingredient 455, Ingredient 456",Steps for Recipe 454
Recipe 455,"Ingredient 455, Ingredient 456, Ingredient 457",Steps for Recipe 455
Recipe 456,"Ingredient 456, Ingredient 457, Ingredient 458",Steps for Recipe 456
Recipe 457,"Ingredient 457, Ingredient 458, Ingredient 459",Steps for Recipe 457
Recipe 458,"Ingredient 458, Ingredient 459, Ingredient 460",Steps for Recipe 458
Recipe 459,"Ingredient 459, Ingredient 460, Ingredient 461",Steps for Recipe 459
Recipe 460,"Ingredient 460, Ingredient 461, Ingredient 462",Steps for Recipe 460
Recipe 461,"Ingredient 461, Ingredient 462, Ingredient 463",Steps for Recipe 461
Recipe 462,"Ingredient 462, Ingredient 463, Ingredient 464",Steps for Recipe 462
Recipe 463,"Ingredient 463, Ingredient 464, Ingredient 465",Steps for Recipe 463
Recipe 464,"Ingredient 464, Ingredient 465, Ingredient 466",Steps for Recipe 464
Recipe 465,"Ingredient 465, Ingredient 466, Ingredient 467",Steps for Recipe 465
Recipe 466,"Ingredient 466, Ingredient 467, Ingredient 468",Steps for Recipe 466
Recipe 467,"Ingredient 467, Ingredient 468, Ingredient 469",Steps for Recipe 467
Recipe 468,"Ingredient 468, Ingredient 469, Ingredient 470",Steps for Recipe 468
Recipe 469,"Ingredient 469, Ingredient 470, Ingredient 471",Steps for Recipe 469
Recipe 470,"Ingredient 470, Ingredient 471, Ingredient 472",Steps for Recipe 470
Recipe 471,"Ingredient 471, Ingredient 472, Ingredient 473",Steps for Recipe 471
Recipe 472,"Ingredient 472, Ingredient 473, Ingredient 474",Steps for Recipe 472
Recipe 473,"Ingredient 473, Ingredient 474, Ingredient 475",Steps for Recipe 473
Recipe 474,"Ingredient 474, Ingredient 475, Ingredient 476",Steps for Recipe 474
Recipe 475,"Ingredient 475, Ingredient 476, Ingredient 477",Steps for Recipe 475
Recipe 476,"Ingredient 476, Ingredient 477, Ingredient 478",Steps for Recipe 476
Recipe 477,"Ingredient 477, Ingredient 478, Ingredient 479",Steps for Recipe 477
Recipe 478,"Ingredient 478, Ingredient 479, Ingredient 480",Steps for Recipe 478
Recipe 479,"Ingredient 479, Ingredient 480, Ingredient 481",Steps for Recipe 479
Recipe 480,"Ingredient 480, Ingredient 481, Ingredient 482",Steps for Recipe 480
Recipe 481,"Ingredient 481, Ingredient 482, Ingredient 483",Steps for Recipe 481
Recipe 482,"Ingredient 482, Ingredient 483, Ingredient 484",Steps for Recipe 482
Recipe 483,"Ingredient 483, Ingredient 484, Ingredient 485",Steps for Recipe 483
Recipe 484,"Ingredient 484, Ingredient 485, Ingredient 486",Steps for Recipe 484
Recipe 485,"Ingredient 485, Ingredient 486, Ingredient 487",Steps for Recipe 485
Recipe 486,"Ingredient 486, Ingredient 487, Ingredient 488",Steps for Recipe 486
Recipe 487,"Ingredient 487, Ingredient 488, Ingredient 489",Steps for Recipe 487
Recipe 488,"Ingredient 488, Ingredient 489, Ingredient 490",Steps for Recipe 488
Recipe 489,"Ingredient 489, Ingredient 490, Ingredient 491",Steps for Recipe 489
Recipe 490,"Ingredient 490, Ingredient 491, Ingredient 492",Steps for Recipe 490
Recipe 491,"Ingredient 491, Ingredient 492, Ingredient 493",Steps for Recipe 491
Recipe 492,"Ingredient 492, Ingredient 493, Ingredient 494",Steps for Recipe 492
Recipe 493,"Ingredient 493, Ingredient 494, Ingredient 495",Steps for Recipe 493
Recipe 494,"Ingredient 494, Ingredient 495, Ingredient 496",Steps for Recipe 494
Recipe 495,"Ingredient 495, Ingredient 496, Ingredient 497",Steps for Recipe 495
Recipe 496,"Ingredient 496, Ingredient 497, Ingredient 498",Steps for Recipe 496
Recipe 497,"Ingredient 497, Ingredient 498, Ingredient 499",Steps for Recipe 497
Recipe 498,"Ingredient 498, Ingredient 499, Ingredient 500",Steps for Recipe 498
Recipe 499,"Ingredient 499, Ingredient 500, Ingredient 501",Steps for Recipe 499
Recipe 500,"Ingredient 500, Ingredient 501, Ingredient 502",Steps for Recipe 500
Recipe 501,"Ingredient 501, Ingredient 502, Ingredient 503",Steps for Recipe 501
Recipe 502,"Ingredient 502, Ingredient 503, Ingredient 504",Steps for Recipe 502
Recipe 503,"Ingredient 503, Ingredient 504, Ingredient 505",Steps for Recipe 503
Recipe 504,"Ingredient 504, Ingredient 505, Ingredient 506",Steps for Recipe 504
Recipe 505,"Ingredient 505, Ingredient 506, Ingredient 507",Steps for Recipe 505
Recipe 506,"Ingredient 506, Ingredient 507, Ingredient 508",Steps for Recipe 506
Recipe 507,"Ingredient 507, Ingredient 508, Ingredient 509",Steps for Recipe 507
Recipe 508,"Ingredient 508, Ingredient 509, Ingredient 510",Steps for Recipe 508
Recipe 509,"Ingredient 509, Ingredient 510, Ingredient 511",Steps for Recipe 509
Recipe 510,"Ingredient 510, Ingredient 511, Ingredient 512",Steps for Recipe 510
Recipe 511,"Ingredient 511, Ingredient 512, Ingredient 513",Steps for Recipe 511
Recipe 512,"Ingredient 512, Ingredient 513, Ingredient 514",Steps for Recipe 512
Recipe 513,"Ingredient 513, Ingredient 514, Ingredient 515",Steps for Recipe 513
Recipe 514,"Ingredient 514, Ingredient 515, Ingredient 516",Steps for Recipe 514
Recipe 515,"Ingredient 515, Ingredient 516, Ingredient 517",Steps for Recipe 515
Recipe 516,"Ingredient 516, Ingredient 517, Ingredient 518",Steps for Recipe 516
Recipe 517,"Ingredient 517, Ingredient 518, Ingredient 519",Steps for Recipe 517
Recipe 518,"Ingredient 518, Ingredient 519, Ingredient 520",Steps for Recipe 518
Recipe 519,"Ingredient 519, Ingredient 520, Ingredient 521",Steps for Recipe 519
Recipe 520,"Ingredient 520, Ingredient 521, Ingredient 522",Steps for Recipe 520
Recipe 521,"Ingredient 521, Ingredient 522, Ingredient 523",Steps for Recipe 521
Recipe 522,"Ingredient 522, Ingredient 523, Ingredient 524",Steps for Recipe 522
Recipe 523,"Ingredient 523, Ingredient 524, Ingredient 525",Steps for Recipe 523
Recipe 524,"Ingredient 524, Ingredient 525, Ingredient 526",Steps for Recipe 524
Recipe 525,"Ingredient 525, Ingredient 526, Ingredient 527",Steps for Recipe 525
Recipe 526,"Ingredient 526, Ingredient 527, Ingredient 528",Steps for Recipe 526
Recipe 527,"Ingredient 527, Ingredient 528, Ingredient 529",Steps for Recipe 527
Recipe 528,"Ingredient 528, Ingredient 529, Ingredient 530",Steps for Recipe 528
Recipe 529,"Ingredient 529, Ingredient 530, Ingredient 531",Steps for Recipe 529
Recipe 530,"Ingredient 530, Ingredient 531, Ingredient 532",Steps for Recipe 530
Recipe 531,"Ingredient 531, Ingredient 532, Ingredient 533",Steps for Recipe 531
Recipe 532,"Ingredient 532, Ingredient 533, Ingredient 534",Steps for Recipe 532
Recipe 533,"Ingredient 533, Ingredient 534, Ingredient 535",Steps for Recipe 533
Recipe 534,"Ingredient 534, Ingredient 535, Ingredient 536",Steps for Recipe 534
Recipe 535,"Ingredient 535, Ingredient 536, Ingredient 537",Steps for Recipe 535
Recipe 536,"Ingredient 536, Ingredient 537, Ingredient 538",Steps for Recipe 536
Recipe 537,"Ingredient 537, Ingredient 538, Ingredient 539",Steps for Recipe 537
Recipe 538,"Ingredient 538, Ingredient 539, Ingredient 540",Steps for Recipe 538
Recipe 539,"Ingredient 539, Ingredient 540, Ingredient 541",Steps for Recipe 539
Recipe 540,"Ingredient 540, Ingredient 541, Ingredient 542",Steps for Recipe 540
Recipe 541,"Ingredient 541, Ingredient 542, Ingredient 543",Steps for Recipe 541
Recipe 542,"Ingredient 542, Ingredient 543, Ingredient 544",Steps for Recipe 542
Recipe 543,"Ingredient 543, Ingredient 544, Ingredient 545",Steps for Recipe 543
Recipe 544,"Ingredient 544, Ingredient 545, Ingredient 546",Steps for Recipe 544
Recipe 545,"Ingredient 545, Ingredient 546, Ingredient 547",Steps for Recipe 545
Recipe 546,"Ingredient 546, Ingredient 547, Ingredient 548",Steps for Recipe 546
Recipe 547,"Ingredient 547, Ingredient 548, Ingredient 549",Steps for Recipe 547
Recipe 548,"Ingredient 548, Ingredient 549, Ingredient 550",Steps for Recipe 548
Recipe 549,"Ingredient 549, Ingredient 550, Ingredient 551",Steps for Recipe 549
Recipe 550,"Ingredient 550, Ingredient 551, Ingredient 552",Steps for Recipe 550
Recipe 551,"Ingredient 551, Ingredient 552, Ingredient 553",Steps for Recipe 551
Recipe 552,"Ingredient 552, Ingredient 553, Ingredient 554",Steps for Recipe 552
Recipe 553,"Ingredient 553, Ingredient 554, Ingredient 555",Steps for Recipe 553
Recipe 554,"Ingredient 554, Ingredient 555, Ingredient 556",Steps for Recipe 554
Recipe 555,"Ingredient 555, Ingredient 556, Ingredient 557",Steps for Recipe 555
Recipe 556,"Ingredient 556, Ingredient 557, Ingredient 558",Steps for Recipe 556
Recipe 557,"Ingredient 557, Ingredient 558, Ingredient 559",Steps for Recipe 557
Recipe 558,"Ingredient 558, Ingredient 559, Ingredient 560",Steps for Recipe 558
Recipe 559,"Ingredient 559, Ingredient 560, Ingredient 561",Steps for Recipe 559
Recipe 560,"Ingredient 560, Ingredient 561, Ingredient 562",Steps for Recipe 560
Recipe 561,"Ingredient 561, Ingredient 562, Ingredient 563",Steps for Recipe 561
Recipe 562,"Ingredient 562, Ingredient 563, Ingredient 564",Steps for Recipe 562
Recipe 563,"Ingredient 563, Ingredient 564, Ingredient 565",Steps for Recipe 563
Recipe 564,"Ingredient 564, Ingredient 565, Ingredient 566",Steps for Recipe 564
Recipe 565,"Ingredient 565, Ingredient 566, Ingredient 567",Steps for Recipe 565
Recipe 566,"Ingredient 566, Ingredient 567, Ingredient 568",Steps for Recipe 566
Recipe 567,"Ingredient 567, Ingredient 568, Ingredient 569",Steps for Recipe 567
Recipe 568,"Ingredient 568, Ingredient 569, Ingredient 570",Steps for Recipe 568
Recipe 569,"Ingredient 569, Ingredient 570, Ingredient 571",Steps for Recipe 569
Recipe 570,"Ingredient 570, Ingredient 571, Ingredient 572",Steps for Recipe 570
Recipe 571,"Ingredient 571, Ingredient 572, Ingredient 573",Steps for Recipe 571
Recipe 572,"Ingredient 572, Ingredient 573, Ingredient 574",Steps for Recipe 572
Recipe 573,"Ingredient 573, Ingredient 574, Ingredient 575",Steps for Recipe 573
Recipe 574,"Ingredient 574, Ingredient 575, Ingredient 576",Steps for Recipe 574
Recipe 575,"Ingredient 575, Ingredient 576, Ingredient 577",Steps for Recipe 575
Recipe 576,"Ingredient 576, Ingredient 577, Ingredient 578",Steps for Recipe 576
Recipe 577,"Ingredient 577, Ingredient 578, Ingredient 579",Steps for Recipe 577
Recipe 578,"Ingredient 578, Ingredient 579, Ingredient 580",Steps for Recipe 578
Recipe 579,"Ingredient 579, Ingredient 580, Ingredient 581",Steps for Recipe 579
Recipe 580,"Ingredient 580, Ingredient 581, Ingredient 582",Steps for Recipe 580
Recipe 581,"Ingredient 581, Ingredient 582, Ingredient 583",Steps for Recipe 581
Recipe 582,"Ingredient 582, Ingredient 583, Ingredient 584",Steps for Recipe 582
Recipe 583,"Ingredient 583, Ingredient 584, Ingredient 585",Steps for Recipe 583
Recipe 584,"Ingredient 584, Ingredient 585, Ingredient 586",Steps for Recipe 584
Recipe 585,"Ingredient 585, Ingredient 586, Ingredient 587",Steps for Recipe 585
Recipe 586,"Ingredient 586, Ingredient 587, Ingredient 588",Steps for Recipe 586
Recipe 587,"Ingredient 587, Ingredient 588, Ingredient 589",Steps for Recipe 587
Recipe 588,"Ingredient 588, Ingredient 589, Ingredient 590",Steps for Recipe 588
Recipe 589,"Ingredient 589, Ingredient 590, Ingredient 591",Steps for Recipe 589
Recipe 590,"Ingredient 590, Ingredient 591, Ingredient 592",Steps for Recipe 590
Recipe 591,"Ingredient 591, Ingredient 592, Ingredient 593",Steps for Recipe 591
Recipe 592,"Ingredient 592, Ingredient 593, Ingredient 594",Steps for Recipe 592
Recipe 593,"Ingredient 593, Ingredient 594, Ingredient 595",Steps for Recipe 593
Recipe 594,"Ingredient 594, Ingredient 595, Ingredient 596",Steps for Recipe 594
Recipe 595,"Ingredient 595, Ingredient 596, Ingredient 597",Steps for Recipe 595
Recipe 596,"Ingredient 596, Ingredient 597, Ingredient 598",Steps for Recipe 596
Recipe 597,"Ingredient 597, Ingredient 598, Ingredient 599",Steps for Recipe 597
Recipe 598,"Ingredient 598, Ingredient 599, Ingredient 600",Steps for Recipe 598
Recipe 599,"Ingredient 599, Ingredient 600, Ingredient 601",Steps for Recipe 599
Recipe 600,"Ingredient 600, Ingredient 601, Ingredient 602",Steps for Recipe 600
Recipe 601,"Ingredient 601, Ingredient 602, Ingredient 603",Steps for Recipe 601
Recipe 602,"Ingredient 602, Ingredient 603, Ingredient 604",Steps for Recipe 602
Recipe 603,"Ingredient 603, Ingredient 604, Ingredient 605",Steps for Recipe 603
Recipe 604,"Ingredient 604, Ingredient 605, Ingredient 606",Steps for Recipe 604
Recipe 605,"Ingredient 605, Ingredient 606, Ingredient 607",Steps for Recipe 605
Recipe 606,"Ingredient 606, Ingredient 607, Ingredient 608",Steps for Recipe 606
Recipe 607,"Ingredient 607, Ingredient 608, Ingredient 609",Steps for Recipe 607
Recipe 608,"Ingredient 608, Ingredient 609, Ingredient 610",Steps for Recipe 608
Recipe 609,"Ingredient 609, Ingredient 610, Ingredient 611",Steps for Recipe 609
Recipe 610,"Ingredient 610, Ingredient 611, Ingredient 612",Steps for Recipe 610
Recipe 611,"Ingredient 611, Ingredient 612, Ingredient 613",Steps for Recipe 611
Recipe 612,"Ingredient 612, Ingredient 613, Ingredient 614",Steps for Recipe 612
Recipe 613,"Ingredient 613, Ingredient 614, Ingredient 615",Steps for Recipe 613
Recipe 614,"Ingredient 614, Ingredient 615, Ingredient 616",Steps for Recipe 614
Recipe 615,"Ingredient 615, Ingredient 616, Ingredient 617",Steps for Recipe 615
Recipe 616,"Ingredient 616, Ingredient 617, Ingredient 618",Steps for Recipe 616
Recipe 617,"Ingredient 617, Ingredient 618, Ingredient 619",Steps for Recipe 617
Recipe 618,"Ingredient 618, Ingredient 619, Ingredient 620",Steps for Recipe 618
Recipe 619,"Ingredient 619, Ingredient 620, Ingredient 621",Steps for Recipe 619
Recipe 620,"Ingredient 620, Ingredient 621, Ingredient 622",Steps for Recipe 620
Recipe 621,"Ingredient 621, Ingredient 622, Ingredient 623",Steps for Recipe 621
Recipe 622,"Ingredient 622, Ingredient 623, Ingredient 624",Steps for Recipe 622
Recipe 623,"Ingredient 623, Ingredient 624, Ingredient 625",Steps for Recipe 623
Recipe 624,"Ingredient 624, Ingredient 625, Ingredient 626",Steps for Recipe 624
Recipe 625,"Ingredient 625, Ingredient 626, Ingredient 627",Steps for Recipe 625
Recipe 626,"Ingredient 626, Ingredient 627, Ingredient 628",Steps for Recipe 626
Recipe 627,"Ingredient 627, Ingredient 628, Ingredient 629",Steps for Recipe 627
Recipe 628,"Ingredient 628, Ingredient 629, Ingredient 630",Steps for Recipe 628
Recipe 629,"Ingredient 629, Ingredient 630, Ingredient 631",Steps for Recipe 629
Recipe 630,"Ingredient 630, Ingredient 631, Ingredient 632",Steps for Recipe 630
Recipe 631,"Ingredient 631, Ingredient 632, Ingredient 633",Steps for Recipe 631
Recipe 632,"Ingredient 632, Ingredient 633, Ingredient 634",Steps for Recipe 632
Recipe 633,"Ingredient 633, Ingredient 634, Ingredient 635",Steps for Recipe 633
Recipe 634,"Ingredient 634, Ingredient 635, Ingredient 636",Steps for Recipe 634
Recipe 635,"Ingredient 635, Ingredient 636, Ingredient 637",Steps for Recipe 635
Recipe 636,"Ingredient 636, Ingredient 637, Ingredient 638",Steps for Recipe 636
Recipe 637,"Ingredient 637, Ingredient 638, Ingredient 639",Steps for Recipe 637
Recipe 638,"Ingredient 638, Ingredient 639, Ingredient 640",Steps for Recipe 638
Recipe 639,"Ingredient 639, Ingredient 640, Ingredient 641",Steps for Recipe 639
Recipe 640,"Ingredient 640, Ingredient 641, Ingredient 642",Steps for Recipe 640
Recipe 641,"Ingredient 641, Ingredient 642, Ingredient 643",Steps for Recipe 641
Recipe 642,"Ingredient 642, Ingredient 643, Ingredient 644",Steps for Recipe 642
Recipe 643,"Ingredient 643, Ingredient 644, Ingredient 645",Steps for Recipe 643
Recipe 644,"Ingredient 644, Ingredient 645, Ingredient 646",Steps for Recipe 644
Recipe 645,"Ingredient 645, Ingredient 646, Ingredient 647",Steps for Recipe 645
Recipe 646,"Ingredient 646, Ingredient 647, Ingredient 648",Steps for Recipe 646
Recipe 647,"Ingredient 647, Ingredient 648, Ingredient 649",Steps for Recipe 647
Recipe 648,"Ingredient 648, Ingredient 649, Ingredient 650",Steps for Recipe 648
Recipe 649,"Ingredient 649, Ingredient 650, Ingredient 651",Steps for Recipe 649
Recipe 650,"Ingredient 650, Ingredient 651, Ingredient 652",Steps for Recipe 650
Recipe 651,"Ingredient 651, Ingredient 652, Ingredient 653",Steps for Recipe 651
Recipe 652,"Ingredient 652, Ingredient 653, Ingredient 654",Steps for Recipe 652
Recipe 653,"Ingredient 653, Ingredient 654, Ingredient 655",Steps for Recipe 653
Recipe 654,"Ingredient 654, Ingredient 655, Ingredient 656",Steps for Recipe 654
Recipe 655,"Ingredient 655, Ingredient 656, Ingredient 657",Steps for Recipe 655
Recipe 656,"Ingredient 656, Ingredient 657, Ingredient 658",Steps for Recipe 656
Recipe 657,"Ingredient 657, Ingredient 658, Ingredient 659",Steps for Recipe 657
Recipe 658,"Ingredient 658, Ingredient 659, Ingredient 660",Steps for Recipe 658
Recipe 659,"Ingredient 659, Ingredient 660, Ingredient 661",Steps for Recipe 659
Recipe 660,"Ingredient 660, Ingredient 661, Ingredient 662",Steps for Recipe 660
Recipe 661,"Ingredient 661, Ingredient 662, Ingredient 663",Steps for Recipe 661
Recipe 662,"Ingredient 662, Ingredient 663, Ingredient 664",Steps for Recipe 662
Recipe 663,"Ingredient 663, Ingredient 664, Ingredient 665",Steps for Recipe 663
Recipe 664,"Ingredient 664, Ingredient 665, Ingredient 666",Steps for Recipe 664
Recipe 665,"Ingredient 665, Ingredient 666, Ingredient 667",Steps for Recipe 665
Recipe 666,"Ingredient 666, Ingredient 667, Ingredient 668",Steps for Recipe 666
Recipe 667,"Ingredient 667, Ingredient 668, Ingredient 669",Steps for Recipe 667
Recipe 668,"Ingredient 668, Ingredient 669, Ingredient 670",Steps for Recipe 668
Recipe 669,"Ingredient 669, Ingredient 670, Ingredient 671",Steps for Recipe 669
Recipe 670,"Ingredient 670, Ingredient 671, Ingredient 672",Steps for Recipe 670
Recipe 671,"Ingredient 671, Ingredient 672, Ingredient 673",Steps for Recipe 671
Recipe 672,"Ingredient 672, Ingredient 673, Ingredient 674",Steps for Recipe 672
Recipe 673,"Ingredient 673, Ingredient 674, Ingredient 675",Steps for Recipe 673
Recipe 674,"Ingredient 674, Ingredient 675, Ingredient 676",Steps for Recipe 674
Recipe 675,"Ingredient 675, Ingredient 676, Ingredient 677",Steps for Recipe 675
Recipe 676,"Ingredient 676, Ingredient 677, Ingredient 678",Steps for Recipe 676
Recipe 677,"Ingredient 677, Ingredient 678, Ingredient 679",Steps for Recipe 677
Recipe 678,"Ingredient 678, Ingredient 679, Ingredient 680",Steps for Recipe 678
Recipe 679,"Ingredient 679, Ingredient 680, Ingredient 681",Steps for Recipe 679
Recipe 680,"Ingredient 680, Ingredient 681, Ingredient 682",Steps for Recipe 680
Recipe 681,"Ingredient 681, Ingredient 682, Ingredient 683",Steps for Recipe 681
Recipe 682,"Ingredient 682, Ingredient 683, Ingredient 684",Steps for Recipe 682
Recipe 683,"Ingredient 683, Ingredient 684, Ingredient 685",Steps for Recipe 683
Recipe 684,"Ingredient 684, Ingredient 685, Ingredient 686",Steps for Recipe 684
Recipe 685,"Ingredient 685, Ingredient 686, Ingredient 687",Steps for Recipe 685
Recipe 686,"Ingredient 686, Ingredient 687, Ingredient 688",Steps for Recipe 686
Recipe 687,"Ingredient 687, Ingredient 688, Ingredient 689",Steps for Recipe 687
Recipe 688,"Ingredient 688, Ingredient 689, Ingredient 690",Steps for Recipe 688
Recipe 689,"Ingredient 689, Ingredient 690, Ingredient 691",Steps for Recipe 689
Recipe 690,"Ingredient 690, Ingredient 691, Ingredient 692",Steps for Recipe 690
Recipe 691,"Ingredient 691, Ingredient 692, Ingredient 693",Steps for Recipe 691
Recipe 692,"Ingredient 692, Ingredient 693, Ingredient 694",Steps for Recipe 692
Recipe 693,"Ingredient 693, Ingredient 694, Ingredient 695",Steps for Recipe 693
Recipe 694,"Ingredient 694, Ingredient 695, Ingredient 696",Steps for Recipe 694
Recipe 695,"Ingredient 695, Ingredient 696, Ingredient 697",Steps for Recipe 695
Recipe 696,"Ingredient 696, Ingredient 697, Ingredient 698",Steps for Recipe 696
Recipe 697,"Ingredient 697, Ingredient 698, Ingredient 699",Steps for Recipe 697
Recipe 698,"Ingredient 698, Ingredient 699, Ingredient 700",Steps for Recipe 698
Recipe 699,"Ingredient 699, Ingredient 700, Ingredient 701",Steps for Recipe 699
Recipe 700,"Ingredient 700, Ingredient 701, Ingredient 702",Steps for Recipe 700
Recipe 701,"Ingredient 701, Ingredient 702, Ingredient 703",Steps for Recipe 701
Recipe 702,"Ingredient 702, Ingredient 703, Ingredient 704",Steps for Recipe 702
Recipe 703,"Ingredient 703, Ingredient 704, Ingredient 705",Steps for Recipe 703
Recipe 704,"Ingredient 704, Ingredient 705, Ingredient 706",Steps for Recipe 704
Recipe 705,"Ingredient 705, Ingredient 706, Ingredient 707",Steps for Recipe 705
Recipe 706,"Ingredient 706, Ingredient 707, Ingredient 708",Steps for Recipe 706
Recipe 707,"Ingredient 707, Ingredient 708, Ingredient 709",Steps for Recipe 707
Recipe 708,"Ingredient 708, Ingredient 709, Ingredient 710",Steps for Recipe 708
Recipe 709,"Ingredient 709, Ingredient 710, Ingredient 711",Steps for Recipe 709
Recipe 710,"Ingredient 710, Ingredient 711, Ingredient 712",Steps for Recipe 710
Recipe 711,"Ingredient 711, Ingredient 712, Ingredient 713",Steps for Recipe 711
Recipe 712,"Ingredient 712, Ingredient 713, Ingredient 714",Steps for Recipe 712
Recipe 713,"Ingredient 713, Ingredient 714, Ingredient 715",Steps for Recipe 713
Recipe 714,"Ingredient 714, Ingredient 715, Ingredient 716",Steps for Recipe 714
Recipe 715,"Ingredient 715, Ingredient 716, Ingredient 717",Steps for Recipe 715
Recipe 716,"Ingredient 716, Ingredient 717, Ingredient 718",Steps for Recipe 716
Recipe 717,"Ingredient 717, Ingredient 718, Ingredient 719",Steps for Recipe 717
Recipe 718,"Ingredient 718, Ingredient 719, Ingredient 720",Steps for Recipe 718
Recipe 719,"Ingredient 719, Ingredient 720, Ingredient 721",Steps for Recipe 719
Recipe 720,"Ingredient 720, Ingredient 721, Ingredient 722",Steps for Recipe 720
Recipe 721,"Ingredient 721, Ingredient 722, Ingredient 723",Steps for Recipe 721
Recipe 722,"Ingredient 722, Ingredient 723, Ingredient 724",Steps for Recipe 722
Recipe 723,"Ingredient 723, Ingredient 724, Ingredient 725",Steps for Recipe 723
Recipe 724,"Ingredient 724, Ingredient 725, Ingredient 726",Steps for Recipe 724
Recipe 725,"Ingredient 725, Ingredient 726, Ingredient 727",Steps for Recipe 725
Recipe 726,"Ingredient 726, Ingredient 727, Ingredient 728",Steps for Recipe 726
Recipe 727,"Ingredient 727, Ingredient 728, Ingredient 729",Steps for Recipe 727
Recipe 728,"Ingredient 728, Ingredient 729, Ingredient 730",Steps for Recipe 728
Recipe 729,"Ingredient 729, Ingredient 730, Ingredient 731",Steps for Recipe 729
Recipe 730,"Ingredient 730, Ingredient 731, Ingredient 732",Steps for Recipe 730
Recipe 731,"Ingredient 731, Ingredient 732, Ingredient 733",Steps for Recipe 731
Recipe 732,"Ingredient 732, Ingredient 733, Ingredient 734",Steps for Recipe 732
Recipe 733,"Ingredient 733, Ingredient 734, Ingredient 735",Steps for Recipe 733
Recipe 734,"Ingredient 734, Ingredient 735, Ingredient 736",Steps for Recipe 734
Recipe 735,"Ingredient 735, Ingredient 736, Ingredient 737",Steps for Recipe 735
Recipe 736,"Ingredient 736, Ingredient 737, Ingredient 738",Steps for Recipe 736
Recipe 737,"Ingredient 737, Ingredient 738, Ingredient 739",Steps for Recipe 737
Recipe 738,"Ingredient 738, Ingredient 739, Ingredient 740",Steps for Recipe 738
Recipe 739,"Ingredient 739, Ingredient 740, Ingredient 741",Steps for Recipe 739
Recipe 740,"Ingredient 740, Ingredient 741, Ingredient 742",Steps for Recipe 740
Recipe 741,"Ingredient 741, Ingredient 742, Ingredient 743",Steps for Recipe 741
Recipe 742,"Ingredient 742, Ingredient 743, Ingredient 744",Steps for Recipe 742
Recipe 743,"Ingredient 743, Ingredient 744, Ingredient 745",Steps for Recipe 743
Recipe 744,"Ingredient 744, Ingredient 745, Ingredient 746",Steps for Recipe 744
Recipe 745,"Ingredient 745, Ingredient 746, Ingredient 747",Steps for Recipe 745
Recipe 746,"Ingredient 746, Ingredient 747, Ingredient 748",Steps for Recipe 746
Recipe 747,"Ingredient 747, Ingredient 748, Ingredient 749",Steps for Recipe 747
Recipe 748,"Ingredient 748, Ingredient 749, Ingredient 750",Steps for Recipe 748
Recipe 749,"Ingredient 749, Ingredient 750, Ingredient 751",Steps for Recipe 749
Recipe 750,"Ingredient 750, Ingredient 751, Ingredient 752",Steps for Recipe 750
Recipe 751,"Ingredient 751, Ingredient 752, Ingredient 753",Steps for Recipe 751
Recipe 752,"Ingredient 752, Ingredient 753, Ingredient 754",Steps for Recipe 752
Recipe 753,"Ingredient 753, Ingredient 754, Ingredient 755",Steps for Recipe 753
Recipe 754,"Ingredient 754, Ingredient 755, Ingredient 756",Steps for Recipe 754
Recipe 755,"Ingredient 755, Ingredient 756, Ingredient 757",Steps for Recipe 755
Recipe 756,"Ingredient 756, Ingredient 757, Ingredient 758",Steps for Recipe 756
Recipe 757,"Ingredient 757, Ingredient 758, Ingredient 759",Steps for Recipe 757
Recipe 758,"Ingredient 758, Ingredient 759, Ingredient 760",Steps for Recipe 758
Recipe 759,"Ingredient 759, Ingredient 760, Ingredient 761",Steps for Recipe 759
Recipe 760,"Ingredient 760, Ingredient 761, Ingredient 762",Steps for Recipe 760
Recipe 761,"Ingredient 761, Ingredient 762, Ingredient 763",Steps for Recipe 761
Recipe 762,"Ingredient 762, Ingredient 763, Ingredient 764",Steps for Recipe 762
Recipe 763,"Ingredient 763, Ingredient 764, Ingredient 765",Steps for Recipe 763
Recipe 764,"Ingredient 764, Ingredient 765, Ingredient 766",Steps for Recipe 764
Recipe 765,"Ingredient 765, Ingredient 766, Ingredient 767",Steps for Recipe 765
Recipe 766,"Ingredient 766, Ingredient 767, Ingredient 768",Steps for Recipe 766
Recipe 767,"Ingredient 767, Ingredient 768, Ingredient 769",Steps for Recipe 767
Recipe 768,"Ingredient 768, Ingredient 769, Ingredient 770",Steps for Recipe 768
Recipe 769,"Ingredient 769, Ingredient 770, Ingredient 771",Steps for Recipe 769
Recipe 770,"Ingredient 770, Ingredient 771, Ingredient 772",Steps for Recipe 770
Recipe 771,"Ingredient 771, Ingredient 772, Ingredient 773",Steps for Recipe 771
Recipe 772,"Ingredient 772, Ingredient 773, Ingredient 774",Steps for Recipe 772
Recipe 773,"Ingredient 773, Ingredient 774, Ingredient 775",Steps for Recipe 773
Recipe 774,"Ingredient 774, Ingredient 775, Ingredient 776",Steps for Recipe 774
Recipe 775,"Ingredient 775, Ingredient 776, Ingredient 777",Steps for Recipe 775
Recipe 776,"Ingredient 776, Ingredient 777, Ingredient 778",Steps for Recipe 776
Recipe 777,"Ingredient 777, Ingredient 778, Ingredient 779",Steps for Recipe 777
Recipe 778,"Ingredient 778, Ingredient 779, Ingredient 780",Steps for Recipe 778
Recipe 779,"Ingredient 779, Ingredient 780, Ingredient 781",Steps for Recipe 779
Recipe 780,"Ingredient 780, Ingredient 781, Ingredient 782",Steps for Recipe 780
Recipe 781,"Ingredient 781, Ingredient 782, Ingredient 783",Steps for Recipe 781
Recipe 782,"Ingredient 782, Ingredient 783, Ingredient 784",Steps for Recipe 782
Recipe 783,"Ingredient 783, Ingredient 784, Ingredient 785",Steps for Recipe 783
Recipe 784,"Ingredient 784, Ingredient 785, Ingredient 786",Steps for Recipe 784
Recipe 785,"Ingredient 785, Ingredient 786, Ingredient 787",Steps for Recipe 785
Recipe 786,"Ingredient 786, Ingredient 787, Ingredient 788",Steps for Recipe 786
Recipe 787,"Ingredient 787, Ingredient 788, Ingredient 789",Steps for Recipe 787
Recipe 788,"Ingredient 788, Ingredient 789, Ingredient 790",Steps for Recipe 788
Recipe 789,"Ingredient 789, Ingredient 790, Ingredient 791",Steps for Recipe 789
Recipe 790,"Ingredient 790, Ingredient 791, Ingredient 792",Steps for Recipe 790
Recipe 791,"Ingredient 791, Ingredient 792, Ingredient 793",Steps for Recipe 791
Recipe 792,"Ingredient 792, Ingredient 793, Ingredient 794",Steps for Recipe 792
Recipe 793,"Ingredient 793, Ingredient 794, Ingredient 795",Steps for Recipe 793
Recipe 794,"Ingredient 794, Ingredient 795, Ingredient 796",Steps for Recipe 794
Recipe 795,"Ingredient 795, Ingredient 796, Ingredient 797",Steps for Recipe 795
Recipe 796,"Ingredient 796, Ingredient 797, Ingredient 798",Steps for Recipe 796
Recipe 797,"Ingredient 797, Ingredient 798, Ingredient 799",Steps for Recipe 797
Recipe 798,"Ingredient 798, Ingredient 799, Ingredient 800",Steps for Recipe 798
Recipe 799,"Ingredient 799, Ingredient 800, Ingredient 801",Steps for Recipe 799
Recipe 800,"Ingredient 800, Ingredient 801, Ingredient 802",Steps for Recipe 800
Recipe 801,"Ingredient 801, Ingredient 802, Ingredient 803",Steps for Recipe 801
Recipe 802,"Ingredient 802, Ingredient 803, Ingredient 804",Steps for Recipe 802
Recipe 803,"Ingredient 803, Ingredient 804, Ingredient 805",Steps for Recipe 803
Recipe 804,"Ingredient 804, Ingredient 805, Ingredient 806",Steps for Recipe 804
Recipe 805,"Ingredient 805, Ingredient 806, Ingredient 807",Steps for Recipe 805
Recipe 806,"Ingredient 806, Ingredient 807, Ingredient 808",Steps for Recipe 806
Recipe 807,"Ingredient 807, Ingredient 808, Ingredient 809",Steps for Recipe 807
Recipe 808,"Ingredient 808, Ingredient 809, Ingredient 810",Steps for Recipe 808
Recipe 809,"Ingredient 809, Ingredient 810, Ingredient 811",Steps for Recipe 809
Recipe 810,"Ingredient 810, Ingredient 811, Ingredient 812",Steps for Recipe 810
Recipe 811,"Ingredient 811, Ingredient 812, Ingredient 813",Steps for Recipe 811
Recipe 812,"Ingredient 812, Ingredient 813, Ingredient 814",Steps for Recipe 812
Recipe 813,"Ingredient 813, Ingredient 814, Ingredient 815",Steps for Recipe 813
Recipe 814,"Ingredient 814, Ingredient 815, Ingredient 816",Steps for Recipe 814
Recipe 815,"Ingredient 815, Ingredient 816, Ingredient 817",Steps for Recipe 815
Recipe 816,"Ingredient 816, Ingredient 817, Ingredient 818",Steps for Recipe 816
Recipe 817,"Ingredient 817, Ingredient 818, Ingredient 819",Steps for Recipe 817
Recipe 818,"Ingredient 818, Ingredient 819, Ingredient 820",Steps for Recipe 818
Recipe 819,"Ingredient 819, Ingredient 820, Ingredient 821",Steps for Recipe 819
Recipe 820,"Ingredient 820, Ingredient 821, Ingredient 822",Steps for Recipe 820
Recipe 821,"Ingredient 821, Ingredient 822, Ingredient 823",Steps for Recipe 821
Recipe 822,"Ingredient 822, Ingredient 823, Ingredient 824",Steps for Recipe 822
Recipe 823,"Ingredient 823, Ingredient 824, Ingredient 825",Steps for Recipe 823
Recipe 824,"Ingredient 824, Ingredient 825, Ingredient 826",Steps for Recipe 824
Recipe 825,"Ingredient 825, Ingredient 826, Ingredient 827",Steps for Recipe 825
Recipe 826,"Ingredient 826, Ingredient 827, Ingredient 828",Steps for Recipe 826
Recipe 827,"Ingredient 827, Ingredient 828, Ingredient 829",Steps for Recipe 827
Recipe 828,"Ingredient 828, Ingredient 829, Ingredient 830",Steps for Recipe 828
Recipe 829,"Ingredient 829, Ingredient 830, Ingredient 831",Steps for Recipe 829
Recipe 830,"Ingredient 830, Ingredient 831, Ingredient 832",Steps for Recipe 830
Recipe 831,"Ingredient 831, Ingredient 832, Ingredient 833",Steps for Recipe 831
Recipe 832,"Ingredient 832, Ingredient 833, Ingredient 834",Steps for Recipe 832
Recipe 833,"Ingredient 833, Ingredient 834, Ingredient 835",Steps for Recipe 833
Recipe 834,"Ingredient 834, Ingredient 835, Ingredient 836",Steps for Recipe 834
Recipe 835,"Ingredient 835, Ingredient 836, Ingredient 837",Steps for Recipe 835
Recipe 836,"Ingredient 836, Ingredient 837, Ingredient 838",Steps for Recipe 836
Recipe 837,"Ingredient 837, Ingredient 838, Ingredient 839",Steps for Recipe 837
Recipe 838,"Ingredient 838, Ingredient 839, Ingredient 840",Steps for Recipe 838
Recipe 839,"Ingredient 839, Ingredient 840, Ingredient 841",Steps for Recipe 839
Recipe 840,"Ingredient 840, Ingredient 841, Ingredient 842",Steps for Recipe 840
Recipe 841,"Ingredient 841, Ingredient 842, Ingredient 843",Steps for Recipe 841
Recipe 842,"Ingredient 842, Ingredient 843, Ingredient 844",Steps for Recipe 842
Recipe 843,"Ingredient 843, Ingredient 844, Ingredient 845",Steps for Recipe 843
Recipe 844,"Ingredient 844, Ingredient 845, Ingredient 846",Steps for Recipe 844
Recipe 845,"Ingredient 845, Ingredient 846, Ingredient 847",Steps for Recipe 845
Recipe 846,"Ingredient 846, Ingredient 847, Ingredient 848",Steps for Recipe 846
Recipe 847,"Ingredient 847, Ingredient 848, Ingredient 849",Steps for Recipe 847
Recipe 848,"Ingredient 848, Ingredient 849, Ingredient 850",Steps for Recipe 848
Recipe 849,"Ingredient 849, Ingredient 850, Ingredient 851",Steps for Recipe 849
Recipe 850,"Ingredient 850, Ingredient 851, Ingredient 852",Steps for Recipe 850
Recipe 851,"Ingredient 851, Ingredient 852, Ingredient 853",Steps for Recipe 851
Recipe 852,"Ingredient 852, Ingredient 853, Ingredient 854",Steps for Recipe 852
Recipe 853,"Ingredient 853, Ingredient 854, Ingredient 855",Steps for Recipe 853
Recipe 854,"Ingredient 854, Ingredient 855, Ingredient 856",Steps for Recipe 854
Recipe 855,"Ingredient 855, Ingredient 856, Ingredient 857",Steps for Recipe 855
Recipe 856,"Ingredient 856, Ingredient 857, Ingredient 858",Steps for Recipe 856
Recipe 857,"Ingredient 857, Ingredient 858, Ingredient 859",Steps for Recipe 857
Recipe 858,"Ingredient 858, Ingredient 859, Ingredient 860",Steps for Recipe 858
Recipe 859,"Ingredient 859, Ingredient 860, Ingredient 861",Steps for Recipe 859
Recipe 860,"Ingredient 860, Ingredient 861, Ingredient 862",Steps for Recipe 860
Recipe 861,"Ingredient 861, Ingredient 862, Ingredient 863",Steps for Recipe 861
Recipe 862,"Ingredient 862, Ingredient 863, Ingredient 864",Steps for Recipe 862
Recipe 863,"Ingredient 863, Ingredient 864, Ingredient 865",Steps for Recipe 863
Recipe 864,"Ingredient 864, Ingredient 865, Ingredient 866",Steps for Recipe 864
Recipe 865,"Ingredient 865, Ingredient 866, Ingredient 867",Steps for Recipe 865
Recipe 866,"Ingredient 866, Ingredient 867, Ingredient 868",Steps for Recipe 866
Recipe 867,"Ingredient 867, Ingredient 868, Ingredient 869",Steps for Recipe 867
Recipe 868,"Ingredient 868, Ingredient 869, Ingredient 870",Steps for Recipe 868
Recipe 869,"Ingredient 869, Ingredient 870, Ingredient 871",Steps for Recipe 869
Recipe 870,"Ingredient 870, Ingredient 871, Ingredient 872",Steps for Recipe 870
Recipe 871,"Ingredient 871, Ingredient 872, Ingredient 873",Steps for Recipe 871
Recipe 872,"Ingredient 872, Ingredient 873, Ingredient 874",Steps for Recipe 872
Recipe 873,"Ingredient 873, Ingredient 874, Ingredient 875",Steps for Recipe 873
Recipe 874,"Ingredient 874, Ingredient 875, Ingredient 876",Steps for Recipe 874
Recipe 875,"Ingredient 875, Ingredient 876, Ingredient 877",Steps for Recipe 875
Recipe 876,"Ingredient 876, Ingredient 877, Ingredient 878",Steps for Recipe 876
Recipe 877,"Ingredient 877, Ingredient 878, Ingredient 879",Steps for Recipe 877
Recipe 878,"Ingredient 878, Ingredient 879, Ingredient 880",Steps for Recipe 878
Recipe 879,"Ingredient 879, Ingredient 880, Ingredient 881",Steps for Recipe 879
Recipe 880,"Ingredient 880, Ingredient 881, Ingredient 882",Steps for Recipe 880
Recipe 881,"Ingredient 881, Ingredient 882, Ingredient 883",Steps for Recipe 881
Recipe 882,"Ingredient 882, Ingredient 883, Ingredient 884",Steps for Recipe 882
Recipe 883,"Ingredient 883, Ingredient 884, Ingredient 885",Steps for Recipe 883
Recipe 884,"Ingredient 884, Ingredient 885, Ingredient 886",Steps for Recipe 884
Recipe 885,"Ingredient 885, Ingredient 886, Ingredient 887",Steps for Recipe 885
Recipe 886,"Ingredient 886, Ingredient 887, Ingredient 888",Steps for Recipe 886
Recipe 887,"Ingredient 887, Ingredient 888, Ingredient 889",Steps for Recipe 887
Recipe 888,"Ingredient 888, Ingredient 889, Ingredient 890",Steps for Recipe 888
Recipe 889,"Ingredient 889, Ingredient 890, Ingredient 891",Steps for Recipe 889
Recipe 890,"Ingredient 890, Ingredient 891, Ingredient 892",Steps for Recipe 890
Recipe 891,"Ingredient 891, Ingredient 892, Ingredient 893",Steps for Recipe 891
Recipe 892,"Ingredient 892, Ingredient 893, Ingredient 894",Steps for Recipe 892
Recipe 893,"Ingredient 893, Ingredient 894, Ingredient 895",Steps for Recipe 893
Recipe 894,"Ingredient 894, Ingredient 895, Ingredient 896",Steps for Recipe 894
Recipe 895,"Ingredient 895, Ingredient 896, Ingredient 897",Steps for Recipe 895
Recipe 896,"Ingredient 896, Ingredient 897, Ingredient 898",Steps for Recipe 896
Recipe 897,"Ingredient 897, Ingredient 898, Ingredient 899",Steps for Recipe 897
Recipe 898,"Ingredient 898, Ingredient 899, Ingredient 900",Steps for Recipe 898
Recipe 899,"Ingredient 899, Ingredient 900, Ingredient 901",Steps for Recipe 899
Recipe 900,"Ingredient 900, Ingredient 901, Ingredient 902",Steps for Recipe 900
Recipe 901,"Ingredient 901, Ingredient 902, Ingredient 903",Steps for Recipe 901
Recipe 902,"Ingredient 902, Ingredient 903, Ingredient 904",Steps for Recipe 902
Recipe 903,"Ingredient 903, Ingredient 904, Ingredient 905",Steps for Recipe 903
Recipe 904,"Ingredient 904, Ingredient 905, Ingredient 906",Steps for Recipe 904
Recipe 905,"Ingredient 905, Ingredient 906, Ingredient 907",Steps for Recipe 905
Recipe 906,"Ingredient 906, Ingredient 907, Ingredient 908",Steps for Recipe 906
Recipe 907,"Ingredient 907, Ingredient 908, Ingredient 909",Steps for Recipe 907
Recipe 908,"Ingredient 908, Ingredient 909, Ingredient 910",Steps for Recipe 908
Recipe 909,"Ingredient 909, Ingredient 910, Ingredient 911",Steps for Recipe 909
Recipe 910,"Ingredient 910, Ingredient 911, Ingredient 912",Steps for Recipe 910
Recipe 911,"Ingredient 911, Ingredient 912, Ingredient 913",Steps for Recipe 911
Recipe 912,"Ingredient 912, Ingredient 913, Ingredient 914",Steps for Recipe 912
Recipe 913,"Ingredient 913, Ingredient 914, Ingredient 915",Steps for Recipe 913
Recipe 914,"Ingredient 914, Ingredient 915, Ingredient 916",Steps for Recipe 914
Recipe 915,"Ingredient 915, Ingredient 916, Ingredient 917",Steps for Recipe 915
Recipe 916,"Ingredient 916, Ingredient 917, Ingredient 918",Steps for Recipe 916
Recipe 917,"Ingredient 917, Ingredient 918, Ingredient 919",Steps for Recipe 917
Recipe 918,"Ingredient 918, Ingredient 919, Ingredient 920",Steps for Recipe 918
Recipe 919,"Ingredient 919, Ingredient 920, Ingredient 921",Steps for Recipe 919
Recipe 920,"Ingredient 920, Ingredient 921, Ingredient 922",Steps for Recipe 920
Recipe 921,"Ingredient 921, Ingredient 922, Ingredient 923",Steps for Recipe 921
Recipe 922,"Ingredient 922, Ingredient 923, Ingredient 924",Steps for Recipe 922
Recipe 923,"Ingredient 923, Ingredient 924, Ingredient 925",Steps for Recipe 923
Recipe 924,"Ingredient 924, Ingredient 925, Ingredient 926",Steps for Recipe 924
Recipe 925,"Ingredient 925, Ingredient 926, Ingredient 927",Steps for Recipe 925
Recipe 926,"Ingredient 926, Ingredient 927, Ingredient 928",Steps for Recipe 926
Recipe 927,"Ingredient 927, Ingredient 928, Ingredient 929",Steps for Recipe 927
Recipe 928,"Ingredient 928, Ingredient 929, Ingredient 930",Steps for Recipe 928
Recipe 929,"Ingredient 929, Ingredient 930, Ingredient 931",Steps for Recipe 929
Recipe 930,"Ingredient 930, Ingredient 931, Ingredient 932",Steps for Recipe 930
Recipe 931,"Ingredient 931, Ingredient 932, Ingredient 933",Steps for Recipe 931
Recipe 932,"Ingredient 932, Ingredient 933, Ingredient 934",Steps for Recipe 932
Recipe 933,"Ingredient 933, Ingredient 934, Ingredient 935",Steps for Recipe 933
Recipe 934,"Ingredient 934, Ingredient 935, Ingredient 936",Steps for Recipe 934
Recipe 935,"Ingredient 935, Ingredient 936, Ingredient 937",Steps for Recipe 935
Recipe 936,"Ingredient 936, Ingredient 937, Ingredient 938",Steps for Recipe 936
Recipe 937,"Ingredient 937, Ingredient 938, Ingredient 939",Steps for Recipe 937
Recipe 938,"Ingredient 938, Ingredient 939, Ingredient 940",Steps for Recipe 938
Recipe 939,"Ingredient 939, Ingredient 940, Ingredient 941",Steps for Recipe 939
Recipe 940,"Ingredient 940, Ingredient 941, Ingredient 942",Steps for Recipe 940
Recipe 941,"Ingredient 941, Ingredient 942, Ingredient 943",Steps for Recipe 941
Recipe 942,"Ingredient 942, Ingredient 943, Ingredient 944",Steps for Recipe 942
Recipe 943,"Ingredient 943, Ingredient 944, Ingredient 945",Steps for Recipe 943
Recipe 944,"Ingredient 944, Ingredient 945, Ingredient 946",Steps for Recipe 944
Recipe 945,"Ingredient 945, Ingredient 946, Ingredient 947",Steps for Recipe 945
Recipe 946,"Ingredient 946, Ingredient 947, Ingredient 948",Steps for Recipe 946
Recipe 947,"Ingredient 947, Ingredient 948, Ingredient 949",Steps for Recipe 947
Recipe 948,"Ingredient 948, Ingredient 949, Ingredient 950",Steps for Recipe 948
Recipe 949,"Ingredient 949, Ingredient 950, Ingredient 951",Steps for Recipe 949
Recipe 950,"Ingredient 950, Ingredient 951, Ingredient 952",Steps for Recipe 950
Recipe 951,"Ingredient 951, Ingredient 952, Ingredient 953",Steps for Recipe 951
Recipe 952,"Ingredient 952, Ingredient 953, Ingredient 954",Steps for Recipe 952
Recipe 953,"Ingredient 953, Ingredient 954, Ingredient 955",Steps for Recipe 953
Recipe 954,"Ingredient 954, Ingredient 955, Ingredient 956",Steps for Recipe 954
Recipe 955,"Ingredient 955, Ingredient 956, Ingredient 957",Steps for Recipe 955
Recipe 956,"Ingredient 956, Ingredient 957, Ingredient 958",Steps for Recipe 956
Recipe 957,"Ingredient 957, Ingredient 958, Ingredient 959",Steps for Recipe 957
Recipe 958,"Ingredient 958, Ingredient 959, Ingredient 960",Steps for Recipe 958
Recipe 959,"Ingredient 959, Ingredient 960, Ingredient 961",Steps for Recipe 959
Recipe 960,"Ingredient 960, Ingredient 961, Ingredient 962",Steps for Recipe 960
Recipe 961,"Ingredient 961, Ingredient 962, Ingredient 963",Steps for Recipe 961
Recipe 962,"Ingredient 962, Ingredient 963, Ingredient 964",Steps for Recipe 962
Recipe 963,"Ingredient 963, Ingredient 964, Ingredient 965",Steps for Recipe 963
Recipe 964,"Ingredient 964, Ingredient 965, Ingredient 966",Steps for Recipe 964
Recipe 965,"Ingredient 965, Ingredient 966, Ingredient 967",Steps for Recipe 965
Recipe 966,"Ingredient 966, Ingredient 967, Ingredient 968",Steps for Recipe 966
Recipe 967,"Ingredient 967, Ingredient 968, Ingredient 969",Steps for Recipe 967
Recipe 968,"Ingredient 968, Ingredient 969, Ingredient 970",Steps for Recipe 968
Recipe 969,"Ingredient 969, Ingredient 970, Ingredient 971",Steps for Recipe 969
Recipe 970,"Ingredient 970, Ingredient 971, Ingredient 972",Steps for Recipe 970
Recipe 971,"Ingredient 971, Ingredient 972, Ingredient 973",Steps for Recipe 971
Recipe 972,"Ingredient 972, Ingredient 973, Ingredient 974",Steps for Recipe 972
Recipe 973,"Ingredient 973, Ingredient 974, Ingredient 975",Steps for Recipe 973
Recipe 974,"Ingredient 974, Ingredient 975, Ingredient 976",Steps for Recipe 974
Recipe 975,"Ingredient 975, Ingredient 976, Ingredient 977",Steps for Recipe 975
Recipe 976,"Ingredient 976, Ingredient 977, Ingredient 978",Steps for Recipe 976
Recipe 977,"Ingredient 977, Ingredient 978, Ingredient 979",Steps for Recipe 977
Recipe 978,"Ingredient 978, Ingredient 979, Ingredient 980",Steps for Recipe 978
Recipe 979,"Ingredient 979, Ingredient 980, Ingredient 981",Steps for Recipe 979
Recipe 980,"Ingredient 980, Ingredient 981, Ingredient 982",Steps for Recipe 980
Recipe 981,"Ingredient 981, Ingredient 982, Ingredient 983",Steps for Recipe 981
Recipe 982,"Ingredient 982, Ingredient 983, Ingredient 984",Steps for Recipe 982
Recipe 983,"Ingredient 983, Ingredient 984, Ingredient 985",Steps for Recipe 983
Recipe 984,"Ingredient 984, Ingredient 985, Ingredient 986",Steps for Recipe 984
Recipe 985,"Ingredient 985, Ingredient 986, Ingredient 987",Steps for Recipe 985
Recipe 986,"Ingredient 986, Ingredient 987, Ingredient 988",Steps for Recipe 986
Recipe 987,"Ingredient 987, Ingredient 988, Ingredient 989",Steps for Recipe 987
Recipe 988,"Ingredient 988, Ingredient 989, Ingredient 990",Steps for Recipe 988
Recipe 989,"Ingredient 989, Ingredient 990, Ingredient 991",Steps for Recipe 989
Recipe 990,"Ingredient 990, Ingredient 991, Ingredient 992",Steps for Recipe 990
Recipe 991,"Ingredient 991, Ingredient 992, Ingredient 993",Steps for Recipe 991
Recipe 992,"Ingredient 992, Ingredient 993, Ingredient 994",Steps for Recipe 992
Recipe 993,"Ingredient 993, Ingredient 994, Ingredient 995",Steps for Recipe 993
Recipe 994,"Ingredient 994, Ingredient 995, Ingredient 996",Steps for Recipe 994
Recipe 995,"Ingredient 995, Ingredient 996, Ingredient 997",Steps for Recipe 995
Recipe 996,"Ingredient 996, Ingredient 997, Ingredient 998",Steps for Recipe 996
Recipe 997,"Ingredient 997, Ingredient 998, Ingredient 999",Steps for Recipe 997
Recipe 998,"Ingredient 998, Ingredient 999, Ingredient 1000",Steps for Recipe 998
Recipe 999,"Ingredient 999, Ingredient 1000, Ingredient 1001",Steps for Recipe 999
Recipe 1000,"Ingredient 1000, Ingredient 1001, Ingredient 1002",Steps for Recipe 1000
